name,state,latitude,longitude,population,timezone,search_name
Mumbai,Maharashtra,19.07283,72.88261,12691836,Asia/Kolkata,mumbai maharashtra
Delhi,Delhi,28.65195,77.23149,11034555,Asia/Kolkata,delhi delhi
Bengaluru,Karnataka,12.97194,77.59369,8495492,Asia/Kolkata,bengaluru karnataka
Hyderabad,Telangana,17.38405,78.45636,6993262,Asia/Kolkata,hyderabad telangana
Ahmedabad,Goa,23.02579,72.58727,6357693,Asia/Kolkata,ahmedabad goa
Chennai,Tamil Nadu,13.08784,80.27847,4681087,Asia/Kolkata,chennai tamil nadu
Kolkata,West Bengal,22.56263,88.36304,4631392,Asia/Kolkata,kolkata west bengal
Surat,Goa,21.19594,72.83023,4591246,Asia/Kolkata,surat goa
Pune,Maharashtra,18.51957,73.85535,3124458,Asia/Kolkata,pune maharashtra
Jaipur,Rajasthan,26.91962,75.78781,3046163,Asia/Kolkata,jaipur rajasthan
Kanpur,Uttar Pradesh,26.46523,80.34975,2823249,Asia/Kolkata,kanpur uttar pradesh
Navi Mumbai,Maharashtra,19.03681,73.01582,2600000,Asia/Kolkata,navi mumbai maharashtra
Lucknow,Uttar Pradesh,26.83928,80.92313,2472011,Asia/Kolkata,lucknow uttar pradesh
Nagpur,Maharashtra,21.14631,79.08491,2405665,Asia/Kolkata,nagpur maharashtra
Coimbatore,Tamil Nadu,11.00555,76.96612,2136916,Asia/Kolkata,coimbatore tamil nadu
Indore,Madhya Pradesh,22.71792,75.8333,1994397,Asia/Kolkata,indore madhya pradesh
Thāne,Maharashtra,19.19704,72.96355,1841488,Asia/Kolkata,thāne maharashtra
Vadodara,Goa,22.29941,73.20812,1822221,Asia/Kolkata,vadodara goa
Bhopal,Madhya Pradesh,23.25469,77.40289,1798218,Asia/Kolkata,bhopal madhya pradesh
Rasapūdipalem,Andhra Pradesh,17.73308,83.31622,1728128,Asia/Kolkata,rasapūdipalem andhra pradesh
Pimpri-Chinchwad,Maharashtra,18.61867,73.80375,1727692,Asia/Kolkata,pimpri-chinchwad maharashtra
Patna,Bihar,25.59408,85.13563,1684297,Asia/Kolkata,patna bihar
Kallakurichi,Tamil Nadu,11.73379,78.95925,1682687,Asia/Kolkata,kallakurichi tamil nadu
Ludhiana,Punjab,30.91204,75.85379,1618879,Asia/Kolkata,ludhiana punjab
Nashik,Maharashtra,19.99727,73.79096,1486053,Asia/Kolkata,nashik maharashtra
Madurai,Tamil Nadu,9.919,78.11953,1465625,Asia/Kolkata,madurai tamil nadu
Tirunelveli,Tamil Nadu,8.72742,77.6838,1435844,Asia/Kolkata,tirunelveli tamil nadu
Agra,Uttar Pradesh,27.18333,78.01667,1430055,Asia/Kolkata,agra uttar pradesh
Faridabad,Gujarat,28.41124,77.31316,1414050,Asia/Kolkata,faridabad gujarat
Rājkot,Goa,22.29161,70.79322,1390640,Asia/Kolkata,rājkot goa
Najafgarh,Delhi,28.60922,76.97982,1365000,Asia/Kolkata,najafgarh delhi
Jamshedpur,Unknown,22.80278,86.18545,1339438,Asia/Kolkata,jamshedpur unknown
Gorakhpur,Gujarat,29.44768,75.67206,1324570,Asia/Kolkata,gorakhpur gujarat
Pimpri,Maharashtra,18.62292,73.80696,1284606,Asia/Kolkata,pimpri maharashtra
Kalyān,Maharashtra,19.2437,73.13554,1262255,Asia/Kolkata,kalyān maharashtra
Dombivali,Maharashtra,19.21667,73.08333,1247327,Asia/Kolkata,dombivali maharashtra
Meerut,Uttar Pradesh,28.98002,77.70636,1223184,Asia/Kolkata,meerut uttar pradesh
Virār,Maharashtra,19.45591,72.81136,1222390,Asia/Kolkata,virār maharashtra
Nowrangapur,Odisha,19.23114,82.54826,1220946,Asia/Kolkata,nowrangapur odisha
Srinagar,Jammu and Kashmir,34.08565,74.80555,1206419,Asia/Kolkata,srinagar jammu and kashmir
Ghāziābād,Uttar Pradesh,28.66535,77.43915,1199191,Asia/Kolkata,ghāziābād uttar pradesh
Dhanbad,Unknown,23.79759,86.42992,1196214,Asia/Kolkata,dhanbad unknown
Aurangabad,Maharashtra,19.87757,75.34226,1175116,Asia/Kolkata,aurangabad maharashtra
Varanasi,Uttar Pradesh,25.31668,83.01041,1164404,Asia/Kolkata,varanasi uttar pradesh
Amritsar,Punjab,31.62234,74.87534,1159227,Asia/Kolkata,amritsar punjab
Vijayawada,Andhra Pradesh,16.50745,80.6466,1143232,Asia/Kolkata,vijayawada andhra pradesh
Ranchi,Unknown,23.34316,85.3094,1120374,Asia/Kolkata,ranchi unknown
Jabalpur,Madhya Pradesh,23.16697,79.95006,1081677,Asia/Kolkata,jabalpur madhya pradesh
Prayagraj,Uttar Pradesh,25.44478,81.84322,1073438,Asia/Kolkata,prayagraj uttar pradesh
Visakhapatnam,Andhra Pradesh,17.68009,83.20161,1063178,Asia/Kolkata,visakhapatnam andhra pradesh
Jodhpur,Rajasthan,26.26841,73.00594,1056191,Asia/Kolkata,jodhpur rajasthan
Gwalior,Madhya Pradesh,26.22983,78.17337,1054420,Asia/Kolkata,gwalior madhya pradesh
Teni,Tamil Nadu,10.01115,77.47772,1034724,Asia/Kolkata,teni tamil nadu
Howrah,West Bengal,22.57688,88.31857,1027672,Asia/Kolkata,howrah west bengal
Raipur,Unknown,21.23333,81.63333,1027264,Asia/Kolkata,raipur unknown
Tiruchirappalli,Tamil Nadu,10.8155,78.69651,1022518,Asia/Kolkata,tiruchirappalli tamil nadu
Kota,Rajasthan,25.18254,75.83907,1001694,Asia/Kolkata,kota rajasthan
Shivaji Nagar,Maharashtra,18.53017,73.85263,1000000,Asia/Kolkata,shivaji nagar maharashtra
Sholapur,Maharashtra,17.67152,75.91044,997281,Asia/Kolkata,sholapur maharashtra
Chandigarh,Bihar,30.73629,76.7884,970602,Asia/Kolkata,chandigarh bihar
Tiruppur,Tamil Nadu,11.11541,77.35456,963173,Asia/Kolkata,tiruppur tamil nadu
Guwahati,Arunachal Pradesh,26.1844,91.7458,962334,Asia/Kolkata,guwahati arunachal pradesh
Hubballi,Karnataka,15.34776,75.13378,943788,Asia/Kolkata,hubballi karnataka
Mysuru,Karnataka,12.29791,76.63925,920550,Asia/Kolkata,mysuru karnataka
Salem,Tamil Nadu,11.65376,78.15538,917414,Asia/Kolkata,salem tamil nadu
Gurugram,Gujarat,28.4601,77.02635,886519,Asia/Kolkata,gurugram gujarat
Bhubaneswar,Odisha,20.27241,85.83385,885363,Asia/Kolkata,bhubaneswar odisha
Bhiwandi,Maharashtra,19.30023,73.05881,874032,Asia/Kolkata,bhiwandi maharashtra
Jalandhar,Punjab,31.32556,75.57917,868929,Asia/Kolkata,jalandhar punjab
Rohini,Delhi,28.74322,77.06778,860000,Asia/Kolkata,rohini delhi
Kanayannur,Kerala,9.96667,76.26667,851406,Asia/Kolkata,kanayannur kerala
Bhayandar,Maharashtra,19.30157,72.85107,809378,Asia/Kolkata,bhayandar maharashtra
Narela,Delhi,28.85267,77.09288,800000,Asia/Kolkata,narela delhi
Thiruvananthapuram,Kerala,8.4855,76.94924,788271,Asia/Kolkata,thiruvananthapuram kerala
Alīgarh,Uttar Pradesh,27.88145,78.07464,753207,Asia/Kolkata,alīgarh uttar pradesh
Bareilly,Uttar Pradesh,28.36678,79.43167,745435,Asia/Kolkata,bareilly uttar pradesh
Morādābād,Uttar Pradesh,28.83893,78.77684,721139,Asia/Kolkata,morādābād uttar pradesh
Warangal,Telangana,18,79.58333,704570,Asia/Kolkata,warangal telangana
Dhārāvi,Maharashtra,19.05,72.86667,700000,Asia/Kolkata,dhārāvi maharashtra
Gorakhpur,Uttar Pradesh,26.76628,83.36889,674246,Asia/Kolkata,gorakhpur uttar pradesh
Guntur,Andhra Pradesh,16.29974,80.45729,670073,Asia/Kolkata,guntur andhra pradesh
Puducherry,Puducherry,11.93381,79.82979,657209,Asia/Kolkata,puducherry puducherry
Amravati,Maharashtra,20.93333,77.75,647057,Asia/Kolkata,amravati maharashtra
Bikaner,Rajasthan,28.01762,73.31495,644406,Asia/Kolkata,bikaner rajasthan
Kochi,Kerala,9.93988,76.26022,633553,Asia/Kolkata,kochi kerala
Bhilai,Unknown,21.20919,81.4285,627734,Asia/Kolkata,bhilai unknown
Cuttack,Odisha,20.46497,85.87927,610189,Asia/Kolkata,cuttack odisha
Borivli,Maharashtra,19.23496,72.85976,609617,Asia/Kolkata,borivli maharashtra
Bhavnagar,Goa,21.76287,72.15331,605882,Asia/Kolkata,bhavnagar goa
Sāngli,Maharashtra,16.85438,74.56417,601214,Asia/Kolkata,sāngli maharashtra
Jamnagar,Goa,22.47292,70.06673,600943,Asia/Kolkata,jamnagar goa
Jammu,Jammu and Kashmir,32.73528,74.86167,576198,Asia/Kolkata,jammu jammu and kashmir
Bokāro,Unknown,23.66934,86.15161,564319,Asia/Kolkata,bokāro unknown
Nanded,Maharashtra,19.16023,77.31497,550564,Asia/Kolkata,nanded maharashtra
Kozhikode,Kerala,11.24802,75.7804,550440,Asia/Kolkata,kozhikode kerala
Kolhāpur,Maharashtra,16.69563,74.23167,549236,Asia/Kolkata,kolhāpur maharashtra
Nellore,Andhra Pradesh,14.44992,79.98697,547621,Asia/Kolkata,nellore andhra pradesh
Kalaburagi,Karnataka,17.33583,76.83757,543147,Asia/Kolkata,kalaburagi karnataka
Ajmer,Rajasthan,26.4521,74.63867,542321,Asia/Kolkata,ajmer rajasthan
Dehradun,Uttarakhand,30.32443,78.03392,522081,Asia/Kolkata,dehradun uttarakhand
Erode,Tamil Nadu,11.3428,77.72741,521891,Asia/Kolkata,erode tamil nadu
Durgapur,West Bengal,23.51583,87.30801,518872,Asia/Kolkata,durgapur west bengal
Ulhasnagar,Maharashtra,19.21667,73.15,516584,Asia/Kolkata,ulhasnagar maharashtra
Loni,Uttar Pradesh,28.75143,77.29023,516082,Asia/Kolkata,loni uttar pradesh
Siliguri,West Bengal,26.71004,88.42851,515574,Asia/Kolkata,siliguri west bengal
Ujjain,Madhya Pradesh,23.18239,75.77643,515215,Asia/Kolkata,ujjain madhya pradesh
Bilimora,Goa,20.76957,72.96134,510879,Asia/Kolkata,bilimora goa
Karol Bāgh,Delhi,28.65136,77.19072,505241,Asia/Kolkata,karol bāgh delhi
Āsansol,West Bengal,23.68333,86.98333,504271,Asia/Kolkata,āsansol west bengal
Mangaluru,Karnataka,12.91723,74.85603,499487,Asia/Kolkata,mangaluru karnataka
Belagavi,Karnataka,15.85212,74.50447,490045,Asia/Kolkata,belagavi karnataka
Sahāranpur,Uttar Pradesh,29.9679,77.54522,484873,Asia/Kolkata,sahāranpur uttar pradesh
Vellore,Tamil Nadu,12.9184,79.13255,484690,Asia/Kolkata,vellore tamil nadu
Bhātpāra,West Bengal,22.86643,88.40113,483129,Asia/Kolkata,bhātpāra west bengal
Malegaon,Maharashtra,20.54966,74.53462,481228,Asia/Kolkata,malegaon maharashtra
Gaya,Bihar,24.79686,85.00385,474093,Asia/Kolkata,gaya bihar
Ambattur,Tamil Nadu,13.09818,80.16152,466205,Asia/Kolkata,ambattur tamil nadu
Jalgaon,Maharashtra,21.00292,75.56602,460228,Asia/Kolkata,jalgaon maharashtra
Kurnool,Andhra Pradesh,15.82887,78.03602,460184,Asia/Kolkata,kurnool andhra pradesh
Rāmgundam,Telangana,18.80084,79.45206,452261,Asia/Kolkata,rāmgundam telangana
Udaipur,Rajasthan,24.58584,73.71346,451100,Asia/Kolkata,udaipur rajasthan
Maheshtala,West Bengal,22.50862,88.25322,448317,Asia/Kolkata,maheshtala west bengal
Patiāla,Punjab,30.33625,76.3922,446246,Asia/Kolkata,patiāla punjab
Shyamnagar,West Bengal,22.83333,88.36667,441956,Asia/Kolkata,shyamnagar west bengal
Davangere,Karnataka,14.46693,75.92694,435128,Asia/Kolkata,davangere karnataka
Akola,Maharashtra,20.70957,76.9981,428857,Asia/Kolkata,akola maharashtra
Rajpur Sonarpur,West Bengal,22.4382,88.43205,424368,Asia/Kolkata,rajpur sonarpur west bengal
Korba,Unknown,22.3458,82.69633,419146,Asia/Kolkata,korba unknown
Jhānsi,Uttar Pradesh,25.45887,78.57994,412927,Asia/Kolkata,jhānsi uttar pradesh
Thoothukudi,Tamil Nadu,8.76735,78.13425,410760,Asia/Kolkata,thoothukudi tamil nadu
Ballari,Karnataka,15.14205,76.92398,410445,Asia/Kolkata,ballari karnataka
Bhāgalpur,Bihar,25.24446,86.97183,400146,Asia/Kolkata,bhāgalpur bihar
Agartala,Tripura,23.83605,91.27939,400004,Asia/Kolkata,agartala tripura
Kākināda,Andhra Pradesh,16.96036,82.23809,384182,Asia/Kolkata,kākināda andhra pradesh
Latur,Maharashtra,18.39721,76.56784,382940,Asia/Kolkata,latur maharashtra
Pānihāti,West Bengal,22.69089,88.37404,378705,Asia/Kolkata,pānihāti west bengal
Rajamahendravaram,Andhra Pradesh,17.00517,81.77784,376333,Asia/Kolkata,rajamahendravaram andhra pradesh
Dhule,Maharashtra,20.9013,74.77737,375559,Asia/Kolkata,dhule maharashtra
Rohtak,Gujarat,28.89447,76.58917,374292,Asia/Kolkata,rohtak gujarat
Ahilyanagar,Maharashtra,19.09457,74.73843,367140,Asia/Kolkata,ahilyanagar maharashtra
Kollam,Kerala,8.88113,76.58469,367107,Asia/Kolkata,kollam kerala
Bilāspur,Unknown,22.08005,82.15543,365579,Asia/Kolkata,bilāspur unknown
Bhilwara,Rajasthan,25.34707,74.64081,359483,Asia/Kolkata,bhilwara rajasthan
Brahmapur,Odisha,19.31151,84.7929,356598,Asia/Kolkata,brahmapur odisha
Muzaffarpur,Bihar,26.12259,85.39055,354462,Asia/Kolkata,muzaffarpur bihar
Punāsa,Madhya Pradesh,22.23507,76.39335,350000,Asia/Kolkata,punāsa madhya pradesh
Muzaffarnagar,Uttar Pradesh,29.47091,77.70332,349706,Asia/Kolkata,muzaffarnagar uttar pradesh
Avadi,Tamil Nadu,13.1147,80.10981,345996,Asia/Kolkata,avadi tamil nadu
Kadapa,Andhra Pradesh,14.47995,78.82346,344893,Asia/Kolkata,kadapa andhra pradesh
Kukatpally,Telangana,17.48486,78.41376,341709,Asia/Kolkata,kukatpally telangana
Kāmārhāti,West Bengal,22.67111,88.37472,332965,Asia/Kolkata,kāmārhāti west bengal
Mathura,Uttar Pradesh,27.5035,77.67215,330511,Asia/Kolkata,mathura uttar pradesh
Chānda,Maharashtra,19.95076,79.29523,328351,Asia/Kolkata,chānda maharashtra
Vijayapura,Karnataka,16.82442,75.71537,327427,Asia/Kolkata,vijayapura karnataka
Shivamogga,Karnataka,13.93157,75.56791,322650,Asia/Kolkata,shivamogga karnataka
Alwar,Rajasthan,27.56246,76.625,322568,Asia/Kolkata,alwar rajasthan
Shāhjānpur,Uttar Pradesh,27.88165,79.90918,320434,Asia/Kolkata,shāhjānpur uttar pradesh
Jūnāgadh,Goa,21.51966,70.45981,319462,Asia/Kolkata,jūnāgadh goa
New Delhi,Delhi,28.62137,77.2148,317797,Asia/Kolkata,new delhi delhi
Thrissur,Kerala,10.51667,76.21667,315957,Asia/Kolkata,thrissur kerala
Nizāmābād,Telangana,18.67154,78.0988,311152,Asia/Kolkata,nizāmābād telangana
Tumkūr,Karnataka,13.34136,77.1022,307359,Asia/Kolkata,tumkūr karnataka
Parbhani,Maharashtra,19.26855,76.77081,307170,Asia/Kolkata,parbhani maharashtra
Hisar,Gujarat,29.15394,75.72294,307024,Asia/Kolkata,hisar gujarat
Fīrozābād,Uttar Pradesh,27.15092,78.39781,306409,Asia/Kolkata,fīrozābād uttar pradesh
Kulti,West Bengal,23.73166,86.84372,305405,Asia/Kolkata,kulti west bengal
Karnāl,Gujarat,29.69197,76.98448,302140,Asia/Kolkata,karnāl gujarat
Barddhamān,West Bengal,23.25572,87.85691,301725,Asia/Kolkata,barddhamān west bengal
Gundupālaiyam,Puducherry,11.94096,79.80294,300104,Asia/Kolkata,gundupālaiyam puducherry
Bārāsat,West Bengal,22.72154,88.48198,298127,Asia/Kolkata,bārāsat west bengal
Mulugu,Telangana,18.191,79.943,297671,Asia/Kolkata,mulugu telangana
Bihār Sharīf,Bihar,25.20084,85.52389,297268,Asia/Kolkata,bihār sharīf bihar
Bāli,West Bengal,22.64859,88.34115,296973,Asia/Kolkata,bāli west bengal
Rāmpur,Uttar Pradesh,28.81014,79.02699,296418,Asia/Kolkata,rāmpur uttar pradesh
Darbhanga,Bihar,26.15216,85.89707,296039,Asia/Kolkata,darbhanga bihar
Panipat,Gujarat,29.38747,76.96825,295970,Asia/Kolkata,panipat gujarat
Tirupati,Andhra Pradesh,13.63551,79.41989,295323,Asia/Kolkata,tirupati andhra pradesh
Greater Noida,Uttar Pradesh,28.49615,77.53601,293908,Asia/Kolkata,greater noida uttar pradesh
Noida,Uttar Pradesh,28.58,77.33,293908,Asia/Kolkata,noida uttar pradesh
Aizawl,Mizoram,23.72894,92.71791,293416,Asia/Kolkata,aizawl mizoram
Gandhinagar,Goa,23.21667,72.68333,292797,Asia/Kolkata,gandhinagar goa
Dindigul,Tamil Nadu,10.36896,77.98036,292512,Asia/Kolkata,dindigul tamil nadu
Thanjavur,Tamil Nadu,10.78523,79.13909,291067,Asia/Kolkata,thanjavur tamil nadu
Karīmnagar,Telangana,18.43915,79.12856,289821,Asia/Kolkata,karīmnagar telangana
Dewas,Madhya Pradesh,22.96585,76.05526,289550,Asia/Kolkata,dewas madhya pradesh
Sonīpat,Gujarat,28.99478,77.01937,289333,Asia/Kolkata,sonīpat gujarat
Ichalkaranji,Maharashtra,16.69117,74.46054,287353,Asia/Kolkata,ichalkaranji maharashtra
Bathinda,Punjab,30.20747,74.93893,285788,Asia/Kolkata,bathinda punjab
Jālna,Maharashtra,19.84102,75.88636,285577,Asia/Kolkata,jālna maharashtra
Kirāri Sulemānnagar,Delhi,28.69736,77.0648,283211,Asia/Kolkata,kirāri sulemānnagar delhi
Satna,Madhya Pradesh,24.57726,80.82719,282977,Asia/Kolkata,satna madhya pradesh
Purnia,Bihar,25.77895,87.47422,282248,Asia/Kolkata,purnia bihar
Imphal,Manipur,24.80805,93.9442,277196,Asia/Kolkata,imphal manipur
Saugor,Madhya Pradesh,23.83877,78.73874,274556,Asia/Kolkata,saugor madhya pradesh
Kushinagar,Uttar Pradesh,26.74134,83.88689,274403,Asia/Kolkata,kushinagar uttar pradesh
Rourkela,Odisha,22.22496,84.86414,273317,Asia/Kolkata,rourkela odisha
Durg,Unknown,21.19147,81.27619,268806,Asia/Kolkata,durg unknown
Anantapur,Andhra Pradesh,14.67784,77.60813,267161,Asia/Kolkata,anantapur andhra pradesh
Ratlām,Madhya Pradesh,23.33033,75.04032,264914,Asia/Kolkata,ratlām madhya pradesh
Rānipet,Tamil Nadu,12.92471,79.33331,264330,Asia/Kolkata,rānipet tamil nadu
Lal Bahadur Nagar,Telangana,17.34769,78.55757,261987,Asia/Kolkata,lal bahadur nagar telangana
Arrah,Bihar,25.55629,84.66335,261430,Asia/Kolkata,arrah bihar
Baranagar,West Bengal,22.64132,88.37727,260072,Asia/Kolkata,baranagar west bengal
Gajuwaka,Andhra Pradesh,17.7,83.21667,258944,Asia/Kolkata,gajuwaka andhra pradesh
Etāwah,Uttar Pradesh,26.77615,79.02133,257448,Asia/Kolkata,etāwah uttar pradesh
Ambarnath,Maharashtra,19.2,73.16667,253475,Asia/Kolkata,ambarnath maharashtra
Naihāti,West Bengal,22.89396,88.41521,253221,Asia/Kolkata,naihāti west bengal
Bharatpur,Rajasthan,27.21731,77.49009,252838,Asia/Kolkata,bharatpur rajasthan
Begusarai,Bihar,25.41853,86.13389,252008,Asia/Kolkata,begusarai bihar
Tiruvottiyūr,Tamil Nadu,13.15823,80.30181,249446,Asia/Kolkata,tiruvottiyūr tamil nadu
Gāndhīdhām,Goa,23.08333,70.13333,247992,Asia/Kolkata,gāndhīdhām goa
Mau,Uttar Pradesh,25.94167,83.56111,246050,Asia/Kolkata,mau uttar pradesh
Sīkar,Rajasthan,27.61206,75.13996,244497,Asia/Kolkata,sīkar rajasthan
Ramagundam,Telangana,18.755,79.474,242979,Asia/Kolkata,ramagundam telangana
Hāpur,Uttar Pradesh,28.72985,77.78068,242920,Asia/Kolkata,hāpur uttar pradesh
Farrukhābād,Uttar Pradesh,27.39134,79.5793,241152,Asia/Kolkata,farrukhābād uttar pradesh
Alappuzha,Kerala,9.49004,76.3264,240991,Asia/Kolkata,alappuzha kerala
Katihar,Bihar,25.53852,87.57044,240838,Asia/Kolkata,katihar bihar
Sri Ganganagar,Rajasthan,29.92009,73.87496,237780,Asia/Kolkata,sri ganganagar rajasthan
Rewa,Madhya Pradesh,24.53256,81.29234,235654,Asia/Kolkata,rewa madhya pradesh
Uluberiya,West Bengal,22.4756,88.09898,235345,Asia/Kolkata,uluberiya west bengal
Sivakasi,Tamil Nadu,9.44999,77.79797,234704,Asia/Kolkata,sivakasi tamil nadu
Karur,Tamil Nadu,10.95771,78.08095,234191,Asia/Kolkata,karur tamil nadu
Rāichūr,Karnataka,16.20546,77.35567,234073,Asia/Kolkata,rāichūr karnataka
Pallāvaram,Tamil Nadu,12.96796,80.15025,233984,Asia/Kolkata,pallāvaram tamil nadu
Ooty,Tamil Nadu,11.4134,76.69521,233426,Asia/Kolkata,ooty tamil nadu
Pāli,Rajasthan,25.77276,73.32335,230075,Asia/Kolkata,pāli rajasthan
Hosūr,Tamil Nadu,12.73647,77.83264,229528,Asia/Kolkata,hosūr tamil nadu
Vizianagaram,Andhra Pradesh,18.11692,83.41148,228720,Asia/Kolkata,vizianagaram andhra pradesh
Shrīrāmpur,West Bengal,22.75278,88.34222,226317,Asia/Kolkata,shrīrāmpur west bengal
Quthbullapur,Telangana,17.50107,78.45818,225816,Asia/Kolkata,quthbullapur telangana
Nadiād,Goa,22.69385,72.86157,225071,Asia/Kolkata,nadiād goa
Nāgercoil,Tamil Nadu,8.17899,77.43227,224849,Asia/Kolkata,nāgercoil tamil nadu
Karāwalnagar,Delhi,28.72712,77.27047,224281,Asia/Kolkata,karāwalnagar delhi
Mango,Unknown,22.8275,86.21639,223805,Asia/Kolkata,mango unknown
Murwāra,Madhya Pradesh,23.83776,80.39405,221883,Asia/Kolkata,murwāra madhya pradesh
Kanchipuram,Tamil Nadu,12.83515,79.70006,221715,Asia/Kolkata,kanchipuram tamil nadu
Singrauli,Madhya Pradesh,24.19973,82.67535,220257,Asia/Kolkata,singrauli madhya pradesh
Mirzāpur,Uttar Pradesh,25.1449,82.56534,220029,Asia/Kolkata,mirzāpur uttar pradesh
Kharagpur,West Bengal,22.33971,87.32501,219665,Asia/Kolkata,kharagpur west bengal
Eluru,Andhra Pradesh,16.71311,81.10437,218020,Asia/Kolkata,eluru andhra pradesh
Rāniganj,Telangana,17.42841,78.49361,217910,Asia/Kolkata,rāniganj telangana
Yamuna Nagar,Gujarat,30.12796,77.28371,217071,Asia/Kolkata,yamuna nagar gujarat
Raurkela Industrial Township,Odisha,22.19994,84.86176,216410,Asia/Kolkata,raurkela industrial township odisha
Bidar,Karnataka,17.90802,77.51524,216020,Asia/Kolkata,bidar karnataka
Munger,Bihar,25.37459,86.47455,213303,Asia/Kolkata,munger bihar
Nandyāl,Andhra Pradesh,15.47799,78.4836,211424,Asia/Kolkata,nandyāl andhra pradesh
Panchkula,Gujarat,30.69461,76.8504,211355,Asia/Kolkata,panchkula gujarat
Burhānpur,Madhya Pradesh,21.30868,76.23026,210886,Asia/Kolkata,burhānpur madhya pradesh
Morvi,Goa,22.81731,70.8377,210451,Asia/Kolkata,morvi goa
Anand,Goa,22.55251,72.9552,209410,Asia/Kolkata,anand goa
Ongole,Andhra Pradesh,15.50357,80.04454,208344,Asia/Kolkata,ongole andhra pradesh
Hosapete,Karnataka,15.26954,76.3871,206167,Asia/Kolkata,hosapete karnataka
Nāngloi Jāt,Delhi,28.67957,77.06799,205596,Asia/Kolkata,nāngloi jāt delhi
Secunderabad,Telangana,17.50427,78.54263,204182,Asia/Kolkata,secunderabad telangana
Deoghar,Unknown,24.48983,86.69902,203123,Asia/Kolkata,deoghar unknown
Chāpra,Bihar,25.78031,84.74709,202352,Asia/Kolkata,chāpra bihar
Khandwa,Madhya Pradesh,21.82427,76.35086,200738,Asia/Kolkata,khandwa madhya pradesh
Puri,Odisha,19.79825,85.82494,200564,Asia/Kolkata,puri odisha
Morena,Madhya Pradesh,26.49892,77.99534,200482,Asia/Kolkata,morena madhya pradesh
Gyānpur,Uttar Pradesh,25.33268,82.46637,200000,Asia/Kolkata,gyānpur uttar pradesh
Bulandshahr,Uttar Pradesh,28.40392,77.85773,198612,Asia/Kolkata,bulandshahr uttar pradesh
Bhind,Madhya Pradesh,26.56671,78.78728,197585,Asia/Kolkata,bhind madhya pradesh
Bhālswa Jahangirpur,Delhi,28.73558,77.16682,197148,Asia/Kolkata,bhālswa jahangirpur delhi
Khammam,Telangana,17.24767,80.14368,196283,Asia/Kolkata,khammam telangana
Sambhal,Uttar Pradesh,28.58498,78.56959,196109,Asia/Kolkata,sambhal uttar pradesh
Bhiwāni,Gujarat,28.79304,76.13968,196057,Asia/Kolkata,bhiwāni gujarat
Panvel,Maharashtra,18.98878,73.11013,195373,Asia/Kolkata,panvel maharashtra
Ambāla,Gujarat,30.36099,76.79782,195153,Asia/Kolkata,ambāla gujarat
Kumarapalayam,Tamil Nadu,11.44495,77.71102,195071,Asia/Kolkata,kumarapalayam tamil nadu
Machilīpatnam,Andhra Pradesh,16.18747,81.13888,192827,Asia/Kolkata,machilīpatnam andhra pradesh
Mahesāna,Goa,23.59864,72.38472,190753,Asia/Kolkata,mahesāna goa
Mahbūbnagar,Telangana,16.74385,77.98597,190400,Asia/Kolkata,mahbūbnagar telangana
Sambalpur,Odisha,21.46527,83.97573,189366,Asia/Kolkata,sambalpur odisha
Bhusawal,Maharashtra,21.04365,75.78506,187421,Asia/Kolkata,bhusawal maharashtra
Raebareli,Uttar Pradesh,26.2309,81.23315,186433,Asia/Kolkata,raebareli uttar pradesh
Haridwar,Uttarakhand,29.94791,78.16025,186079,Asia/Kolkata,haridwar uttarakhand
Phusro,Unknown,23.75644,86.0051,185555,Asia/Kolkata,phusro unknown
Adoni,Andhra Pradesh,15.62788,77.27495,184625,Asia/Kolkata,adoni andhra pradesh
Sūjāngarh,Rajasthan,27.7,74.46667,183808,Asia/Kolkata,sūjāngarh rajasthan
Sirsa,Gujarat,29.53489,75.02898,182534,Asia/Kolkata,sirsa gujarat
Dinapur Nizamat,Bihar,25.63847,85.05118,182429,Asia/Kolkata,dinapur nizamat bihar
Bahraigh,Uttar Pradesh,27.57429,81.59474,182218,Asia/Kolkata,bahraigh uttar pradesh
Kāraikkudi,Tamil Nadu,10.06615,78.76784,181851,Asia/Kolkata,kāraikkudi tamil nadu
Sultan Pur Majra,Delhi,28.68966,77.07648,181554,Asia/Kolkata,sultan pur majra delhi
Guna,Madhya Pradesh,24.64691,77.3113,180935,Asia/Kolkata,guna madhya pradesh
Chandannagar,West Bengal,22.86225,88.36796,180623,Asia/Kolkata,chandannagar west bengal
Baharampur,West Bengal,24.10473,88.25155,180547,Asia/Kolkata,baharampur west bengal
Shahuwadi,Maharashtra,16.90993,73.94654,180322,Asia/Kolkata,shahuwadi maharashtra
Madanapalle,Andhra Pradesh,13.5503,78.50288,180180,Asia/Kolkata,madanapalle andhra pradesh
Shivpuri,Madhya Pradesh,25.42378,77.66223,179977,Asia/Kolkata,shivpuri madhya pradesh
Surendranagar,Goa,22.72706,71.64856,179628,Asia/Kolkata,surendranagar goa
Neyveli,Tamil Nadu,11.60877,79.4994,179150,Asia/Kolkata,neyveli tamil nadu
Silchar,Arunachal Pradesh,24.82733,92.79787,178865,Asia/Kolkata,silchar arunachal pradesh
Proddatūr,Andhra Pradesh,14.7502,78.54813,177797,Asia/Kolkata,proddatūr andhra pradesh
Hugli,West Bengal,22.90877,88.39674,177005,Asia/Kolkata,hugli west bengal
Hashtsāl,Delhi,28.63406,77.05771,176877,Asia/Kolkata,hashtsāl delhi
Amroha,Uttar Pradesh,28.90314,78.46984,176253,Asia/Kolkata,amroha uttar pradesh
Chhindwāra,Madhya Pradesh,22.05697,78.93958,175052,Asia/Kolkata,chhindwāra madhya pradesh
Tambaram,Tamil Nadu,12.9246,80.12707,174787,Asia/Kolkata,tambaram tamil nadu
Bhetia,Unknown,22.79321,86.14098,174355,Asia/Kolkata,bhetia unknown
Pathānkot,Punjab,32.27484,75.65287,174306,Asia/Kolkata,pathānkot punjab
Badlapur,Maharashtra,19.15516,73.26553,174226,Asia/Kolkata,badlapur maharashtra
Cuddalore,Tamil Nadu,11.75617,79.76693,173636,Asia/Kolkata,cuddalore tamil nadu
Shimla,Haryana,31.10442,77.16662,173503,Asia/Kolkata,shimla haryana
Gadag-Betageri,Karnataka,15.4167,75.6167,172813,Asia/Kolkata,gadag-betageri karnataka
Gadag,Karnataka,15.42977,75.62971,172612,Asia/Kolkata,gadag karnataka
Verāval,Goa,20.9077,70.36786,171121,Asia/Kolkata,verāval goa
Navsari,Goa,20.94237,72.92467,171109,Asia/Kolkata,navsari goa
Bahadurgarh,Gujarat,28.69287,76.93555,170767,Asia/Kolkata,bahadurgarh gujarat
Haldia,West Bengal,22.06046,88.10975,170695,Asia/Kolkata,haldia west bengal
Rāiganj,West Bengal,25.61281,88.12449,170252,Asia/Kolkata,rāiganj west bengal
Malda,West Bengal,25.00447,88.14573,170039,Asia/Kolkata,malda west bengal
Jaunpur,Uttar Pradesh,25.75356,82.68689,169572,Asia/Kolkata,jaunpur uttar pradesh
Deoli,Delhi,28.50254,77.23117,169122,Asia/Kolkata,deoli delhi
Bharūch,Goa,21.69482,72.9805,169007,Asia/Kolkata,bharūch goa
Hoshiārpur,Punjab,31.53723,75.91269,168653,Asia/Kolkata,hoshiārpur punjab
Jīnd,Gujarat,29.31577,76.31502,167592,Asia/Kolkata,jīnd gujarat
Kumbakonam,Tamil Nadu,10.96209,79.39124,167155,Asia/Kolkata,kumbakonam tamil nadu
Mohali,Punjab,30.67995,76.72211,166864,Asia/Kolkata,mohali punjab
Fatehpur,Uttar Pradesh,25.92774,80.81266,166480,Asia/Kolkata,fatehpur uttar pradesh
Tonk,Rajasthan,26.16638,75.78824,165294,Asia/Kolkata,tonk rajasthan
Udupi,Karnataka,13.33467,74.74617,165000,Asia/Kolkata,udupi karnataka
Thenali,Andhra Pradesh,16.24253,80.63982,164937,Asia/Kolkata,thenali andhra pradesh
Sītāpur,Uttar Pradesh,27.56192,80.68265,164435,Asia/Kolkata,sītāpur uttar pradesh
Alandur,Tamil Nadu,13.0025,80.20611,164430,Asia/Kolkata,alandur tamil nadu
Bhadrāvati,Karnataka,13.84846,75.70502,163903,Asia/Kolkata,bhadrāvati karnataka
Vapi,Goa,20.37175,72.90493,163630,Asia/Kolkata,vapi goa
Moga,Punjab,30.81383,75.16878,163397,Asia/Kolkata,moga punjab
Rāj-Nāndgaon,Unknown,21.09687,81.0289,163114,Asia/Kolkata,rāj-nāndgaon unknown
Robertsonpet,Karnataka,12.95629,78.27539,162230,Asia/Kolkata,robertsonpet karnataka
Unnāo,Uttar Pradesh,26.54706,80.48781,161671,Asia/Kolkata,unnāo uttar pradesh
Budaun,Uttar Pradesh,28.03811,79.12668,161555,Asia/Kolkata,budaun uttar pradesh
Madhyamgram,West Bengal,22.68944,88.44594,161126,Asia/Kolkata,madhyamgram west bengal
Chittoor,Andhra Pradesh,13.21055,79.0956,160722,Asia/Kolkata,chittoor andhra pradesh
Jāmuria,West Bengal,23.70468,87.07872,160242,Asia/Kolkata,jāmuria west bengal
Jaigaon,West Bengal,26.84766,89.37558,158664,Asia/Kolkata,jaigaon west bengal
Batāla,Punjab,31.80921,75.20294,158621,Asia/Kolkata,batāla punjab
Orai,Uttar Pradesh,25.99023,79.45334,158265,Asia/Kolkata,orai uttar pradesh
Saharsa,Bihar,25.87498,86.59611,156540,Asia/Kolkata,saharsa bihar
Vidisha,Madhya Pradesh,23.52604,77.81092,155951,Asia/Kolkata,vidisha madhya pradesh
Hanumāngarh,Rajasthan,29.58182,74.32938,155687,Asia/Kolkata,hanumāngarh rajasthan
Thānesar,Gujarat,29.97323,76.83214,155152,Asia/Kolkata,thānesar gujarat
Hassan,Karnataka,13.00715,76.0962,155006,Asia/Kolkata,hassan karnataka
Kishangarh,Rajasthan,26.59006,74.85397,154886,Asia/Kolkata,kishangarh rajasthan
Dalūpura,Delhi,28.6057,77.31901,154791,Asia/Kolkata,dalūpura delhi
Rudrapur,Uttarakhand,28.98,79.4,154554,Asia/Kolkata,rudrapur uttarakhand
Nalgonda,Telangana,17.05439,79.26707,154326,Asia/Kolkata,nalgonda telangana
Hazāribāgh,Unknown,23.99241,85.36162,153595,Asia/Kolkata,hazāribāgh unknown
Medinīpur,West Bengal,22.42114,87.32257,153349,Asia/Kolkata,medinīpur west bengal
Bālurghāt,West Bengal,25.22099,88.77732,153279,Asia/Kolkata,bālurghāt west bengal
Fyzābād,Uttar Pradesh,26.77549,82.15018,153047,Asia/Kolkata,fyzābād uttar pradesh
Dinapore,Bihar,25.63705,85.04794,152940,Asia/Kolkata,dinapore bihar
Porbandar,Goa,21.64219,69.60929,152760,Asia/Kolkata,porbandar goa
Bānda,Uttar Pradesh,25.47758,80.33491,152218,Asia/Kolkata,bānda uttar pradesh
Hindupur,Andhra Pradesh,13.82807,77.49143,151677,Asia/Kolkata,hindupur andhra pradesh
Beāwar,Rajasthan,26.10119,74.32028,151152,Asia/Kolkata,beāwar rajasthan
Anantnag,Jammu and Kashmir,33.73068,75.15418,150592,Asia/Kolkata,anantnag jammu and kashmir
Serilingampalle,Telangana,17.49313,78.30196,150525,Asia/Kolkata,serilingampalle telangana
Raigarh,Unknown,21.89764,83.3966,150019,Asia/Kolkata,raigarh unknown
Malkajgiri,Telangana,17.44781,78.52633,150000,Asia/Kolkata,malkajgiri telangana
Shāntipur,West Bengal,23.24723,88.43302,149983,Asia/Kolkata,shāntipur west bengal
Bhuj,Goa,23.25397,69.66928,148834,Asia/Kolkata,bhuj goa
Bārākpur,West Bengal,22.76602,88.36336,148174,Asia/Kolkata,bārākpur west bengal
Hājīpur,Bihar,25.68544,85.20981,147688,Asia/Kolkata,hājīpur bihar
Sasarām,Bihar,24.94942,84.01645,147408,Asia/Kolkata,sasarām bihar
Bhimavaram,Andhra Pradesh,16.54078,81.52322,146961,Asia/Kolkata,bhimavaram andhra pradesh
Beed,Maharashtra,18.98921,75.75634,146709,Asia/Kolkata,beed maharashtra
Burāri,Delhi,28.7557,77.19941,146190,Asia/Kolkata,burāri delhi
Krishnanagar,West Bengal,23.40576,88.49073,145926,Asia/Kolkata,krishnanagar west bengal
Chitradurga,Karnataka,14.22262,76.40038,145853,Asia/Kolkata,chitradurga karnataka
Dibrugarh,Arunachal Pradesh,27.47989,94.90837,145488,Asia/Kolkata,dibrugarh arunachal pradesh
Abohar,Punjab,30.14453,74.19552,145302,Asia/Kolkata,abohar punjab
Tiruvannamalai,Tamil Nadu,12.22662,79.07461,145278,Asia/Kolkata,tiruvannamalai tamil nadu
Kaithal,Gujarat,29.80153,76.39959,144915,Asia/Kolkata,kaithal gujarat
Balasore,Odisha,21.49266,86.93348,144373,Asia/Kolkata,balasore odisha
Godhra,Goa,22.77547,73.61488,143644,Asia/Kolkata,godhra goa
Shillong,Meghalaya,25.56892,91.88313,143229,Asia/Kolkata,shillong meghalaya
Rewāri,Gujarat,28.199,76.6183,143021,Asia/Kolkata,rewāri gujarat
Basirhat City,West Bengal,22.66142,88.85477,143007,Asia/Kolkata,basirhat city west bengal
Chhatarpur,Madhya Pradesh,24.9177,79.58871,142128,Asia/Kolkata,chhatarpur madhya pradesh
Mandsaur,Madhya Pradesh,24.07184,75.06986,141667,Asia/Kolkata,mandsaur madhya pradesh
Chas,Unknown,23.63556,86.16712,141640,Asia/Kolkata,chas unknown
Pālanpur,Goa,24.17128,72.43827,141592,Asia/Kolkata,pālanpur goa
Lakhīmpur,Uttar Pradesh,27.94822,80.77935,140223,Asia/Kolkata,lakhīmpur uttar pradesh
Valsād,Goa,20.61013,72.93428,139764,Asia/Kolkata,valsād goa
Damoh,Madhya Pradesh,23.83312,79.4419,139561,Asia/Kolkata,damoh madhya pradesh
Haldwani,Uttarakhand,29.22254,79.5286,139497,Asia/Kolkata,haldwani uttarakhand
Hābra,West Bengal,22.84202,88.65606,139297,Asia/Kolkata,hābra west bengal
Kolār,Karnataka,13.13768,78.12999,138462,Asia/Kolkata,kolār karnataka
Srikakulam,Andhra Pradesh,18.2989,83.89751,137944,Asia/Kolkata,srikakulam andhra pradesh
Mandya,Karnataka,12.5223,76.89746,137358,Asia/Kolkata,mandya karnataka
Madhurampur Dehri,Bihar,24.96899,84.1964,137231,Asia/Kolkata,madhurampur dehri bihar
Kānchrāpāra,West Bengal,22.95998,88.42849,136954,Asia/Kolkata,kānchrāpāra west bengal
Dimāpur,Nagaland,25.91174,93.7217,135860,Asia/Kolkata,dimāpur nagaland
Māler Kotla,Punjab,30.5309,75.87949,135424,Asia/Kolkata,māler kotla punjab
Siwān,Bihar,26.22096,84.35609,135066,Asia/Kolkata,siwān bihar
Kalol,Goa,23.24656,72.49508,134426,Asia/Kolkata,kalol goa
Bānkura,West Bengal,23.23241,87.0716,133966,Asia/Kolkata,bānkura west bengal
Pātan,Goa,23.8507,72.12963,133737,Asia/Kolkata,pātan goa
Gondā City,Uttar Pradesh,27.13181,81.95332,133583,Asia/Kolkata,gondā city uttar pradesh
Dhaulpur,Rajasthan,26.69286,77.87968,133075,Asia/Kolkata,dhaulpur rajasthan
Gondiā,Maharashtra,21.46026,80.19205,132813,Asia/Kolkata,gondiā maharashtra
Palakkad,Kerala,10.77319,76.65366,132728,Asia/Kolkata,palakkad kerala
Bettiah,Bihar,26.80229,84.50311,132209,Asia/Kolkata,bettiah bihar
Palwal,Gujarat,28.14469,77.32546,131926,Asia/Kolkata,palwal gujarat
Rānīganj,West Bengal,23.6164,87.13061,131261,Asia/Kolkata,rānīganj west bengal
Etah,Uttar Pradesh,27.55879,78.65692,131023,Asia/Kolkata,etah uttar pradesh
Pīlibhīt,Uttar Pradesh,28.63124,79.80436,131008,Asia/Kolkata,pīlibhīt uttar pradesh
Rajapalayam,Tamil Nadu,9.45296,77.55335,130442,Asia/Kolkata,rajapalayam tamil nadu
Botad,Goa,22.16917,71.66671,130327,Asia/Kolkata,botad goa
Deoria,Uttar Pradesh,26.50167,83.77936,129570,Asia/Kolkata,deoria uttar pradesh
Nimach,Rajasthan,24.45949,74.86625,128561,Asia/Kolkata,nimach rajasthan
Khardah,West Bengal,22.71861,88.37806,128346,Asia/Kolkata,khardah west bengal
Yavatmāl,Maharashtra,20.39324,78.13201,128175,Asia/Kolkata,yavatmāl maharashtra
Hālīsahar,West Bengal,22.93218,88.41859,128172,Asia/Kolkata,hālīsahar west bengal
Khanna,Punjab,30.70547,76.22196,128137,Asia/Kolkata,khanna punjab
Titāgarh,West Bengal,22.74252,88.37326,127751,Asia/Kolkata,titāgarh west bengal
Mustafābād,Delhi,28.71974,77.26781,127167,Asia/Kolkata,mustafābād delhi
Hāthras,Uttar Pradesh,27.59551,78.05201,126882,Asia/Kolkata,hāthras uttar pradesh
Jorhat,Arunachal Pradesh,26.75751,94.20306,126736,Asia/Kolkata,jorhat arunachal pradesh
Lalitpur,Uttar Pradesh,24.69007,78.41915,126475,Asia/Kolkata,lalitpur uttar pradesh
Guntakal,Andhra Pradesh,15.17112,77.36244,126270,Asia/Kolkata,guntakal andhra pradesh
Pithampur,Madhya Pradesh,22.60197,75.69649,126200,Asia/Kolkata,pithampur madhya pradesh
Mothīhāri,Bihar,26.64862,84.91656,126158,Asia/Kolkata,mothīhāri bihar
Kanhangad,Kerala,12.30814,75.10632,125564,Asia/Kolkata,kanhangad kerala
Jagdalpur,Unknown,19.08136,82.02131,125463,Asia/Kolkata,jagdalpur unknown
Jagādhri,Gujarat,30.16719,77.30367,124894,Asia/Kolkata,jagādhri gujarat
Dārjiling,West Bengal,27.03333,88.26667,123797,Asia/Kolkata,dārjiling west bengal
Kurichchi,Tamil Nadu,10.96085,76.97379,123667,Asia/Kolkata,kurichchi tamil nadu
Dam Dam,West Bengal,22.63341,88.42286,122719,Asia/Kolkata,dam dam west bengal
Hardoī,Uttar Pradesh,27.39491,80.13165,122635,Asia/Kolkata,hardoī uttar pradesh
Puruliya,West Bengal,23.33062,86.36303,122533,Asia/Kolkata,puruliya west bengal
Dharmavaram,Andhra Pradesh,14.41435,77.72035,121874,Asia/Kolkata,dharmavaram andhra pradesh
Gokalpur,Delhi,28.7029,77.28961,121870,Asia/Kolkata,gokalpur delhi
Bhadreswar,West Bengal,22.82449,88.33841,121662,Asia/Kolkata,bhadreswar west bengal
Nagaon,Arunachal Pradesh,26.35,92.66667,121628,Asia/Kolkata,nagaon arunachal pradesh
Vejalpur,Goa,22.69021,73.56299,121610,Asia/Kolkata,vejalpur goa
Chikmagalūr,Karnataka,13.32231,75.774,121484,Asia/Kolkata,chikmagalūr karnataka
Bhadrak,Odisha,21.05447,86.5156,121338,Asia/Kolkata,bhadrak odisha
Sawai Madhopur,Rajasthan,26.02301,76.34408,121106,Asia/Kolkata,sawai madhopur rajasthan
Ambikāpur,Unknown,23.11892,83.19537,121071,Asia/Kolkata,ambikāpur unknown
Mandoli,Delhi,28.70275,77.30995,120417,Asia/Kolkata,mandoli delhi
Satara,Maharashtra,17.68589,73.99333,120195,Asia/Kolkata,satara maharashtra
Chūru,Rajasthan,28.30415,74.96718,120157,Asia/Kolkata,chūru rajasthan
Gangāpur,Rajasthan,26.47249,76.71744,120115,Asia/Kolkata,gangāpur rajasthan
Madhavaram,Tamil Nadu,13.14819,80.2314,119105,Asia/Kolkata,madhavaram tamil nadu
Dohad,Goa,22.83283,74.25986,118846,Asia/Kolkata,dohad goa
Barshi,Maharashtra,18.23454,75.69275,118722,Asia/Kolkata,barshi maharashtra
Ādilābād,Telangana,19.67203,78.5359,118526,Asia/Kolkata,ādilābād telangana
Jhunjhunūn,Rajasthan,28.12559,75.39797,118473,Asia/Kolkata,jhunjhunūn rajasthan
Jetpur,Goa,21.75482,70.62347,118302,Asia/Kolkata,jetpur goa
Uppal Kalan,Telangana,17.40577,78.55911,118259,Asia/Kolkata,uppal kalan telangana
Gudivāda,Andhra Pradesh,16.43547,80.99555,118167,Asia/Kolkata,gudivāda andhra pradesh
Bārān,Rajasthan,25.1,76.51667,117992,Asia/Kolkata,bārān rajasthan
Narmadapuram,Madhya Pradesh,22.74747,77.72736,117988,Asia/Kolkata,narmadapuram madhya pradesh
Amreli,Goa,21.59983,71.21169,117967,Asia/Kolkata,amreli goa
Pudukkottai,Tamil Nadu,10.38128,78.82141,117630,Asia/Kolkata,pudukkottai tamil nadu
Narasaraopet,Andhra Pradesh,16.23488,80.04927,117489,Asia/Kolkata,narasaraopet andhra pradesh
Rishra,West Bengal,22.72394,88.34563,117014,Asia/Kolkata,rishra west bengal
Baripāda,Odisha,21.93458,86.72852,116849,Asia/Kolkata,baripāda odisha
Muktsar,Punjab,30.47426,74.5166,116747,Asia/Kolkata,muktsar punjab
Azamgarh,Uttar Pradesh,26.06832,83.18358,116644,Asia/Kolkata,azamgarh uttar pradesh
Barnāla,Punjab,30.37451,75.5487,116449,Asia/Kolkata,barnāla punjab
Yelahanka,Karnataka,13.10073,77.59632,116447,Asia/Kolkata,yelahanka karnataka
Chittorgarh,Rajasthan,24.88963,74.62403,116406,Asia/Kolkata,chittorgarh rajasthan
Tinsukia,Arunachal Pradesh,27.48905,95.35992,116322,Asia/Kolkata,tinsukia arunachal pradesh
Khargone,Madhya Pradesh,21.82292,75.61394,116150,Asia/Kolkata,khargone madhya pradesh
Baidyabāti,West Bengal,22.78498,88.32586,115504,Asia/Kolkata,baidyabāti west bengal
Bastī,Uttar Pradesh,26.78817,82.71617,115115,Asia/Kolkata,bastī uttar pradesh
Gangavati,Karnataka,15.4313,76.52933,114642,Asia/Kolkata,gangavati karnataka
Ambur,Tamil Nadu,12.79163,78.71644,114608,Asia/Kolkata,ambur tamil nadu
Giridih,Unknown,24.18622,86.30875,114533,Asia/Kolkata,giridih unknown
Wardha,Maharashtra,20.73933,78.59784,113759,Asia/Kolkata,wardha maharashtra
Tadepalligudem,Andhra Pradesh,16.81467,81.52717,112655,Asia/Kolkata,tadepalligudem andhra pradesh
Chanduasi,Uttar Pradesh,28.45178,78.78277,112635,Asia/Kolkata,chanduasi uttar pradesh
Bagaha,Bihar,27.09918,84.09003,112634,Asia/Kolkata,bagaha bihar
Achalpur,Maharashtra,21.25665,77.51006,112311,Asia/Kolkata,achalpur maharashtra
Gondal,Goa,21.96074,70.80255,112197,Asia/Kolkata,gondal goa
Dharashiv,Maharashtra,18.18158,76.03889,112085,Asia/Kolkata,dharashiv maharashtra
Port Blair,Andaman and Nicobar Islands,11.66613,92.74635,112050,Asia/Kolkata,port blair andaman and nicobar islands
Bagalkot,Karnataka,16.18673,75.69614,111933,Asia/Kolkata,bagalkot karnataka
Suriāpet,Telangana,17.14054,79.62045,111729,Asia/Kolkata,suriāpet telangana
Bangaon,West Bengal,23.04553,88.83084,111693,Asia/Kolkata,bangaon west bengal
Ashoknagar Kalyangarh,West Bengal,22.86416,88.63701,111475,Asia/Kolkata,ashoknagar kalyangarh west bengal
Deesa,Goa,24.25612,72.17928,111160,Asia/Kolkata,deesa goa
Navadwīp,West Bengal,23.4067,88.36861,111123,Asia/Kolkata,navadwīp west bengal
Nandurbar,Maharashtra,21.36671,74.24051,111037,Asia/Kolkata,nandurbar maharashtra
Sultānpur,Uttar Pradesh,26.25788,82.07269,110368,Asia/Kolkata,sultānpur uttar pradesh
Delhi Cantonment,Delhi,28.6,77.13333,110351,Asia/Kolkata,delhi cantonment delhi
Firozpur,Punjab,30.92574,74.61311,110313,Asia/Kolkata,firozpur punjab
Sehore,Madhya Pradesh,23.2,77.08333,109118,Asia/Kolkata,sehore madhya pradesh
Bānsbāria,West Bengal,22.95387,88.40098,108474,Asia/Kolkata,bānsbāria west bengal
Tadpatri,Andhra Pradesh,14.90832,78.01031,108171,Asia/Kolkata,tadpatri andhra pradesh
Jalpāiguri,West Bengal,26.51667,88.73333,107832,Asia/Kolkata,jalpāiguri west bengal
Mangalagiri,Andhra Pradesh,16.43083,80.56815,107197,Asia/Kolkata,mangalagiri andhra pradesh
Ranebennur,Karnataka,14.62239,75.62951,106406,Asia/Kolkata,ranebennur karnataka
Khurja,Uttar Pradesh,28.25382,77.85535,105909,Asia/Kolkata,khurja uttar pradesh
Kishanganj,Bihar,26.10224,87.95534,105782,Asia/Kolkata,kishanganj bihar
Ponnāni,Kerala,10.76695,75.92523,105512,Asia/Kolkata,ponnāni kerala
Hindaun,Rajasthan,26.73411,77.03519,105452,Asia/Kolkata,hindaun rajasthan
Jamālpur,Bihar,25.31258,86.48888,105434,Asia/Kolkata,jamālpur bihar
Nāgaur,Rajasthan,27.20201,73.73394,105218,Asia/Kolkata,nāgaur rajasthan
Ambala Sadar,Gujarat,30.33544,76.86265,104974,Asia/Kolkata,ambala sadar gujarat
Bhiwadi,Rajasthan,28.21024,76.86056,104921,Asia/Kolkata,bhiwadi rajasthan
Būndi,Rajasthan,25.43855,75.63735,104919,Asia/Kolkata,būndi rajasthan
Miryalaguda,Telangana,16.8722,79.56247,104918,Asia/Kolkata,miryalaguda telangana
Soyībug,Jammu and Kashmir,34.07677,74.7057,104000,Asia/Kolkata,soyībug jammu and kashmir
Jagtiāl,Telangana,18.79473,78.91661,103930,Asia/Kolkata,jagtiāl telangana
Roorkee,Uttarakhand,29.86632,77.89118,103894,Asia/Kolkata,roorkee uttarakhand
Udgīr,Maharashtra,18.39258,77.11756,103550,Asia/Kolkata,udgīr maharashtra
Nagda,Madhya Pradesh,23.45834,75.41759,103501,Asia/Kolkata,nagda madhya pradesh
Betūl,Madhya Pradesh,21.90056,77.90229,103330,Asia/Kolkata,betūl madhya pradesh
Jahānābād,Bihar,25.21368,84.9871,103202,Asia/Kolkata,jahānābād bihar
Kashipur,Uttarakhand,29.21399,78.95693,103138,Asia/Kolkata,kashipur uttarakhand
Ghazīpur,Uttar Pradesh,25.58333,83.58526,103095,Asia/Kolkata,ghazīpur uttar pradesh
Amaravati,Andhra Pradesh,16.514,80.516,103000,Asia/Kolkata,amaravati andhra pradesh
Nagapattinam,Tamil Nadu,10.76377,79.84313,102905,Asia/Kolkata,nagapattinam tamil nadu
Buxar,Bihar,25.57548,83.98043,102861,Asia/Kolkata,buxar bihar
Mormugao,Goa,15.38914,73.81491,102345,Asia/Kolkata,mormugao goa
Seoni,Madhya Pradesh,22.08503,79.55037,102343,Asia/Kolkata,seoni madhya pradesh
Aurangābād,Bihar,24.75204,84.3742,102244,Asia/Kolkata,aurangābād bihar
Hinganghāt,Maharashtra,20.54875,78.83978,101805,Asia/Kolkata,hinganghāt maharashtra
Dhamtari,Unknown,20.70718,81.54874,101677,Asia/Kolkata,dhamtari unknown
Chilakalūrupet,Andhra Pradesh,16.08987,80.16705,101398,Asia/Kolkata,chilakalūrupet andhra pradesh
Malappuram,Kerala,11.04199,76.08154,101386,Asia/Kolkata,malappuram kerala
Bānswāra,Rajasthan,23.54109,74.4425,101017,Asia/Kolkata,bānswāra rajasthan
Itārsi,Madhya Pradesh,22.61477,77.76222,100574,Asia/Kolkata,itārsi madhya pradesh
Vasco da Gama,Goa,15.39585,73.81568,100485,Asia/Kolkata,vasco da gama goa
Gangtok,Sikkim,27.32574,88.61216,100286,Asia/Kolkata,gangtok sikkim
Datia,Madhya Pradesh,25.67312,78.45908,100284,Asia/Kolkata,datia madhya pradesh
Phagwāra,Punjab,31.22452,75.77387,100146,Asia/Kolkata,phagwāra punjab
Airoli,Maharashtra,19.15096,72.99625,100000,Asia/Kolkata,airoli maharashtra
Luckeesarai,Bihar,25.1765,86.0947,99979,Asia/Kolkata,luckeesarai bihar
Shikohābād,Uttar Pradesh,27.108,78.58661,99678,Asia/Kolkata,shikohābād uttar pradesh
Kāsganj,Uttar Pradesh,27.80882,78.64579,99462,Asia/Kolkata,kāsganj uttar pradesh
Khambhāt,Goa,22.31744,72.61916,99164,Asia/Kolkata,khambhāt goa
Kohima,Nagaland,25.67467,94.11099,99039,Asia/Kolkata,kohima nagaland
Pandharpur,Maharashtra,17.67924,75.33098,98923,Asia/Kolkata,pandharpur maharashtra
Kapurthala Town,Punjab,31.38011,75.38105,98916,Asia/Kolkata,kapurthala town punjab
Mahuva,Goa,21.09007,71.76904,98519,Asia/Kolkata,mahuva goa
Silvassa,52,20.27386,72.99673,98265,Asia/Kolkata,silvassa 52
Balāngīr,Odisha,20.70419,83.49029,98238,Asia/Kolkata,balāngīr odisha
Mughal Sarāi,Uttar Pradesh,25.28307,83.11968,98043,Asia/Kolkata,mughal sarāi uttar pradesh
Nawāda,Bihar,24.8867,85.54364,98029,Asia/Kolkata,nawāda bihar
Bhilai Charoda,Unknown,21.22305,81.45609,98008,Asia/Kolkata,bhilai charoda unknown
Shāmli,Uttar Pradesh,29.4497,77.30959,97966,Asia/Kolkata,shāmli uttar pradesh
Jharsuguda,Odisha,21.85531,84.00698,97730,Asia/Kolkata,jharsuguda odisha
Sādatpur Gujran,Delhi,28.72834,77.24817,97641,Asia/Kolkata,sādatpur gujran delhi
Chalisgaon,Maharashtra,20.45781,75.01596,97551,Asia/Kolkata,chalisgaon maharashtra
Villupuram,Tamil Nadu,11.93975,79.49244,97380,Asia/Kolkata,villupuram tamil nadu
Amalner,Maharashtra,21.03983,75.05887,97369,Asia/Kolkata,amalner maharashtra
Tellicherry,Kerala,11.74811,75.4929,97201,Asia/Kolkata,tellicherry kerala
Manjeri,Kerala,11.12018,76.11996,97102,Asia/Kolkata,manjeri kerala
Birgaon,Unknown,21.30758,81.62793,96294,Asia/Kolkata,birgaon unknown
Bārmer,Rajasthan,25.74572,71.39211,96225,Asia/Kolkata,bārmer rajasthan
Pūth Kalān,Delhi,28.7116,77.07887,96002,Asia/Kolkata,pūth kalān delhi
Kuniyamuttūr,Tamil Nadu,10.96376,76.95254,95924,Asia/Kolkata,kuniyamuttūr tamil nadu
Sardārshahr,Rajasthan,28.44062,74.491,95911,Asia/Kolkata,sardārshahr rajasthan
Sāhibganj,Unknown,25.24425,87.63481,95890,Asia/Kolkata,sāhibganj unknown
Sānand,Goa,22.99227,72.38177,95890,Asia/Kolkata,sānand goa
Paramagudi,Tamil Nadu,9.54633,78.5907,95579,Asia/Kolkata,paramagudi tamil nadu
Zerakpur,Punjab,30.65622,76.82093,95553,Asia/Kolkata,zerakpur punjab
Tiruchengode,Tamil Nadu,11.38016,77.89444,95335,Asia/Kolkata,tiruchengode tamil nadu
Closepet,Karnataka,12.72181,77.28149,95167,Asia/Kolkata,closepet karnataka
Emmiganūr,Andhra Pradesh,15.77203,77.48345,95149,Asia/Kolkata,emmiganūr andhra pradesh
Vaniyambadi,Tamil Nadu,12.68162,78.62014,95061,Asia/Kolkata,vaniyambadi tamil nadu
Kovilpatti,Tamil Nadu,9.17167,77.86989,95057,Asia/Kolkata,kovilpatti tamil nadu
Parli Vaijnāth,Maharashtra,18.85057,76.53163,94863,Asia/Kolkata,parli vaijnāth maharashtra
Mainpuri,Uttar Pradesh,27.22857,79.02882,94619,Asia/Kolkata,mainpuri uttar pradesh
Khāmgaon,Maharashtra,20.70738,76.56827,94604,Asia/Kolkata,khāmgaon maharashtra
Makrāna,Rajasthan,27.04361,74.72445,94487,Asia/Kolkata,makrāna rajasthan
Allinagaram,Tamil Nadu,10.02737,77.47815,94453,Asia/Kolkata,allinagaram tamil nadu
Gudiyatham,Tamil Nadu,12.94601,78.87377,93973,Asia/Kolkata,gudiyatham tamil nadu
Dhār,Madhya Pradesh,22.59373,75.29774,93917,Asia/Kolkata,dhār madhya pradesh
Baraut,Uttar Pradesh,29.10199,77.26334,93544,Asia/Kolkata,baraut uttar pradesh
Kalyani,West Bengal,22.9757,88.4337,93184,Asia/Kolkata,kalyani west bengal
Doddaballapura,Karnataka,13.29452,77.53777,93105,Asia/Kolkata,doddaballapura karnataka
Chīrāla,Andhra Pradesh,15.82385,80.35219,92942,Asia/Kolkata,chīrāla andhra pradesh
Akot,Maharashtra,21.0963,77.0588,92637,Asia/Kolkata,akot maharashtra
Fatehpur,Rajasthan,27.99486,74.95628,92595,Asia/Kolkata,fatehpur rajasthan
Gharroli,Delhi,28.6167,77.33207,92540,Asia/Kolkata,gharroli delhi
Rajpura,Punjab,30.47856,76.59284,92301,Asia/Kolkata,rajpura punjab
Ballarpur,Maharashtra,19.84696,79.34578,92146,Asia/Kolkata,ballarpur maharashtra
Kot Kapūra,Punjab,30.58061,74.82609,91979,Asia/Kolkata,kot kapūra punjab
Bhandāra,Maharashtra,21.16817,79.64885,91845,Asia/Kolkata,bhandāra maharashtra
Molārband,Delhi,28.50295,77.31442,91402,Asia/Kolkata,molārband delhi
Rayachoti,Andhra Pradesh,14.05723,78.75056,91234,Asia/Kolkata,rayachoti andhra pradesh
Kadayanallur,Tamil Nadu,9.07277,77.34152,90364,Asia/Kolkata,kadayanallur tamil nadu
Valparai,Tamil Nadu,10.32691,76.95116,90353,Asia/Kolkata,valparai tamil nadu
Pollachi,Tamil Nadu,10.65825,77.0085,90180,Asia/Kolkata,pollachi tamil nadu
Kāvali,Andhra Pradesh,14.9163,79.99449,90099,Asia/Kolkata,kāvali andhra pradesh
Roha,Maharashtra,18.43687,73.11964,90000,Asia/Kolkata,roha maharashtra
Mancherial,Telangana,18.87074,79.42863,89935,Asia/Kolkata,mancherial telangana
Avaniyāpuram,Tamil Nadu,9.88179,78.11255,89635,Asia/Kolkata,avaniyāpuram tamil nadu
Murādnagar,Uttar Pradesh,28.78069,77.49865,89482,Asia/Kolkata,murādnagar uttar pradesh
Ankleshwar,Goa,21.63236,72.99001,89457,Asia/Kolkata,ankleshwar goa
Kadiri,Andhra Pradesh,14.11168,78.15982,89429,Asia/Kolkata,kadiri andhra pradesh
Shahdol,Madhya Pradesh,23.29356,81.3619,89289,Asia/Kolkata,shahdol madhya pradesh
Shrirampur,Maharashtra,19.62201,74.65699,89282,Asia/Kolkata,shrirampur maharashtra
Mahobā,Uttar Pradesh,25.2905,79.87533,89170,Asia/Kolkata,mahobā uttar pradesh
Rāmgarh,Unknown,23.6303,85.52156,88781,Asia/Kolkata,rāmgarh unknown
Contai,West Bengal,21.77985,87.74892,88702,Asia/Kolkata,contai west bengal
Sangrūr,Punjab,30.24506,75.84488,88615,Asia/Kolkata,sangrūr punjab
Nirmal,Telangana,19.09685,78.34407,88433,Asia/Kolkata,nirmal telangana
Deoband,Uttar Pradesh,29.69505,77.67964,88171,Asia/Kolkata,deoband uttar pradesh
Neyyāttinkara,Kerala,8.39854,77.08586,88104,Asia/Kolkata,neyyāttinkara kerala
Tāndā,Uttar Pradesh,26.54953,82.65841,88073,Asia/Kolkata,tāndā uttar pradesh
Kolar,Madhya Pradesh,23.16478,77.41893,87882,Asia/Kolkata,kolar madhya pradesh
Jhumri Telaiya,Unknown,24.4349,85.52951,87867,Asia/Kolkata,jhumri telaiya unknown
Aruppukkottai,Tamil Nadu,9.5096,78.09588,87722,Asia/Kolkata,aruppukkottai tamil nadu
Farīdkot,Punjab,30.67399,74.75579,87695,Asia/Kolkata,farīdkot punjab
Madgaon,Goa,15.27501,73.95786,87650,Asia/Kolkata,madgaon goa
Velampālaiyam,Tamil Nadu,11.13764,77.31064,87427,Asia/Kolkata,velampālaiyam tamil nadu
Jamūī,Bihar,24.92606,86.22531,87357,Asia/Kolkata,jamūī bihar
Anjār,Goa,23.11316,70.02671,87183,Asia/Kolkata,anjār goa
Paralakhemundi,Odisha,18.77619,84.09504,87152,Asia/Kolkata,paralakhemundi odisha
Jharia,Unknown,23.74079,86.41456,86938,Asia/Kolkata,jharia unknown
Kāraikāl,Puducherry,10.91667,79.83333,86838,Asia/Kolkata,kāraikāl puducherry
Kāmthi,Maharashtra,21.21615,79.1973,86793,Asia/Kolkata,kāmthi maharashtra
Hānsi,Gujarat,29.10239,75.96253,86770,Asia/Kolkata,hānsi gujarat
Mayiladuthurai,Tamil Nadu,11.10354,79.655,86660,Asia/Kolkata,mayiladuthurai tamil nadu
Anakapalle,Andhra Pradesh,17.69134,83.00395,86519,Asia/Kolkata,anakapalle andhra pradesh
Maduravoyal,Tamil Nadu,13.0675,80.1632,86195,Asia/Kolkata,maduravoyal tamil nadu
Sārni,Madhya Pradesh,22.10317,78.17159,86141,Asia/Kolkata,sārni madhya pradesh
Dausa,Rajasthan,26.89,76.33584,85960,Asia/Kolkata,dausa rajasthan
Parādīp Garh,Odisha,20.31641,86.6085,85868,Asia/Kolkata,parādīp garh odisha
Hingoli,Maharashtra,19.71464,77.14238,85103,Asia/Kolkata,hingoli maharashtra
Bāruni,Bihar,25.47509,85.96813,84888,Asia/Kolkata,bāruni bihar
Jeypore,Odisha,18.8563,82.5716,84830,Asia/Kolkata,jeypore odisha
Bijnor,Uttar Pradesh,29.373,78.13636,84593,Asia/Kolkata,bijnor uttar pradesh
Dhoraji,Goa,21.73359,70.45004,84545,Asia/Kolkata,dhoraji goa
Vīrappanchathiram,Tamil Nadu,11.35314,77.71253,84453,Asia/Kolkata,vīrappanchathiram tamil nadu
Bālāghāt,Madhya Pradesh,21.8156,80.18845,84261,Asia/Kolkata,bālāghāt madhya pradesh
Udhampur,Jammu and Kashmir,32.92431,75.13573,84015,Asia/Kolkata,udhampur jammu and kashmir
Najībābād,Uttar Pradesh,29.61194,78.34274,84006,Asia/Kolkata,najībābād uttar pradesh
Idaiyarpālaiyam,Tamil Nadu,11.03937,76.92369,83908,Asia/Kolkata,idaiyarpālaiyam tamil nadu
Harihar,Karnataka,14.51288,75.80716,83219,Asia/Kolkata,harihar karnataka
Chilla Soroda Bāngar,Delhi,28.59572,77.30189,83217,Asia/Kolkata,chilla soroda bāngar delhi
Sirsilla,Telangana,18.38865,78.81048,83186,Asia/Kolkata,sirsilla telangana
Karauli,Rajasthan,26.49831,77.02755,82960,Asia/Kolkata,karauli rajasthan
Mānsa,Punjab,29.98844,75.40167,82956,Asia/Kolkata,mānsa punjab
Jangipur,West Bengal,24.47001,88.07659,82548,Asia/Kolkata,jangipur west bengal
Gobindgarh,Punjab,30.67089,76.30192,82266,Asia/Kolkata,gobindgarh punjab
Saunda,Unknown,23.66453,85.32694,81915,Asia/Kolkata,saunda unknown
Maraimalainagar,Tamil Nadu,12.79782,80.02502,81872,Asia/Kolkata,maraimalainagar tamil nadu
Ashoknagar,Madhya Pradesh,24.57578,77.73123,81828,Asia/Kolkata,ashoknagar madhya pradesh
Phulwari Sharif,Bihar,25.57765,85.07246,81740,Asia/Kolkata,phulwari sharif bihar
Mhow,Madhya Pradesh,22.5589,75.76543,81702,Asia/Kolkata,mhow madhya pradesh
Malout,Punjab,30.21121,74.4818,81406,Asia/Kolkata,malout punjab
Kadi,Goa,23.29908,72.33362,81404,Asia/Kolkata,kadi goa
Vijalpor,Goa,20.92212,72.90945,81245,Asia/Kolkata,vijalpor goa
Palakollu,Andhra Pradesh,16.5167,81.73,81199,Asia/Kolkata,palakollu andhra pradesh
Himatnagar,Goa,23.59893,72.96602,81137,Asia/Kolkata,himatnagar goa
Dholka,Goa,22.72732,72.44128,80945,Asia/Kolkata,dholka goa
Kotkapura,Punjab,30.5819,74.83298,80741,Asia/Kolkata,kotkapura punjab
Bargarh,Odisha,21.33348,83.61905,80625,Asia/Kolkata,bargarh odisha
Kharghar,Maharashtra,19.04979,73.07024,80612,Asia/Kolkata,kharghar maharashtra
Kairāna,Uttar Pradesh,29.39541,77.2054,80432,Asia/Kolkata,kairāna uttar pradesh
Brajarajnagar,Odisha,21.81667,83.91667,80403,Asia/Kolkata,brajarajnagar odisha
Kāmāreddi,Telangana,18.32001,78.34177,80315,Asia/Kolkata,kāmāreddi telangana
Palwancha,Telangana,17.58152,80.67651,80199,Asia/Kolkata,palwancha telangana
Manmād,Maharashtra,20.25334,74.43755,80058,Asia/Kolkata,manmād maharashtra
Srikalahasti,Andhra Pradesh,13.75514,79.70143,80056,Asia/Kolkata,srikalahasti andhra pradesh
Kottagūdem,Telangana,17.55106,80.61779,79819,Asia/Kolkata,kottagūdem telangana
Nawābganj,Uttar Pradesh,26.93129,81.19841,79246,Asia/Kolkata,nawābganj uttar pradesh
Gokak,Karnataka,16.16901,74.82393,79121,Asia/Kolkata,gokak karnataka
Tīkamgarh,Madhya Pradesh,24.74327,78.83061,79106,Asia/Kolkata,tīkamgarh madhya pradesh
Arakkonam,Tamil Nadu,13.08449,79.67053,79080,Asia/Kolkata,arakkonam tamil nadu
Arāria,Bihar,26.14934,87.51323,79021,Asia/Kolkata,arāria bihar
Koch Bihār,West Bengal,26.32539,89.44508,78737,Asia/Kolkata,koch bihār west bengal
Kharakvasla,Maharashtra,18.43997,73.77545,78684,Asia/Kolkata,kharakvasla maharashtra
Bhadohi,Uttar Pradesh,25.39526,82.5703,78568,Asia/Kolkata,bhadohi uttar pradesh
Kātoya,West Bengal,23.64558,88.13258,78408,Asia/Kolkata,kātoya west bengal
Medininagar,Unknown,24.03971,84.0658,78396,Asia/Kolkata,medininagar unknown
Wāshīm,Maharashtra,20.11128,77.133,78387,Asia/Kolkata,wāshīm maharashtra
Bagbera,Unknown,22.75948,86.19049,78356,Asia/Kolkata,bagbera unknown
Savarkundla,Goa,21.33726,71.3035,78354,Asia/Kolkata,savarkundla goa
Basoda,Madhya Pradesh,23.85153,77.93652,78289,Asia/Kolkata,basoda madhya pradesh
Tanuku,Andhra Pradesh,16.75438,81.68143,77962,Asia/Kolkata,tanuku andhra pradesh
Gurdaspur,Punjab,32.03933,75.40318,77928,Asia/Kolkata,gurdaspur punjab
Edattala,Kerala,10.05639,76.38451,77811,Asia/Kolkata,edattala kerala
Bodhan,Telangana,18.66208,77.88581,77573,Asia/Kolkata,bodhan telangana
Balrāmpur,Uttar Pradesh,27.42949,82.18545,77396,Asia/Kolkata,balrāmpur uttar pradesh
Bāramūla,Jammu and Kashmir,34.209,74.34285,77276,Asia/Kolkata,bāramūla jammu and kashmir
Karwar,Karnataka,14.81361,74.12972,77139,Asia/Kolkata,karwar karnataka
Dhuliān,West Bengal,24.68127,87.9535,77070,Asia/Kolkata,dhuliān west bengal
Rabkavi-Banhatti,Karnataka,16.47,75.12,77004,Asia/Kolkata,rabkavi-banhatti karnataka
Mawāna,Uttar Pradesh,29.10288,77.92199,76973,Asia/Kolkata,mawāna uttar pradesh
Shirpur,Maharashtra,21.34821,74.88035,76905,Asia/Kolkata,shirpur maharashtra
Budge Budge,West Bengal,22.48275,88.18176,76837,Asia/Kolkata,budge budge west bengal
Kundla,Goa,21.34222,71.30633,76809,Asia/Kolkata,kundla goa
Visnagar,Goa,23.69855,72.5521,76753,Asia/Kolkata,visnagar goa
Kannauj,Uttar Pradesh,27.05524,79.9188,76714,Asia/Kolkata,kannauj uttar pradesh
Khajoori Khas,Delhi,28.70958,77.2587,76640,Asia/Kolkata,khajoori khas delhi
Neelankarai,Tamil Nadu,12.9495,80.2592,76600,Asia/Kolkata,neelankarai tamil nadu
Nagīna,Uttar Pradesh,29.44433,78.43646,76593,Asia/Kolkata,nagīna uttar pradesh
Badagara,Kerala,11.59776,75.58142,76493,Asia/Kolkata,badagara kerala
Fazilka,Punjab,30.40207,74.02836,76492,Asia/Kolkata,fazilka punjab
Electronic City Phase I,Karnataka,12.85492,77.6633,76348,Asia/Kolkata,electronic city phase i karnataka
Ratnagiri,Maharashtra,16.99154,73.31022,76229,Asia/Kolkata,ratnagiri maharashtra
Keshod,Goa,21.30328,70.24861,76193,Asia/Kolkata,keshod goa
Konnagar,West Bengal,22.70508,88.34446,76082,Asia/Kolkata,konnagar west bengal
Chintamani,Karnataka,13.40051,78.05172,76068,Asia/Kolkata,chintamani karnataka
Pammal,Tamil Nadu,12.975,80.13472,75870,Asia/Kolkata,pammal tamil nadu
Sindhnūr,Karnataka,15.76983,76.75581,75837,Asia/Kolkata,sindhnūr karnataka
Madhubani,Bihar,26.35367,86.07169,75736,Asia/Kolkata,madhubani bihar
Bodināyakkanūr,Tamil Nadu,10.01171,77.34976,75680,Asia/Kolkata,bodināyakkanūr tamil nadu
Khadki,Maharashtra,18.5635,73.85205,75654,Asia/Kolkata,khadki maharashtra
Dhrāngadhra,Goa,22.99167,71.46793,75578,Asia/Kolkata,dhrāngadhra goa
Tezpur,Arunachal Pradesh,26.63333,92.8,75540,Asia/Kolkata,tezpur arunachal pradesh
Srivilliputhur,Tamil Nadu,9.51272,77.63369,75396,Asia/Kolkata,srivilliputhur tamil nadu
Benipur,Bihar,26.05509,86.14557,75317,Asia/Kolkata,benipur bihar
Pāloncha,Telangana,17.60184,80.70509,75224,Asia/Kolkata,pāloncha telangana
Jaora,Madhya Pradesh,23.63783,75.12711,74907,Asia/Kolkata,jaora madhya pradesh
Tura,Meghalaya,25.51421,90.20239,74858,Asia/Kolkata,tura meghalaya
Gūdūr,Andhra Pradesh,14.15093,79.8521,74851,Asia/Kolkata,gūdūr andhra pradesh
Narnaul,Gujarat,28.04444,76.10833,74581,Asia/Kolkata,narnaul gujarat
Balotra,Rajasthan,25.83242,72.24,74496,Asia/Kolkata,balotra rajasthan
Kharar,Punjab,30.74632,76.64689,74460,Asia/Kolkata,kharar punjab
Yadgir,Karnataka,16.77007,77.13755,74294,Asia/Kolkata,yadgir karnataka
Harda,Madhya Pradesh,22.34414,77.09536,74268,Asia/Kolkata,harda madhya pradesh
Pilkhua,Uttar Pradesh,28.71271,77.656,74212,Asia/Kolkata,pilkhua uttar pradesh
Ambājogāi,Maharashtra,18.73312,76.38616,74114,Asia/Kolkata,ambājogāi maharashtra
Kāpas Herd,Delhi,28.52614,77.08396,74073,Asia/Kolkata,kāpas herd delhi
Bela,Uttar Pradesh,25.92058,81.99629,73992,Asia/Kolkata,bela uttar pradesh
Rabkavi,Karnataka,16.47567,75.1106,73835,Asia/Kolkata,rabkavi karnataka
Bawāna,Delhi,28.7982,77.03431,73680,Asia/Kolkata,bawāna delhi
Shāhābād,Uttar Pradesh,27.6431,79.9402,73606,Asia/Kolkata,shāhābād uttar pradesh
Virudhachalam,Tamil Nadu,11.51497,79.32824,73585,Asia/Kolkata,virudhachalam tamil nadu
Chāndpur,Uttar Pradesh,29.13489,78.27187,73555,Asia/Kolkata,chāndpur uttar pradesh
Kāsipālaiyam,Tamil Nadu,11.31984,77.70971,73425,Asia/Kolkata,kāsipālaiyam tamil nadu
Sikandarābād,Uttar Pradesh,28.45226,77.70004,73379,Asia/Kolkata,sikandarābād uttar pradesh
Virudunagar,Tamil Nadu,9.58509,77.95787,73273,Asia/Kolkata,virudunagar tamil nadu
Pattukkottai,Tamil Nadu,10.42358,79.31949,73135,Asia/Kolkata,pattukkottai tamil nadu
Pusad,Maharashtra,19.91274,77.57838,73046,Asia/Kolkata,pusad maharashtra
Tindivanam,Tamil Nadu,12.234,79.65551,72796,Asia/Kolkata,tindivanam tamil nadu
Chopda,Maharashtra,21.24578,75.29946,72783,Asia/Kolkata,chopda maharashtra
Taliparamba,Kerala,12.04161,75.35927,72465,Asia/Kolkata,taliparamba kerala
Sangāreddi,Telangana,17.62477,78.08669,72344,Asia/Kolkata,sangāreddi telangana
Pālghar,Maharashtra,19.69693,72.76543,72335,Asia/Kolkata,pālghar maharashtra
Dharapuram,Tamil Nadu,10.73828,77.53223,72291,Asia/Kolkata,dharapuram tamil nadu
Payyanur,Kerala,12.0935,75.20249,72111,Asia/Kolkata,payyanur kerala
Sheopur,Madhya Pradesh,25.66472,76.69616,71951,Asia/Kolkata,sheopur madhya pradesh
Channapatna,Karnataka,12.65143,77.20672,71942,Asia/Kolkata,channapatna karnataka
Koyilandy,Kerala,11.4381,75.69306,71873,Asia/Kolkata,koyilandy kerala
Farīdpur,Uttar Pradesh,28.20997,79.54149,71783,Asia/Kolkata,farīdpur uttar pradesh
Barauni,Bihar,25.4709,85.976,71660,Asia/Kolkata,barauni bihar
Krishnagiri,Tamil Nadu,12.51921,78.21382,71323,Asia/Kolkata,krishnagiri tamil nadu
Sopur,Jammu and Kashmir,34.28671,74.47228,71292,Asia/Kolkata,sopur jammu and kashmir
Rāyagada,Odisha,19.17132,83.41428,71208,Asia/Kolkata,rāyagada odisha
Zahirābād,Telangana,17.68138,77.60743,71166,Asia/Kolkata,zahirābād telangana
Khopoli,Maharashtra,18.78562,73.34589,71141,Asia/Kolkata,khopoli maharashtra
Ratangarh,Rajasthan,28.08137,74.61854,71124,Asia/Kolkata,ratangarh rajasthan
Mārkāpur,Andhra Pradesh,15.73534,79.26848,71092,Asia/Kolkata,mārkāpur andhra pradesh
Kalamassery,Kerala,10.0614,76.32631,71038,Asia/Kolkata,kalamassery kerala
Bolpur,West Bengal,23.66278,87.69695,70998,Asia/Kolkata,bolpur west bengal
Panjim,Goa,15.49574,73.82624,70991,Asia/Kolkata,panjim goa
Rānāghāt,West Bengal,23.17623,88.56667,70984,Asia/Kolkata,rānāghāt west bengal
Bāpatla,Andhra Pradesh,15.90422,80.46743,70777,Asia/Kolkata,bāpatla andhra pradesh
Fatehābād,Gujarat,29.51525,75.45554,70777,Asia/Kolkata,fatehābād gujarat
Beypore,Kerala,11.17151,75.80611,70751,Asia/Kolkata,beypore kerala
Koppal,Karnataka,15.34522,76.15478,70698,Asia/Kolkata,koppal karnataka
Badvel,Andhra Pradesh,14.7451,79.06288,70626,Asia/Kolkata,badvel andhra pradesh
Dādri,Uttar Pradesh,28.55257,77.55403,70609,Asia/Kolkata,dādri uttar pradesh
Thenkasi,Tamil Nadu,8.96003,77.31525,70545,Asia/Kolkata,thenkasi tamil nadu
Suratgarh,Rajasthan,29.3215,73.89979,70536,Asia/Kolkata,suratgarh rajasthan
Auraiya,Uttar Pradesh,26.46517,79.50918,70508,Asia/Kolkata,auraiya uttar pradesh
Palani,Tamil Nadu,10.45034,77.5209,70467,Asia/Kolkata,palani tamil nadu
Nallūr,Tamil Nadu,11.1003,77.39136,70115,Asia/Kolkata,nallūr tamil nadu
Chamrajnagar,Karnataka,11.92312,76.93949,69875,Asia/Kolkata,chamrajnagar karnataka
Mīthepur,Delhi,28.4974,77.31856,69837,Asia/Kolkata,mīthepur delhi
Māngrol,Goa,21.12268,70.11484,69779,Asia/Kolkata,māngrol goa
Basavakalyan,Karnataka,17.87445,76.94972,69717,Asia/Kolkata,basavakalyan karnataka
Pul Pehlad,Delhi,28.49938,77.29104,69657,Asia/Kolkata,pul pehlad delhi
Chāībāsa,Unknown,22.55038,85.80249,69565,Asia/Kolkata,chāībāsa unknown
Tripunittura,Kerala,9.94283,76.33331,69390,Asia/Kolkata,tripunittura kerala
Shājāpur,Madhya Pradesh,23.42637,76.27775,69263,Asia/Kolkata,shājāpur madhya pradesh
Mettupalayam,Tamil Nadu,11.29971,76.93485,69213,Asia/Kolkata,mettupalayam tamil nadu
Sunām,Punjab,30.12883,75.79943,69069,Asia/Kolkata,sunām punjab
Bhawānipatna,Odisha,19.90717,83.16697,69045,Asia/Kolkata,bhawānipatna odisha
Ziauddin Pur,Delhi,28.70873,77.27654,68993,Asia/Kolkata,ziauddin pur delhi
Jamkhandi,Karnataka,16.50461,75.29146,68938,Asia/Kolkata,jamkhandi karnataka
Basmat,Maharashtra,19.32872,77.15746,68846,Asia/Kolkata,basmat maharashtra
Taj Pul,Delhi,28.49482,77.30587,68796,Asia/Kolkata,taj pul delhi
Kayamkulam,Kerala,9.18173,76.50093,68634,Asia/Kolkata,kayamkulam kerala
Dharmapuri,Tamil Nadu,12.1277,78.15794,68619,Asia/Kolkata,dharmapuri tamil nadu
Bīsalpur,Uttar Pradesh,28.29253,79.80472,68355,Asia/Kolkata,bīsalpur uttar pradesh
Attili,Andhra Pradesh,16.7,81.6,68196,Asia/Kolkata,attili andhra pradesh
Cumbum,Tamil Nadu,9.73647,77.2847,68090,Asia/Kolkata,cumbum tamil nadu
Munnar,Kerala,10.08818,77.06239,68000,Asia/Kolkata,munnar kerala
Panipat Taraf Makhdum Zadgan,Gujarat,29.41607,76.98831,67998,Asia/Kolkata,panipat taraf makhdum zadgan gujarat
Nābha,Punjab,30.37577,76.15292,67972,Asia/Kolkata,nābha punjab
Bihāt,Bihar,25.42534,86.02083,67952,Asia/Kolkata,bihāt bihar
Samāstipur,Bihar,25.86222,85.77953,67925,Asia/Kolkata,samāstipur bihar
Kāranja,Maharashtra,20.48273,77.48857,67907,Asia/Kolkata,kāranja maharashtra
Sītāmarhi,Bihar,26.59357,85.4906,67818,Asia/Kolkata,sītāmarhi bihar
Rājsamand,Rajasthan,25.07145,73.8798,67798,Asia/Kolkata,rājsamand rajasthan
Malkāpur,Maharashtra,20.88555,76.19932,67740,Asia/Kolkata,malkāpur maharashtra
Modāsa,Goa,23.46253,73.29857,67648,Asia/Kolkata,modāsa goa
Jaisalmer,Rajasthan,26.91763,70.90387,67604,Asia/Kolkata,jaisalmer rajasthan
Buldāna,Maharashtra,20.52933,76.18457,67431,Asia/Kolkata,buldāna maharashtra
Dhenkānāl,Odisha,20.65744,85.59693,67414,Asia/Kolkata,dhenkānāl odisha
Urun-Islāmpur,Maharashtra,17.05,74.26667,67391,Asia/Kolkata,urun-islāmpur maharashtra
Gopālganj,Bihar,26.46734,84.44041,67339,Asia/Kolkata,gopālganj bihar
Bongaigaon,Arunachal Pradesh,26.47703,90.55815,67322,Asia/Kolkata,bongaigaon arunachal pradesh
Sangamner,Maharashtra,19.56784,74.21154,67309,Asia/Kolkata,sangamner maharashtra
Hāveri,Karnataka,14.79354,75.40448,67102,Asia/Kolkata,hāveri karnataka
Mannargudi,Tamil Nadu,10.66626,79.45064,66999,Asia/Kolkata,mannargudi tamil nadu
Jhālāwār,Rajasthan,24.59633,76.16499,66919,Asia/Kolkata,jhālāwār rajasthan
Tarn Taran,Punjab,31.45191,74.92777,66847,Asia/Kolkata,tarn taran punjab
Siddipet,Telangana,18.10483,78.84858,66737,Asia/Kolkata,siddipet telangana
Bellampalli,Telangana,19.05577,79.493,66660,Asia/Kolkata,bellampalli telangana
Barbil,Odisha,22.10194,85.37752,66540,Asia/Kolkata,barbil odisha
Koratla,Telangana,18.82154,78.71186,66504,Asia/Kolkata,koratla telangana
Rishīkesh,Uttarakhand,30.10778,78.29255,66390,Asia/Kolkata,rishīkesh uttarakhand
Goyerkāta,West Bengal,26.69984,89.02565,66358,Asia/Kolkata,goyerkāta west bengal
Mandamarri,Telangana,18.96506,79.47475,66176,Asia/Kolkata,mandamarri telangana
Puliyankudi,Tamil Nadu,9.17489,77.39799,66034,Asia/Kolkata,puliyankudi tamil nadu
Palāsa,Andhra Pradesh,18.77257,84.41012,65833,Asia/Kolkata,palāsa andhra pradesh
Gohāna,Gujarat,29.13777,76.70247,65708,Asia/Kolkata,gohāna gujarat
Pulivendla,Andhra Pradesh,14.42139,78.22502,65706,Asia/Kolkata,pulivendla andhra pradesh
Chengalpattu,Tamil Nadu,12.69184,79.97661,65689,Asia/Kolkata,chengalpattu tamil nadu
Wadgaon Kolhati,Maharashtra,19.84307,75.236,65620,Asia/Kolkata,wadgaon kolhati maharashtra
Lādnūn,Rajasthan,27.65312,74.39993,65575,Asia/Kolkata,lādnūn rajasthan
Supaul,Bihar,26.11527,86.59509,65437,Asia/Kolkata,supaul bihar
Gangārāmpur,West Bengal,25.40138,88.52978,65316,Asia/Kolkata,gangārāmpur west bengal
Ramanathapuram,Tamil Nadu,9.37158,78.83077,65314,Asia/Kolkata,ramanathapuram tamil nadu
Jagraon,Punjab,30.78783,75.47391,65305,Asia/Kolkata,jagraon punjab
Sinnar,Maharashtra,19.84505,73.99866,65299,Asia/Kolkata,sinnar maharashtra
Kopargaon,Maharashtra,19.88239,74.47605,65273,Asia/Kolkata,kopargaon maharashtra
Alīpur Duār,West Bengal,26.4835,89.52286,65232,Asia/Kolkata,alīpur duār west bengal
Tandur,Telangana,17.24849,77.57698,65115,Asia/Kolkata,tandur telangana
Khatauli,Uttar Pradesh,29.27844,77.73302,64731,Asia/Kolkata,khatauli uttar pradesh
Vīrarāghavapuram,Tamil Nadu,13.07306,80.10778,64698,Asia/Kolkata,vīrarāghavapuram tamil nadu
Siuri,West Bengal,23.90806,87.52773,64659,Asia/Kolkata,siuri west bengal
Bīna,Madhya Pradesh,24.17161,78.18755,64529,Asia/Kolkata,bīna madhya pradesh
Pālitāna,Goa,21.52519,71.82309,64497,Asia/Kolkata,pālitāna goa
Chaumu,Rajasthan,27.16955,75.72226,64417,Asia/Kolkata,chaumu rajasthan
Hālol,Goa,22.50321,73.47242,64265,Asia/Kolkata,hālol goa
Kodār,Telangana,16.9985,79.9656,64234,Asia/Kolkata,kodār telangana
Bāngarda Chhota,Madhya Pradesh,22.74354,75.81448,64213,Asia/Kolkata,bāngarda chhota madhya pradesh
Tādepalle,Andhra Pradesh,16.48333,80.6,64149,Asia/Kolkata,tādepalle andhra pradesh
Tirupattur,Tamil Nadu,12.49239,78.56804,64125,Asia/Kolkata,tirupattur tamil nadu
Chinnachowk,Andhra Pradesh,14.47516,78.8354,64053,Asia/Kolkata,chinnachowk andhra pradesh
Bishnupur,West Bengal,23.0738,87.31991,64041,Asia/Kolkata,bishnupur west bengal
Āmūr,Telangana,18.79284,78.27666,64023,Asia/Kolkata,āmūr telangana
Baheri,Uttar Pradesh,28.77416,79.4974,63953,Asia/Kolkata,baheri uttar pradesh
Nawalgarh,Rajasthan,27.85161,75.27384,63948,Asia/Kolkata,nawalgarh rajasthan
Ānaiyūr,Tamil Nadu,9.96152,78.1118,63917,Asia/Kolkata,ānaiyūr tamil nadu
Kunnamkulam,Kerala,10.64667,76.06695,63903,Asia/Kolkata,kunnamkulam kerala
Rāghogarh,Madhya Pradesh,24.44318,77.19768,63873,Asia/Kolkata,rāghogarh madhya pradesh
Tohāna,Gujarat,29.71332,75.90441,63871,Asia/Kolkata,tohāna gujarat
Jatani,Odisha,20.15975,85.70742,63697,Asia/Kolkata,jatani odisha
Arni,Tamil Nadu,12.66771,79.28529,63671,Asia/Kolkata,arni tamil nadu
Chik Ballāpur,Karnataka,13.43512,77.72787,63652,Asia/Kolkata,chik ballāpur karnataka
Dhubri,Arunachal Pradesh,26.01856,89.98564,63388,Asia/Kolkata,dhubri arunachal pradesh
Borsad,Goa,22.40788,72.89817,63377,Asia/Kolkata,borsad goa
Gadwāl,Telangana,16.23504,77.79556,63177,Asia/Kolkata,gadwāl telangana
Pidugurālla,Andhra Pradesh,16.47926,79.88632,63103,Asia/Kolkata,pidugurālla andhra pradesh
Sheikhpura,Bihar,25.13994,85.84096,62927,Asia/Kolkata,sheikhpura bihar
Sirsi,Karnataka,14.62072,74.83554,62882,Asia/Kolkata,sirsi karnataka
Nipāni,Maharashtra,16.399,74.38285,62865,Asia/Kolkata,nipāni maharashtra
Kannur,Kerala,11.86752,75.35763,62836,Asia/Kolkata,kannur kerala
Bāri,Rajasthan,26.64661,77.61634,62721,Asia/Kolkata,bāri rajasthan
Nokha,Rajasthan,27.56155,73.47141,62699,Asia/Kolkata,nokha rajasthan
Vinukonda,Andhra Pradesh,16.0531,79.73964,62550,Asia/Kolkata,vinukonda andhra pradesh
Renukūt,Uttar Pradesh,24.21641,83.0358,62413,Asia/Kolkata,renukūt uttar pradesh
Nagari,Andhra Pradesh,13.32139,79.58557,62253,Asia/Kolkata,nagari andhra pradesh
Chidambaram,Tamil Nadu,11.39933,79.69144,62153,Asia/Kolkata,chidambaram tamil nadu
Dabwāli,Gujarat,29.94906,74.73832,62113,Asia/Kolkata,dabwāli gujarat
Sibsāgar,Arunachal Pradesh,26.98427,94.63784,62104,Asia/Kolkata,sibsāgar arunachal pradesh
Narwāna,Gujarat,29.59903,76.11927,62090,Asia/Kolkata,narwāna gujarat
Okha,Goa,22.46756,69.07002,62052,Asia/Kolkata,okha goa
Kuchāman,Rajasthan,27.14745,74.85655,61969,Asia/Kolkata,kuchāman rajasthan
Nīmbāhera,Rajasthan,24.62166,74.67999,61949,Asia/Kolkata,nīmbāhera rajasthan
Siddhapur,Goa,23.91783,72.37212,61867,Asia/Kolkata,siddhapur goa
Diphu,Arunachal Pradesh,25.84341,93.43116,61797,Asia/Kolkata,diphu arunachal pradesh
Attur,Tamil Nadu,11.59414,78.60143,61793,Asia/Kolkata,attur tamil nadu
Rāyadrug,Andhra Pradesh,14.69971,76.85241,61749,Asia/Kolkata,rāyadrug andhra pradesh
Rāth,Uttar Pradesh,25.59474,79.5666,61728,Asia/Kolkata,rāth uttar pradesh
Cheruvannur,Kerala,11.19033,75.82833,61614,Asia/Kolkata,cheruvannur kerala
Vriddhāchalam,Tamil Nadu,11.5183,79.32411,61498,Asia/Kolkata,vriddhāchalam tamil nadu
Bārh,Bihar,25.48339,85.70928,61470,Asia/Kolkata,bārh bihar
Shāhāda,Maharashtra,21.54538,74.47106,61376,Asia/Kolkata,shāhāda maharashtra
Dabra,Madhya Pradesh,25.88572,78.33221,61277,Asia/Kolkata,dabra madhya pradesh
Udumalaippettai,Tamil Nadu,10.58806,77.24779,61133,Asia/Kolkata,udumalaippettai tamil nadu
Tiptūr,Karnataka,13.2563,76.47768,60957,Asia/Kolkata,tiptūr karnataka
Sahaswān,Uttar Pradesh,28.07227,78.75082,60953,Asia/Kolkata,sahaswān uttar pradesh
Wanparti,Telangana,16.36738,78.06889,60949,Asia/Kolkata,wanparti telangana
Sirhind,Punjab,30.64321,76.38421,60847,Asia/Kolkata,sirhind punjab
Bārdoli,Goa,21.12297,73.11151,60821,Asia/Kolkata,bārdoli goa
Mokameh,Bihar,25.39662,85.9219,60678,Asia/Kolkata,mokameh bihar
Arāmbāgh,West Bengal,22.88333,87.78333,60639,Asia/Kolkata,arāmbāgh west bengal
Poonamalle,Tamil Nadu,13.04888,80.11488,60607,Asia/Kolkata,poonamalle tamil nadu
Keonjhargarh,Odisha,21.6318,85.59686,60590,Asia/Kolkata,keonjhargarh odisha
Bhadravati,Maharashtra,20.1001,79.11442,60565,Asia/Kolkata,bhadravati maharashtra
Panruti,Tamil Nadu,11.77662,79.55269,60323,Asia/Kolkata,panruti tamil nadu
Ilkal,Karnataka,15.95923,76.11351,60242,Asia/Kolkata,ilkal karnataka
Kīratpur,Uttar Pradesh,29.50671,78.20613,60223,Asia/Kolkata,kīratpur uttar pradesh
Vrindāvan,Uttar Pradesh,27.58105,77.69662,60195,Asia/Kolkata,vrindāvan uttar pradesh
Kodungallūr,Kerala,10.23263,76.19513,60190,Asia/Kolkata,kodungallūr kerala
Nedumangād,Kerala,8.60267,77.00139,60161,Asia/Kolkata,nedumangād kerala
Bangaon,Bihar,25.86728,86.51152,60000,Asia/Kolkata,bangaon bihar
Narsimhapur,Madhya Pradesh,22.94936,79.18357,59966,Asia/Kolkata,narsimhapur madhya pradesh
Ponnur,Andhra Pradesh,16.07114,80.54944,59913,Asia/Kolkata,ponnur andhra pradesh
Kathua,Jammu and Kashmir,32.36941,75.52539,59866,Asia/Kolkata,kathua jammu and kashmir
North Lakhimpur,Arunachal Pradesh,27.23517,94.10357,59841,Asia/Kolkata,north lakhimpur arunachal pradesh
Masaurhi Buzurg,Bihar,25.35417,85.03195,59803,Asia/Kolkata,masaurhi buzurg bihar
Nerkunram,Tamil Nadu,13.06194,80.20944,59790,Asia/Kolkata,nerkunram tamil nadu
Shegaon,Maharashtra,20.7932,76.69921,59672,Asia/Kolkata,shegaon maharashtra
Mandideep,Madhya Pradesh,23.08166,77.53328,59654,Asia/Kolkata,mandideep madhya pradesh
Pāchora,Maharashtra,20.66727,75.35305,59609,Asia/Kolkata,pāchora maharashtra
Gobichettipalayam,Tamil Nadu,11.45496,77.4422,59523,Asia/Kolkata,gobichettipalayam tamil nadu
Gangoh,Uttar Pradesh,29.78004,77.26346,59519,Asia/Kolkata,gangoh uttar pradesh
Itanagar,Arunachal Pradesh,27.08694,93.60987,59490,Asia/Kolkata,itanagar arunachal pradesh
Jaitpur,Gujarat,28.50647,77.32976,59330,Asia/Kolkata,jaitpur gujarat
Narasapur,Andhra Pradesh,16.43425,81.69845,59306,Asia/Kolkata,narasapur andhra pradesh
Dhone,Andhra Pradesh,15.3952,77.8715,59272,Asia/Kolkata,dhone andhra pradesh
Rājgarh,Rajasthan,28.64201,75.38612,59193,Asia/Kolkata,rājgarh rajasthan
Ullal,Karnataka,12.80569,74.86058,59116,Asia/Kolkata,ullal karnataka
Panna,Madhya Pradesh,24.72094,80.18772,59091,Asia/Kolkata,panna madhya pradesh
Gola Gokarannāth,Uttar Pradesh,28.07837,80.47054,58986,Asia/Kolkata,gola gokarannāth uttar pradesh
Gohad,Madhya Pradesh,26.43278,78.44205,58939,Asia/Kolkata,gohad madhya pradesh
Wani,Maharashtra,20.05507,78.95313,58840,Asia/Kolkata,wani maharashtra
Thiruvarur,Tamil Nadu,10.77269,79.6368,58777,Asia/Kolkata,thiruvarur tamil nadu
Upleta,Goa,21.74015,70.28256,58775,Asia/Kolkata,upleta goa
Nūzvīd,Andhra Pradesh,16.78854,80.84593,58590,Asia/Kolkata,nūzvīd andhra pradesh
Lonavla,Maharashtra,18.75275,73.40575,58562,Asia/Kolkata,lonavla maharashtra
Una,Goa,20.82318,71.03795,58528,Asia/Kolkata,una goa
Sillod,Maharashtra,20.30303,75.65284,58230,Asia/Kolkata,sillod maharashtra
Sīra,Karnataka,13.74155,76.9043,57928,Asia/Kolkata,sīra karnataka
Chikhli,Maharashtra,20.35046,76.25774,57889,Asia/Kolkata,chikhli maharashtra
Jhārgrām,West Bengal,22.45384,86.99497,57796,Asia/Kolkata,jhārgrām west bengal
Kagaznāgār,Telangana,19.33159,79.46605,57583,Asia/Kolkata,kagaznāgār telangana
Bhātāpāra,Unknown,21.735,81.94711,57537,Asia/Kolkata,bhātāpāra unknown
Kāsībugga,Andhra Pradesh,18.75927,84.41613,57507,Asia/Kolkata,kāsībugga andhra pradesh
Hasanpur,Uttar Pradesh,28.72249,78.28436,57481,Asia/Kolkata,hasanpur uttar pradesh
Lohārdagā,Unknown,23.43305,84.67992,57411,Asia/Kolkata,lohārdagā unknown
Jahāngīrābād,Uttar Pradesh,28.40549,78.10588,57363,Asia/Kolkata,jahāngīrābād uttar pradesh
Sherkot,Uttar Pradesh,29.32704,78.57429,57361,Asia/Kolkata,sherkot uttar pradesh
Kātrās,Unknown,23.79752,86.29834,57349,Asia/Kolkata,kātrās unknown
Mācherla,Andhra Pradesh,16.47635,79.43533,57290,Asia/Kolkata,mācherla andhra pradesh
Naksalbāri,West Bengal,26.6827,88.22001,57283,Asia/Kolkata,naksalbāri west bengal
Sankarankovil,Tamil Nadu,9.17048,77.54107,57277,Asia/Kolkata,sankarankovil tamil nadu
Mulbāgal,Karnataka,13.16352,78.39346,57276,Asia/Kolkata,mulbāgal karnataka
Kandukūr,Andhra Pradesh,15.21542,79.9039,57246,Asia/Kolkata,kandukūr andhra pradesh
Tiruvalla,Kerala,9.3816,76.57489,57223,Asia/Kolkata,tiruvalla kerala
Roshanpura,Delhi,28.60057,76.98918,57217,Asia/Kolkata,roshanpura delhi
Ponnūru,Andhra Pradesh,16.06547,80.55203,57170,Asia/Kolkata,ponnūru andhra pradesh
Kollegāl,Karnataka,12.15449,77.11051,57149,Asia/Kolkata,kollegāl karnataka
Mukandpur,Delhi,28.73944,77.18315,57135,Asia/Kolkata,mukandpur delhi
Unjha,Goa,23.80366,72.39101,57108,Asia/Kolkata,unjha goa
Chhibrāmau,Uttar Pradesh,27.14872,79.50078,57071,Asia/Kolkata,chhibrāmau uttar pradesh
Tilhar,Uttar Pradesh,27.96282,79.73827,57043,Asia/Kolkata,tilhar uttar pradesh
Lunglei,Mizoram,22.89247,92.74218,57011,Asia/Kolkata,lunglei mizoram
Hoskote,Karnataka,13.0707,77.79814,56980,Asia/Kolkata,hoskote karnataka
Byasanagar,Odisha,20.95569,86.12643,56946,Asia/Kolkata,byasanagar odisha
Bada Barabīl,Odisha,22.11186,85.38684,56870,Asia/Kolkata,bada barabīl odisha
Sāmalkot,Andhra Pradesh,17.05675,82.17639,56864,Asia/Kolkata,sāmalkot andhra pradesh
Karīmganj,Arunachal Pradesh,24.86919,92.35543,56854,Asia/Kolkata,karīmganj arunachal pradesh
Bobbili,Andhra Pradesh,18.57366,83.35925,56819,Asia/Kolkata,bobbili andhra pradesh
Mettur,Tamil Nadu,11.78796,77.8008,56743,Asia/Kolkata,mettur tamil nadu
Sattenapalle,Andhra Pradesh,16.39381,80.15221,56721,Asia/Kolkata,sattenapalle andhra pradesh
Tirūrangādi,Kerala,11.04316,75.92337,56632,Asia/Kolkata,tirūrangādi kerala
Tennala,Kerala,10.99342,75.93504,56546,Asia/Kolkata,tennala kerala
Chakradharpur,Unknown,22.67611,85.62892,56531,Asia/Kolkata,chakradharpur unknown
Sendhwa,Madhya Pradesh,21.68562,75.09622,56485,Asia/Kolkata,sendhwa madhya pradesh
Talegaon Dābhāde,Maharashtra,18.73502,73.67561,56435,Asia/Kolkata,talegaon dābhāde maharashtra
Hiriyūr,Karnataka,13.94455,76.61723,56416,Asia/Kolkata,hiriyūr karnataka
Anjangaon,Maharashtra,21.16516,77.3091,56380,Asia/Kolkata,anjangaon maharashtra
Charkhi Dādri,Gujarat,28.59166,76.27161,56337,Asia/Kolkata,charkhi dādri gujarat
Ujhāni,Uttar Pradesh,28.00311,79.00821,56309,Asia/Kolkata,ujhāni uttar pradesh
Bankra,West Bengal,22.60291,88.27751,56273,Asia/Kolkata,bankra west bengal
Dabhoi,Goa,22.18333,73.43333,56253,Asia/Kolkata,dabhoi goa
Teghra,Bihar,25.49043,85.94001,56234,Asia/Kolkata,teghra bihar
Obra,Uttar Pradesh,24.41863,82.98797,56110,Asia/Kolkata,obra uttar pradesh
Tiruvallur,Tamil Nadu,13.14376,79.90889,56074,Asia/Kolkata,tiruvallur tamil nadu
Mandapeta,Andhra Pradesh,16.86254,81.92921,56063,Asia/Kolkata,mandapeta andhra pradesh
Tirur,Kerala,10.91368,75.92118,56058,Asia/Kolkata,tirur kerala
Ropar,Punjab,30.96896,76.52695,56038,Asia/Kolkata,ropar punjab
Nāmakkal,Tamil Nadu,11.22126,78.16524,55997,Asia/Kolkata,nāmakkal tamil nadu
Arcot,Tamil Nadu,12.90569,79.31897,55955,Asia/Kolkata,arcot tamil nadu
Lāharpur,Uttar Pradesh,27.70827,80.90256,55911,Asia/Kolkata,lāharpur uttar pradesh
Viramgām,Goa,23.12564,72.05014,55821,Asia/Kolkata,viramgām goa
Islāmpur,West Bengal,26.26541,88.18982,55691,Asia/Kolkata,islāmpur west bengal
Karād,Maharashtra,17.28937,74.18183,55663,Asia/Kolkata,karād maharashtra
Yanam,Andhra Pradesh,16.73308,82.21364,55626,Asia/Kolkata,yanam andhra pradesh
Ābu Road,Rajasthan,24.48012,72.78186,55599,Asia/Kolkata,ābu road rajasthan
Raxaul,Bihar,26.97982,84.85065,55536,Asia/Kolkata,raxaul bihar
Moonniyur,Kerala,11.05972,75.90311,55535,Asia/Kolkata,moonniyur kerala
Barwāni,Madhya Pradesh,22.03232,74.89982,55504,Asia/Kolkata,barwāni madhya pradesh
Kottayam,Kerala,9.58692,76.52132,55374,Asia/Kolkata,kottayam kerala
Tiruttangal,Tamil Nadu,9.48333,77.83333,55362,Asia/Kolkata,tiruttangal tamil nadu
Petlād,Goa,22.47681,72.79995,55330,Asia/Kolkata,petlād goa
Jālaun,Uttar Pradesh,26.1451,79.3366,55299,Asia/Kolkata,jālaun uttar pradesh
Periya Semūr,Tamil Nadu,11.36088,77.68952,55282,Asia/Kolkata,periya semūr tamil nadu
Madhupur,Unknown,24.27419,86.63929,55238,Asia/Kolkata,madhupur unknown
Dhūri,Punjab,30.36846,75.86791,55225,Asia/Kolkata,dhūri punjab
Challakere,Karnataka,14.318,76.65165,55194,Asia/Kolkata,challakere karnataka
Etāwa,Madhya Pradesh,24.18351,78.20289,55185,Asia/Kolkata,etāwa madhya pradesh
Chiplūn,Maharashtra,17.53339,73.50935,55139,Asia/Kolkata,chiplūn maharashtra
Mandlā,Madhya Pradesh,22.59879,80.37115,55133,Asia/Kolkata,mandlā madhya pradesh
Bhīmunipatnam,Andhra Pradesh,17.89017,83.45203,55082,Asia/Kolkata,bhīmunipatnam andhra pradesh
Mawlai-Mawïong,Meghalaya,25.62322,91.88175,55012,Asia/Kolkata,mawlai-mawïong meghalaya
Kavanur,Tamil Nadu,12.99623,80.07514,54986,Asia/Kolkata,kavanur tamil nadu
Pithāpuram,Andhra Pradesh,17.1168,82.25284,54859,Asia/Kolkata,pithāpuram andhra pradesh
Kāndi,West Bengal,23.95946,88.04018,54848,Asia/Kolkata,kāndi west bengal
Idappadi,Tamil Nadu,11.58624,77.83891,54823,Asia/Kolkata,idappadi tamil nadu
Sāhibābād Daulotpur,Delhi,28.74705,77.11465,54773,Asia/Kolkata,sāhibābād daulotpur delhi
Punganūru,Andhra Pradesh,13.36672,78.57186,54746,Asia/Kolkata,punganūru andhra pradesh
Ghātāl,West Bengal,22.66244,87.73399,54658,Asia/Kolkata,ghātāl west bengal
Jāfarābād,Delhi,28.67873,77.27116,54601,Asia/Kolkata,jāfarābād delhi
Sāgar,Karnataka,14.16498,75.02901,54550,Asia/Kolkata,sāgar karnataka
Sihor,Goa,21.71134,71.96179,54547,Asia/Kolkata,sihor goa
Mūndka,Delhi,28.68012,77.02975,54541,Asia/Kolkata,mūndka delhi
Deglur,Maharashtra,18.54829,77.57695,54493,Asia/Kolkata,deglur maharashtra
Madhepura,Bihar,25.92127,86.79271,54472,Asia/Kolkata,madhepura bihar
Bārāmati,Maharashtra,18.15174,74.57767,54415,Asia/Kolkata,bārāmati maharashtra
Mahāsamund,Unknown,21.10743,82.0948,54413,Asia/Kolkata,mahāsamund unknown
Sidhi,Madhya Pradesh,24.4038,81.87954,54331,Asia/Kolkata,sidhi madhya pradesh
Kāsaragod,Kerala,12.49838,74.98959,54172,Asia/Kolkata,kāsaragod kerala
Garhchiroli,Maharashtra,20.18061,80.00522,54152,Asia/Kolkata,garhchiroli maharashtra
Puttūr,Andhra Pradesh,13.44189,79.55314,54092,Asia/Kolkata,puttūr andhra pradesh
Jalor,Rajasthan,25.34558,72.61559,54081,Asia/Kolkata,jalor rajasthan
Samāna,Punjab,30.15395,76.19851,54072,Asia/Kolkata,samāna punjab
Rāzampeta,Andhra Pradesh,14.19544,79.15896,54050,Asia/Kolkata,rāzampeta andhra pradesh
Wāri,Maharashtra,21.15313,79.0076,54048,Asia/Kolkata,wāri maharashtra
Shella,Meghalaya,25.17861,91.63952,54039,Asia/Kolkata,shella meghalaya
Palmaner,Andhra Pradesh,13.2,78.74725,54035,Asia/Kolkata,palmaner andhra pradesh
Deolāli,Maharashtra,19.94404,73.83441,54027,Asia/Kolkata,deolāli maharashtra
Kanakapura,Karnataka,12.54654,77.42005,54014,Asia/Kolkata,kanakapura karnataka
Wokha,Nagaland,26.09717,94.25817,54010,Asia/Kolkata,wokha nagaland
Umred,Maharashtra,20.85396,79.32466,53971,Asia/Kolkata,umred maharashtra
Kālna,West Bengal,23.21944,88.36295,53964,Asia/Kolkata,kālna west bengal
Pallichal,Kerala,8.44976,77.02573,53861,Asia/Kolkata,pallichal kerala
Tāndoni,Tamil Nadu,10.92611,78.0941,53854,Asia/Kolkata,tāndoni tamil nadu
Pārvatipuram,Andhra Pradesh,18.78392,83.42569,53844,Asia/Kolkata,pārvatipuram andhra pradesh
Kotharia,Goa,22.23436,70.81903,53794,Asia/Kolkata,kotharia goa
Ottapalam,Kerala,10.7735,76.37758,53792,Asia/Kolkata,ottapalam kerala
Dīdwāna,Rajasthan,27.40096,74.57537,53749,Asia/Kolkata,dīdwāna rajasthan
Begampur,Delhi,28.72655,77.06689,53682,Asia/Kolkata,begampur delhi
Gaddi Annaram,Telangana,17.36687,78.5242,53622,Asia/Kolkata,gaddi annaram telangana
Dumraon,Bihar,25.55265,84.15149,53618,Asia/Kolkata,dumraon bihar
Nerupperichchal,Tamil Nadu,11.16105,77.37398,53579,Asia/Kolkata,nerupperichchal tamil nadu
Jaggaiahpet,Andhra Pradesh,16.89155,80.09551,53530,Asia/Kolkata,jaggaiahpet andhra pradesh
Rampur Hat,West Bengal,24.17737,87.78275,53468,Asia/Kolkata,rampur hat west bengal
Khanapuram Haveli,Telangana,17.26239,80.16809,53442,Asia/Kolkata,khanapuram haveli telangana
Goālpāra,Arunachal Pradesh,26.17668,90.62634,53430,Asia/Kolkata,goālpāra arunachal pradesh
Tuni,Andhra Pradesh,17.35905,82.54607,53425,Asia/Kolkata,tuni andhra pradesh
Laxmangarh,Rajasthan,27.82294,75.02754,53392,Asia/Kolkata,laxmangarh rajasthan
Shāhpur,Karnataka,16.69605,76.8422,53366,Asia/Kolkata,shāhpur karnataka
Bhongīr,Telangana,17.51544,78.88563,53339,Asia/Kolkata,bhongīr telangana
Puttūr,Karnataka,12.75975,75.20169,53331,Asia/Kolkata,puttūr karnataka
Ullagaram,Tamil Nadu,12.979,80.19703,53322,Asia/Kolkata,ullagaram tamil nadu
Sri Dūngargarh,Rajasthan,28.09617,74.00868,53294,Asia/Kolkata,sri dūngargarh rajasthan
Ayodhya,Uttar Pradesh,26.79909,82.2047,53293,Asia/Kolkata,ayodhya uttar pradesh
Mubarakpur,Uttar Pradesh,26.08866,83.29088,53263,Asia/Kolkata,mubarakpur uttar pradesh
Amalāpuram,Andhra Pradesh,16.57868,82.00609,53231,Asia/Kolkata,amalāpuram andhra pradesh
Arsikere,Karnataka,13.31446,76.25704,53216,Asia/Kolkata,arsikere karnataka
Phaltan,Maharashtra,17.99113,74.43177,53202,Asia/Kolkata,phaltan maharashtra
Ashta,Madhya Pradesh,23.01754,76.72208,53184,Asia/Kolkata,ashta madhya pradesh
Sandīla,Uttar Pradesh,27.06989,80.51497,53182,Asia/Kolkata,sandīla uttar pradesh
Vikārābād,Telangana,17.3381,77.90441,53143,Asia/Kolkata,vikārābād telangana
Baruipur,West Bengal,22.36544,88.4325,53128,Asia/Kolkata,baruipur west bengal
Choudwar,Odisha,20.53917,85.91512,52999,Asia/Kolkata,choudwar odisha
Shāhābād,Karnataka,17.1307,76.94361,52952,Asia/Kolkata,shāhābād karnataka
Sultānganj,Bihar,25.23831,86.73559,52892,Asia/Kolkata,sultānganj bihar
Mandi Dabwāli,Gujarat,29.96633,74.70025,52873,Asia/Kolkata,mandi dabwāli gujarat
Konch,Uttar Pradesh,25.99451,79.15127,52773,Asia/Kolkata,konch uttar pradesh
Bāprola,Delhi,28.64133,77.01415,52744,Asia/Kolkata,bāprola delhi
Venkatagiri,Andhra Pradesh,13.96005,79.58032,52688,Asia/Kolkata,venkatagiri andhra pradesh
Dabhel,52,20.40953,72.88339,52578,Asia/Kolkata,dabhel 52
Biswān,Uttar Pradesh,27.49581,80.99618,52516,Asia/Kolkata,biswān uttar pradesh
Siruguppa,Karnataka,15.63,76.89217,52492,Asia/Kolkata,siruguppa karnataka
Kosi,Uttar Pradesh,27.79449,77.4368,52492,Asia/Kolkata,kosi uttar pradesh
Sironj,Madhya Pradesh,24.10313,77.69055,52460,Asia/Kolkata,sironj madhya pradesh
Jangaon,Telangana,17.72602,79.15236,52394,Asia/Kolkata,jangaon telangana
Daudnagar,Bihar,25.03473,84.40095,52364,Asia/Kolkata,daudnagar bihar
Dandeli,Karnataka,15.26667,74.61667,52295,Asia/Kolkata,dandeli karnataka
Ramapuram,Tamil Nadu,13.03179,80.18243,52295,Asia/Kolkata,ramapuram tamil nadu
Mudhol,Karnataka,16.33354,75.28305,52199,Asia/Kolkata,mudhol karnataka
Thodupuzha,Kerala,9.89394,76.72216,52045,Asia/Kolkata,thodupuzha kerala
Devakottai,Tamil Nadu,9.94704,78.8233,51865,Asia/Kolkata,devakottai tamil nadu
Arwal,Bihar,25.24281,84.66571,51849,Asia/Kolkata,arwal bihar
Kāliyāganj,West Bengal,25.63442,88.32665,51748,Asia/Kolkata,kāliyāganj west bengal
Nasīrābād,Rajasthan,26.30473,74.73364,51747,Asia/Kolkata,nasīrābād rajasthan
Khagaul,Bihar,25.57898,85.04564,51577,Asia/Kolkata,khagaul bihar
Changanācheri,Kerala,9.44203,76.53604,51430,Asia/Kolkata,changanācheri kerala
Shorāpur,Karnataka,16.521,76.75738,51398,Asia/Kolkata,shorāpur karnataka
Māndvi,Goa,22.83282,69.35237,51376,Asia/Kolkata,māndvi goa
Rajgangpur,Odisha,22.2,84.583,51362,Asia/Kolkata,rajgangpur odisha
Ozar,Maharashtra,20.09473,73.92816,51297,Asia/Kolkata,ozar maharashtra
Peranāmpattu,Tamil Nadu,12.9343,78.7189,51271,Asia/Kolkata,peranāmpattu tamil nadu
Gumlā,Unknown,23.04268,84.54429,51264,Asia/Kolkata,gumlā unknown
Rāmnagar,Uttarakhand,29.3925,79.1283,51244,Asia/Kolkata,rāmnagar uttarakhand
Vazhakkala,Kerala,10.01239,76.32633,51242,Asia/Kolkata,vazhakkala kerala
Shujālpur,Madhya Pradesh,23.40673,76.7098,51225,Asia/Kolkata,shujālpur madhya pradesh
Tirumangalam,Tamil Nadu,9.82307,77.98381,51194,Asia/Kolkata,tirumangalam tamil nadu
Sidlaghatta,Karnataka,13.38896,77.86444,51159,Asia/Kolkata,sidlaghatta karnataka
Khurai,Madhya Pradesh,24.04372,78.33014,51108,Asia/Kolkata,khurai madhya pradesh
Hilsa,Bihar,25.31642,85.28234,51052,Asia/Kolkata,hilsa bihar
Rampura Phul,Punjab,30.27563,75.24253,51023,Asia/Kolkata,rampura phul punjab
Fatwa,Bihar,25.50958,85.30504,50961,Asia/Kolkata,fatwa bihar
Tūndla,Uttar Pradesh,27.2146,78.23683,50939,Asia/Kolkata,tūndla uttar pradesh
Mannārakkāt,Kerala,10.99223,76.46418,50921,Asia/Kolkata,mannārakkāt kerala
Metpalle,Telangana,18.84724,78.62563,50902,Asia/Kolkata,metpalle telangana
Naya Gaon,Punjab,30.77515,76.79308,50869,Asia/Kolkata,naya gaon punjab
Repalle,Andhra Pradesh,16.0184,80.82958,50866,Asia/Kolkata,repalle andhra pradesh
Hunsūr,Karnataka,12.30359,76.29275,50865,Asia/Kolkata,hunsūr karnataka
Nanjangūd,Karnataka,12.11764,76.68397,50598,Asia/Kolkata,nanjangūd karnataka
Forbesganj,Bihar,26.30253,87.26556,50475,Asia/Kolkata,forbesganj bihar
Nithari,Delhi,28.70489,77.05285,50464,Asia/Kolkata,nithari delhi
Sunabeda,Odisha,18.7284,82.82932,50394,Asia/Kolkata,sunabeda odisha
Gajraula,Uttar Pradesh,28.8457,78.2396,50380,Asia/Kolkata,gajraula uttar pradesh
Vīrapāndi,Tamil Nadu,11.06247,77.35076,50301,Asia/Kolkata,vīrapāndi tamil nadu
Dāhānu,Maharashtra,19.96778,72.71263,50287,Asia/Kolkata,dāhānu maharashtra
Rasipuram,Tamil Nadu,11.46009,78.18635,50244,Asia/Kolkata,rasipuram tamil nadu
Sālūr,Andhra Pradesh,18.51716,83.20548,50206,Asia/Kolkata,sālūr andhra pradesh
Bhabhua,Bihar,25.04049,83.60749,50179,Asia/Kolkata,bhabhua bihar
Hodal,Gujarat,27.89196,77.36744,50143,Asia/Kolkata,hodal gujarat
Bhadrāchalam,Telangana,17.66846,80.88887,50087,Asia/Kolkata,bhadrāchalam telangana
Aonla,Uttar Pradesh,28.27402,79.16521,50011,Asia/Kolkata,aonla uttar pradesh
Tirupparangunram,Tamil Nadu,9.88151,78.07306,50004,Asia/Kolkata,tirupparangunram tamil nadu
Chatrā,Unknown,24.20645,84.87085,49985,Asia/Kolkata,chatrā unknown
Khagaria,Bihar,25.5022,86.46708,49982,Asia/Kolkata,khagaria bihar
Dhāmpur,Uttar Pradesh,29.30883,78.51083,49973,Asia/Kolkata,dhāmpur uttar pradesh
Phalodi,Rajasthan,27.13102,72.36826,49914,Asia/Kolkata,phalodi rajasthan
Gangākher,Maharashtra,18.96962,76.74946,49891,Asia/Kolkata,gangākher maharashtra
Sardhana,Uttar Pradesh,29.14551,77.61433,49857,Asia/Kolkata,sardhana uttar pradesh
Nohar,Rajasthan,29.18292,74.77064,49835,Asia/Kolkata,nohar rajasthan
Yeola,Maharashtra,20.0424,74.48944,49826,Asia/Kolkata,yeola maharashtra
Bhaisa,Telangana,19.11285,77.96336,49764,Asia/Kolkata,bhaisa telangana
Perintalmanna,Kerala,10.97724,76.22541,49723,Asia/Kolkata,perintalmanna kerala
Jugsālai,Unknown,22.77668,86.18351,49660,Asia/Kolkata,jugsālai unknown
Perambalur,Tamil Nadu,11.23333,78.88333,49648,Asia/Kolkata,perambalur tamil nadu
Badūria,West Bengal,22.74431,88.78655,49547,Asia/Kolkata,badūria west bengal
Gudalur,Tamil Nadu,11.52073,76.48141,49535,Asia/Kolkata,gudalur tamil nadu
Kizhake Chālakudi,Kerala,10.30067,76.33763,49525,Asia/Kolkata,kizhake chālakudi kerala
Narkatiāganj,Bihar,27.10383,84.46185,49507,Asia/Kolkata,narkatiāganj bihar
Peddāpuram,Andhra Pradesh,17.07701,82.13836,49477,Asia/Kolkata,peddāpuram andhra pradesh
Majalgaon,Maharashtra,19.15513,76.20992,49453,Asia/Kolkata,majalgaon maharashtra
Daund,Maharashtra,18.46515,74.58375,49450,Asia/Kolkata,daund maharashtra
Kapadvanj,Goa,23.02302,73.07113,49308,Asia/Kolkata,kapadvanj goa
Kotputli,Rajasthan,27.70207,76.19911,49202,Asia/Kolkata,kotputli rajasthan
Dyāne,Maharashtra,20.56743,74.52845,49192,Asia/Kolkata,dyāne maharashtra
Bail-Hongal,Karnataka,15.8137,74.85895,49182,Asia/Kolkata,bail-hongal karnataka
Biaora,Madhya Pradesh,23.9205,76.91074,49093,Asia/Kolkata,biaora madhya pradesh
Naugachhia,Bihar,25.38807,87.09906,49069,Asia/Kolkata,naugachhia bihar
Kānūru,Andhra Pradesh,16.49853,80.69141,49006,Asia/Kolkata,kānūru andhra pradesh
Dehu Road,Maharashtra,18.68211,73.73161,48961,Asia/Kolkata,dehu road maharashtra
Pipariā,Madhya Pradesh,22.75703,78.35499,48826,Asia/Kolkata,pipariā madhya pradesh
Barpeta,Arunachal Pradesh,26.32293,91.00632,48824,Asia/Kolkata,barpeta arunachal pradesh
Gooty,Andhra Pradesh,15.11836,77.63776,48658,Asia/Kolkata,gooty andhra pradesh
Tamlūk,West Bengal,22.30083,87.92593,48646,Asia/Kolkata,tamlūk west bengal
Vengara,Kerala,11.05083,75.97806,48600,Asia/Kolkata,vengara kerala
Jaisingpur,Maharashtra,16.77639,74.55361,48510,Asia/Kolkata,jaisingpur maharashtra
Nangal,Punjab,31.38966,76.37574,48497,Asia/Kolkata,nangal punjab
Jasdan,Goa,22.03709,71.20794,48483,Asia/Kolkata,jasdan goa
Godda,Unknown,24.827,87.2125,48480,Asia/Kolkata,godda unknown
Bikramganj,Bihar,25.21073,84.25508,48465,Asia/Kolkata,bikramganj bihar
Morār,Madhya Pradesh,26.2264,78.22482,48464,Asia/Kolkata,morār madhya pradesh
Jhajjar,Gujarat,28.6063,76.6565,48424,Asia/Kolkata,jhajjar gujarat
Rāmnagar,Bihar,27.16371,84.32342,48411,Asia/Kolkata,rāmnagar bihar
Nihtaur,Uttar Pradesh,29.32416,78.38724,48389,Asia/Kolkata,nihtaur uttar pradesh
Mahnar Bazar,Bihar,25.60962,85.48076,48293,Asia/Kolkata,mahnar bazar bihar
Vite,Maharashtra,17.27343,74.53792,48289,Asia/Kolkata,vite maharashtra
Gumia,Unknown,23.7975,85.82523,48141,Asia/Kolkata,gumia unknown
Anakaputhur,Tamil Nadu,12.9828,80.1264,48050,Asia/Kolkata,anakaputhur tamil nadu
Tānālūr,Kerala,10.95154,75.90961,47976,Asia/Kolkata,tānālūr kerala
Bhīnmāl,Rajasthan,24.99944,72.27141,47932,Asia/Kolkata,bhīnmāl rajasthan
Sadasivpet,Telangana,17.61925,77.95263,47920,Asia/Kolkata,sadasivpet telangana
Bakhtiarpur,Bihar,25.45598,85.5329,47897,Asia/Kolkata,bakhtiarpur bihar
Jalandhar Cantonment,Punjab,31.29421,75.61974,47845,Asia/Kolkata,jalandhar cantonment punjab
Athani,Karnataka,16.72613,75.06421,47842,Asia/Kolkata,athani karnataka
Warud,Maharashtra,21.47101,78.26965,47817,Asia/Kolkata,warud maharashtra
Wānkāner,Goa,22.61198,70.94379,47814,Asia/Kolkata,wānkāner goa
Churāchāndpur,Manipur,24.33353,93.66999,47774,Asia/Kolkata,churāchāndpur manipur
Dūngarpur,Rajasthan,23.84306,73.71466,47706,Asia/Kolkata,dūngarpur rajasthan
Chhaya,Goa,21.62878,69.63386,47699,Asia/Kolkata,chhaya goa
Dumka,Unknown,24.26778,87.24855,47663,Asia/Kolkata,dumka unknown
Gādarwāra,Madhya Pradesh,22.9235,78.7849,47604,Asia/Kolkata,gādarwāra madhya pradesh
Pithorāgarh,Uttarakhand,29.58349,80.20947,47571,Asia/Kolkata,pithorāgarh uttarakhand
Ballia,Bihar,25.42139,86.31445,47550,Asia/Kolkata,ballia bihar
Bihtā,Bihar,25.55885,84.87141,47549,Asia/Kolkata,bihtā bihar
Atraulī,Uttar Pradesh,28.02964,78.28571,47512,Asia/Kolkata,atraulī uttar pradesh
Walajapet,Tamil Nadu,12.9251,79.36626,47498,Asia/Kolkata,walajapet tamil nadu
Koraput,Odisha,18.81199,82.71048,47468,Asia/Kolkata,koraput odisha
Umarkhed,Maharashtra,19.60144,77.68878,47458,Asia/Kolkata,umarkhed maharashtra
Kunnamangalam,Kerala,11.30459,75.87772,47396,Asia/Kolkata,kunnamangalam kerala
Valasaravakkam,Tamil Nadu,13.04394,80.17251,47378,Asia/Kolkata,valasaravakkam tamil nadu
Alengād,Kerala,10.11901,76.30226,47329,Asia/Kolkata,alengād kerala
Jodhpur,Goa,21.90174,70.0327,47329,Asia/Kolkata,jodhpur goa
Alangad,Kerala,10.10192,76.29104,47329,Asia/Kolkata,alangad kerala
Punalūr,Kerala,9.01956,76.92261,47263,Asia/Kolkata,punalūr kerala
Vikramasingapuram,Tamil Nadu,8.71477,77.39032,47241,Asia/Kolkata,vikramasingapuram tamil nadu
Vattiyūrkāvu,Kerala,8.52469,76.98886,47187,Asia/Kolkata,vattiyūrkāvu kerala
Padrauna,Uttar Pradesh,26.90403,83.98087,47181,Asia/Kolkata,padrauna uttar pradesh
Ambāh,Madhya Pradesh,26.70423,78.22678,47177,Asia/Kolkata,ambāh madhya pradesh
Komalapuram,Kerala,9.54189,76.34236,47126,Asia/Kolkata,komalapuram kerala
Mattanur,Kerala,11.93018,75.57152,47078,Asia/Kolkata,mattanur kerala
Harpanahalli,Karnataka,14.78766,75.98863,47039,Asia/Kolkata,harpanahalli karnataka
Kendrāparha,Odisha,20.50166,86.42227,47006,Asia/Kolkata,kendrāparha odisha
Tighri,Delhi,28.51225,77.24083,46974,Asia/Kolkata,tighri delhi
Pallikal,Kerala,11.13723,75.92575,46962,Asia/Kolkata,pallikal kerala
Selu,Maharashtra,19.45512,76.44073,46915,Asia/Kolkata,selu maharashtra
Medak,Telangana,18.04531,78.26078,46880,Asia/Kolkata,medak telangana
Patancheru,Telangana,17.53334,78.2645,46821,Asia/Kolkata,patancheru telangana
Chhatarpur,Delhi,28.49849,77.18254,46776,Asia/Kolkata,chhatarpur delhi
Dondaicha,Maharashtra,21.3236,74.56804,46767,Asia/Kolkata,dondaicha maharashtra
Jāmner,Maharashtra,20.80949,75.77768,46762,Asia/Kolkata,jāmner maharashtra
Burla,Odisha,21.50976,83.87259,46698,Asia/Kolkata,burla odisha
Porur,Tamil Nadu,13.03565,80.15821,46690,Asia/Kolkata,porur tamil nadu
Nellikkuppam,Tamil Nadu,11.77554,79.67016,46678,Asia/Kolkata,nellikkuppam tamil nadu
Padra,Goa,22.2398,73.08451,46660,Asia/Kolkata,padra goa
Kawardha,Unknown,22.00853,81.23148,46657,Asia/Kolkata,kawardha unknown
Gulāothi,Uttar Pradesh,28.58938,77.79318,46647,Asia/Kolkata,gulāothi uttar pradesh
Joda,Odisha,22.017,85.422,46631,Asia/Kolkata,joda odisha
Seohāra,Uttar Pradesh,29.20904,78.58837,46546,Asia/Kolkata,seohāra uttar pradesh
Warora,Maharashtra,20.22885,79.00277,46532,Asia/Kolkata,warora maharashtra
Mānvi,Karnataka,15.99126,77.05034,46465,Asia/Kolkata,mānvi karnataka
Kurseong,West Bengal,26.88251,88.27729,46427,Asia/Kolkata,kurseong west bengal
Manglaur,Uttarakhand,29.79094,77.87836,46395,Asia/Kolkata,manglaur uttarakhand
Nilambūr,Kerala,11.27271,76.22571,46366,Asia/Kolkata,nilambūr kerala
Ganj Dundwāra,Uttar Pradesh,27.73308,78.94119,46314,Asia/Kolkata,ganj dundwāra uttar pradesh
Nānpāra,Uttar Pradesh,27.86459,81.50036,46280,Asia/Kolkata,nānpāra uttar pradesh
Khordha,Odisha,20.18268,85.61629,46205,Asia/Kolkata,khordha odisha
Atarra,Uttar Pradesh,25.28618,80.57155,46168,Asia/Kolkata,atarra uttar pradesh
Barbigha,Bihar,25.2167,85.7333,46075,Asia/Kolkata,barbigha bihar
Merta,Rajasthan,26.64859,74.03414,46070,Asia/Kolkata,merta rajasthan
Jammalamadugu,Andhra Pradesh,14.84677,78.38314,46069,Asia/Kolkata,jammalamadugu andhra pradesh
Garhwa,Unknown,24.16002,83.80755,46059,Asia/Kolkata,garhwa unknown
Nawanshahr,Punjab,31.1245,76.11613,46024,Asia/Kolkata,nawanshahr punjab
Rānāvāv,Goa,21.68734,69.74485,46018,Asia/Kolkata,rānāvāv goa
Bānka,Bihar,24.88091,86.92257,45977,Asia/Kolkata,bānka bihar
Thoubāl,Manipur,24.63881,93.99639,45947,Asia/Kolkata,thoubāl manipur
Mahmudābād,Uttar Pradesh,27.29191,81.11775,45921,Asia/Kolkata,mahmudābād uttar pradesh
Milavittan,Tamil Nadu,8.81928,78.09087,45863,Asia/Kolkata,milavittan tamil nadu
Pakur,Unknown,24.63925,87.84239,45840,Asia/Kolkata,pakur unknown
Cherthala,Kerala,9.68444,76.33558,45827,Asia/Kolkata,cherthala kerala
Nāyudupet,Andhra Pradesh,13.90742,79.89465,45769,Asia/Kolkata,nāyudupet andhra pradesh
Farrukhnagar,Telangana,17.07787,78.20339,45675,Asia/Kolkata,farrukhnagar telangana
Rāmpura,Punjab,30.256,75.24116,45639,Asia/Kolkata,rāmpura punjab
Chirakkal,Kerala,11.91257,75.36102,45601,Asia/Kolkata,chirakkal kerala
Chirkunda,Unknown,23.74771,86.78804,45508,Asia/Kolkata,chirkunda unknown
Coonoor,Tamil Nadu,11.34979,76.79375,45494,Asia/Kolkata,coonoor tamil nadu
Pāndhurnā,Madhya Pradesh,21.59556,78.52628,45479,Asia/Kolkata,pāndhurnā madhya pradesh
Shertallai,Kerala,9.68581,76.33996,45474,Asia/Kolkata,shertallai kerala
Kodur,Kerala,11.01528,76.07009,45459,Asia/Kolkata,kodur kerala
Giddarbāha,Punjab,30.19953,74.66627,45370,Asia/Kolkata,giddarbāha punjab
Meddappakkam,Tamil Nadu,12.91661,80.19385,45356,Asia/Kolkata,meddappakkam tamil nadu
Nandikotkūr,Andhra Pradesh,15.85668,78.26569,45343,Asia/Kolkata,nandikotkūr andhra pradesh
Khalīlābād,Uttar Pradesh,26.77268,83.07179,45321,Asia/Kolkata,khalīlābād uttar pradesh
Chittaranjan,West Bengal,23.85681,86.90324,45305,Asia/Kolkata,chittaranjan west bengal
Pāthardih,Unknown,23.6658,86.43166,45276,Asia/Kolkata,pāthardih unknown
Chāmpa,Unknown,22.03532,82.64234,45256,Asia/Kolkata,chāmpa unknown
Mehkar,Maharashtra,20.1505,76.56841,45248,Asia/Kolkata,mehkar maharashtra
Dhanpuri,Madhya Pradesh,23.18542,81.55513,45156,Asia/Kolkata,dhanpuri madhya pradesh
Sundergarh,Odisha,22.11667,84.03333,45036,Asia/Kolkata,sundergarh odisha
Dīg,Rajasthan,27.47188,77.32564,44999,Asia/Kolkata,dīg rajasthan
Tumsar,Maharashtra,21.38333,79.73333,44869,Asia/Kolkata,tumsar maharashtra
Rameswaram,Tamil Nadu,9.2885,79.31271,44856,Asia/Kolkata,rameswaram tamil nadu
Bangarapet,Karnataka,12.99116,78.17804,44849,Asia/Kolkata,bangarapet karnataka
Tānda,Uttar Pradesh,28.97621,78.94187,44822,Asia/Kolkata,tānda uttar pradesh
Vishāram,Tamil Nadu,12.91808,79.27756,44786,Asia/Kolkata,vishāram tamil nadu
Thiruthani,Tamil Nadu,13.17594,79.61637,44781,Asia/Kolkata,thiruthani tamil nadu
Digras,Maharashtra,20.1035,77.71846,44767,Asia/Kolkata,digras maharashtra
Maradu,Kerala,9.93653,76.32382,44704,Asia/Kolkata,maradu kerala
Bāndīkūi,Rajasthan,27.05087,76.57325,44664,Asia/Kolkata,bāndīkūi rajasthan
Dowleswaram,Andhra Pradesh,16.94761,81.77987,44637,Asia/Kolkata,dowleswaram andhra pradesh
Bālāpur,Maharashtra,20.66612,76.77386,44594,Asia/Kolkata,bālāpur maharashtra
Tondalam,Tamil Nadu,11.50137,76.34983,44590,Asia/Kolkata,tondalam tamil nadu
Jawaharnagar,Telangana,17.51001,78.56562,44562,Asia/Kolkata,jawaharnagar telangana
Homnābād,Karnataka,17.77074,77.12519,44483,Asia/Kolkata,homnābād karnataka
Memāri,West Bengal,23.17647,88.09749,44448,Asia/Kolkata,memāri west bengal
Nāndūra,Maharashtra,20.83417,76.45924,44419,Asia/Kolkata,nāndūra maharashtra
Kottangara,Kerala,8.92412,76.64673,44402,Asia/Kolkata,kottangara kerala
Angul,Odisha,20.84089,85.10192,44386,Asia/Kolkata,angul odisha
Kōttakkal,Kerala,11.00089,76.00618,44382,Asia/Kolkata,kōttakkal kerala
Libāspur,Delhi,28.75089,77.14647,44375,Asia/Kolkata,libāspur delhi
Dalli Rājhara,Unknown,20.58573,81.07501,44363,Asia/Kolkata,dalli rājhara unknown
Kālpi,Uttar Pradesh,26.11667,79.73333,44339,Asia/Kolkata,kālpi uttar pradesh
Jintūr,Maharashtra,19.61186,76.6874,44291,Asia/Kolkata,jintūr maharashtra
Daman,52,20.41431,72.83236,44282,Asia/Kolkata,daman 52
Rāmnagar,Uttar Pradesh,25.26907,83.02971,44277,Asia/Kolkata,rāmnagar uttar pradesh
Anekal,Karnataka,12.7111,77.69557,44260,Asia/Kolkata,anekal karnataka
Akkarampalle,Andhra Pradesh,13.65,79.42,44219,Asia/Kolkata,akkarampalle andhra pradesh
Nidadavole,Andhra Pradesh,16.90572,81.67222,44173,Asia/Kolkata,nidadavole andhra pradesh
Raisen,Madhya Pradesh,23.33033,77.7811,44162,Asia/Kolkata,raisen madhya pradesh
Gūduvāncheri,Tamil Nadu,12.84519,80.06055,44098,Asia/Kolkata,gūduvāncheri tamil nadu
Varangaon,Maharashtra,21.01767,75.91042,44067,Asia/Kolkata,varangaon maharashtra
Sihorā,Madhya Pradesh,23.4871,80.10404,44048,Asia/Kolkata,sihorā madhya pradesh
Chidawa,Rajasthan,28.23937,75.64035,43953,Asia/Kolkata,chidawa rajasthan
Ahmadpur,Maharashtra,18.70622,76.93731,43936,Asia/Kolkata,ahmadpur maharashtra
Olavanna,Kerala,11.21836,75.83248,43895,Asia/Kolkata,olavanna kerala
Gobārdānga,West Bengal,22.8774,88.75479,43808,Asia/Kolkata,gobārdānga west bengal
Melmadai,Tamil Nadu,9.92638,78.15028,43797,Asia/Kolkata,melmadai tamil nadu
Saint Thomas Mount,Tamil Nadu,13.00334,80.19614,43795,Asia/Kolkata,saint thomas mount tamil nadu
Yellandu,Telangana,17.59064,80.32146,43787,Asia/Kolkata,yellandu telangana
Hāflong,Arunachal Pradesh,25.16478,93.01744,43756,Asia/Kolkata,hāflong arunachal pradesh
Polavaram,Andhra Pradesh,17.24754,81.64372,43710,Asia/Kolkata,polavaram andhra pradesh
Kanuru,Andhra Pradesh,16.28584,81.25464,43696,Asia/Kolkata,kanuru andhra pradesh
Bodupāl,Telangana,17.41877,78.58427,43692,Asia/Kolkata,bodupāl telangana
Rāmachandrapuram,Andhra Pradesh,16.83636,82.02871,43657,Asia/Kolkata,rāmachandrapuram andhra pradesh
Panachikkad,Kerala,9.52974,76.54062,43595,Asia/Kolkata,panachikkad kerala
Shōranūr,Kerala,10.76181,76.27078,43533,Asia/Kolkata,shōranūr kerala
Pallikaranai,Tamil Nadu,12.9377,80.2153,43493,Asia/Kolkata,pallikaranai tamil nadu
Kāndhla,Uttar Pradesh,29.32104,77.27101,43387,Asia/Kolkata,kāndhla uttar pradesh
Barwāla,Gujarat,29.36747,75.90809,43384,Asia/Kolkata,barwāla gujarat
Nilithi,Delhi,28.65201,77.05644,43371,Asia/Kolkata,nilithi delhi
Jambusar,Goa,22.05236,72.80074,43344,Asia/Kolkata,jambusar goa
Varkala,Kerala,8.7333,76.7167,43276,Asia/Kolkata,varkala kerala
Kātol,Maharashtra,21.27388,78.5858,43267,Asia/Kolkata,kātol maharashtra
Kopali,Unknown,22.83718,86.19161,43256,Asia/Kolkata,kopali unknown
Sainthia,West Bengal,23.94826,87.68045,43221,Asia/Kolkata,sainthia west bengal
Choornikkara,Kerala,10.08788,76.3411,43207,Asia/Kolkata,choornikkara kerala
Perungudi,Tamil Nadu,12.96095,80.24094,43111,Asia/Kolkata,perungudi tamil nadu
Kamal Pur Majra Burari,Delhi,28.74667,77.19348,43086,Asia/Kolkata,kamal pur majra burari delhi
Jīwanpur,Uttar Pradesh,28.71448,77.28489,43054,Asia/Kolkata,jīwanpur uttar pradesh
Barhiya,Bihar,25.28814,86.02055,43045,Asia/Kolkata,barhiya bihar
Sojat,Rajasthan,25.92493,73.66633,43023,Asia/Kolkata,sojat rajasthan
Kālimpong,West Bengal,27.03461,88.63084,43000,Asia/Kolkata,kālimpong west bengal
Periyakulam,Tamil Nadu,10.12268,77.54372,42976,Asia/Kolkata,periyakulam tamil nadu
Simdega,Unknown,22.61523,84.50208,42944,Asia/Kolkata,simdega unknown
Bishrāmpur,Unknown,24.25299,83.92502,42925,Asia/Kolkata,bishrāmpur unknown
Kottuvalli,Kerala,10.11119,76.24634,42922,Asia/Kolkata,kottuvalli kerala
Bairāgnia,Bihar,26.74063,85.27323,42895,Asia/Kolkata,bairāgnia bihar
Diglipur,Andaman and Nicobar Islands,13.26667,93,42877,Asia/Kolkata,diglipur andaman and nicobar islands
Panipat Taraf Ansar,Gujarat,29.41223,76.9547,42877,Asia/Kolkata,panipat taraf ansar gujarat
Ranjangaon S,Maharashtra,19.84404,75.21482,42877,Asia/Kolkata,ranjangaon s maharashtra
Kakkodi,Kerala,11.31973,75.80146,42866,Asia/Kolkata,kakkodi kerala
Mahbūbābād,Telangana,17.59728,80.00207,42851,Asia/Kolkata,mahbūbābād telangana
Perumbaikad,Kerala,9.61827,76.53127,42839,Asia/Kolkata,perumbaikad kerala
Ārvi,Maharashtra,20.99585,78.22914,42822,Asia/Kolkata,ārvi maharashtra
Parāsia,Madhya Pradesh,22.1913,78.75904,42786,Asia/Kolkata,parāsia madhya pradesh
Sivaganga,Tamil Nadu,9.84701,78.48358,42785,Asia/Kolkata,sivaganga tamil nadu
Limbdi,Goa,22.56507,71.81076,42769,Asia/Kolkata,limbdi goa
Chavara,Kerala,8.96727,76.54188,42655,Asia/Kolkata,chavara kerala
Dahegām,Goa,23.16903,72.82161,42632,Asia/Kolkata,dahegām goa
Shāhābād,Gujarat,30.16776,76.87046,42607,Asia/Kolkata,shāhābād gujarat
Jaspur,Uttarakhand,29.27919,78.82798,42524,Asia/Kolkata,jaspur uttarakhand
Thān,Goa,22.57422,71.19942,42508,Asia/Kolkata,thān goa
Bāola,Goa,22.82844,72.36364,42458,Asia/Kolkata,bāola goa
Khekra,Uttar Pradesh,28.86586,77.2841,42408,Asia/Kolkata,khekra uttar pradesh
Bhupalpally,Telangana,18.42866,79.86385,42387,Asia/Kolkata,bhupalpally telangana
Dīnhāta,West Bengal,26.13526,89.46129,42381,Asia/Kolkata,dīnhāta west bengal
Aland,Karnataka,17.56425,76.56854,42371,Asia/Kolkata,aland karnataka
Kumbalangy,Kerala,9.87977,76.28353,42367,Asia/Kolkata,kumbalangy kerala
Naini Tāl,Uttarakhand,29.39743,79.44686,42309,Asia/Kolkata,naini tāl uttarakhand
Idar,Goa,23.84145,73.00068,42306,Asia/Kolkata,idar goa
Chinnamanūr,Tamil Nadu,9.83999,77.38109,42305,Asia/Kolkata,chinnamanūr tamil nadu
Bhawāni Mandi,Madhya Pradesh,24.41582,75.83552,42283,Asia/Kolkata,bhawāni mandi madhya pradesh
Kyathampalle,Telangana,19.66781,78.5289,42275,Asia/Kolkata,kyathampalle telangana
Sikandra Rao,Uttar Pradesh,27.68859,78.37985,42229,Asia/Kolkata,sikandra rao uttar pradesh
Palladam,Tamil Nadu,10.99175,77.28633,42225,Asia/Kolkata,palladam tamil nadu
Rāzām,Andhra Pradesh,18.44909,83.65957,42197,Asia/Kolkata,rāzām andhra pradesh
Jājpur,Odisha,20.84852,86.33729,42157,Asia/Kolkata,jājpur odisha
Jora,Madhya Pradesh,26.34209,77.8092,42153,Asia/Kolkata,jora madhya pradesh
Canning,West Bengal,22.31399,88.66508,42132,Asia/Kolkata,canning west bengal
Khairābād,Uttar Pradesh,27.52698,80.75461,42125,Asia/Kolkata,khairābād uttar pradesh
Pratāpgarh,Rajasthan,24.03215,74.78162,42079,Asia/Kolkata,pratāpgarh rajasthan
Dhāka,Bihar,26.67479,85.16698,42063,Asia/Kolkata,dhāka bihar
Kannad,Maharashtra,20.25684,75.13786,42056,Asia/Kolkata,kannad maharashtra
Nāthdwāra,Rajasthan,24.93805,73.82392,42016,Asia/Kolkata,nāthdwāra rajasthan
Abdu Rahiman Nagar,Kerala,11.06983,75.93879,41993,Asia/Kolkata,abdu rahiman nagar kerala
Golāghāt,Arunachal Pradesh,26.51167,93.95951,41989,Asia/Kolkata,golāghāt arunachal pradesh
Kekri,Rajasthan,25.97132,75.14992,41890,Asia/Kolkata,kekri rajasthan
Barauli,Bihar,26.38109,84.58648,41877,Asia/Kolkata,barauli bihar
Mahē,Kerala,11.70172,75.53474,41816,Asia/Kolkata,mahē kerala
Diamond Harbour,West Bengal,22.19268,88.18951,41802,Asia/Kolkata,diamond harbour west bengal
Sūrampatti,Tamil Nadu,11.32726,77.71122,41782,Asia/Kolkata,sūrampatti tamil nadu
Bāghpat,Uttar Pradesh,28.94485,77.21865,41766,Asia/Kolkata,bāghpat uttar pradesh
Bar Bigha,Bihar,25.21855,85.7332,41758,Asia/Kolkata,bar bigha bihar
Nārāyanpet,Telangana,16.74799,77.4954,41752,Asia/Kolkata,nārāyanpet telangana
Khambhāliya,Goa,22.20685,69.65031,41734,Asia/Kolkata,khambhāliya goa
Bilāra,Rajasthan,26.18067,73.7055,41710,Asia/Kolkata,bilāra rajasthan
Trikonavattam,Kerala,8.88987,76.66588,41609,Asia/Kolkata,trikonavattam kerala
Rājgīr,Bihar,25.02828,85.42079,41587,Asia/Kolkata,rājgīr bihar
Kudappanakkunnu,Kerala,8.55142,76.96079,41583,Asia/Kolkata,kudappanakkunnu kerala
Paithan,Maharashtra,19.47506,75.38558,41536,Asia/Kolkata,paithan maharashtra
Kodīnar,Goa,20.79393,70.70216,41492,Asia/Kolkata,kodīnar goa
Pīleru,Andhra Pradesh,13.65584,78.93854,41489,Asia/Kolkata,pīleru andhra pradesh
Pirāyiri,Kerala,10.76523,76.63178,41359,Asia/Kolkata,pirāyiri kerala
Rāmganj Mandi,Rajasthan,24.64648,75.94325,41328,Asia/Kolkata,rāmganj mandi rajasthan
Vaijāpur,Maharashtra,19.92672,74.7275,41296,Asia/Kolkata,vaijāpur maharashtra
Kannamangalam,Kerala,11.07543,75.98522,41260,Asia/Kolkata,kannamangalam kerala
Saundatti,Karnataka,15.76615,75.11778,41215,Asia/Kolkata,saundatti karnataka
Jaggayyapeta,Andhra Pradesh,16.8938,80.09807,41180,Asia/Kolkata,jaggayyapeta andhra pradesh
Peddapalli,Telangana,18.61357,79.37442,41171,Asia/Kolkata,peddapalli telangana
Dhupgāri,West Bengal,26.58904,89.00732,41168,Asia/Kolkata,dhupgāri west bengal
Triprangod,Kerala,10.84225,75.94856,41167,Asia/Kolkata,triprangod kerala
Chākan,Maharashtra,18.76059,73.86351,41113,Asia/Kolkata,chākan maharashtra
Bharthana,Uttar Pradesh,26.75231,79.2218,41055,Asia/Kolkata,bharthana uttar pradesh
Patti,Punjab,31.28092,74.85849,40976,Asia/Kolkata,patti punjab
Jalārpet,Tamil Nadu,12.57025,78.57318,40959,Asia/Kolkata,jalārpet tamil nadu
Vadgaon,Maharashtra,20.37589,78.11258,40884,Asia/Kolkata,vadgaon maharashtra
Tālcher,Odisha,20.94927,85.23354,40841,Asia/Kolkata,tālcher odisha
Thottada,Kerala,11.83851,75.4208,40818,Asia/Kolkata,thottada kerala
Kalliyoor,Kerala,8.43128,77.01285,40816,Asia/Kolkata,kalliyoor kerala
Arantāngi,Tamil Nadu,10.17235,78.99118,40814,Asia/Kolkata,arantāngi tamil nadu
Athiyannur,Kerala,8.393,77.06371,40712,Asia/Kolkata,athiyannur kerala
Icchannūr,Kerala,11.36148,75.77819,40697,Asia/Kolkata,icchannūr kerala
Sherghāti,Bihar,24.5595,84.79162,40666,Asia/Kolkata,sherghāti bihar
Bhādra,Rajasthan,29.10298,75.17138,40662,Asia/Kolkata,bhādra rajasthan
Jhajha,Bihar,24.77107,86.37888,40646,Asia/Kolkata,jhajha bihar
Ghātsīla,Unknown,22.58531,86.47682,40624,Asia/Kolkata,ghātsīla unknown
Dharmanagar,Tripura,24.36667,92.16667,40595,Asia/Kolkata,dharmanagar tripura
Kayalpattinam,Tamil Nadu,8.57143,78.11992,40588,Asia/Kolkata,kayalpattinam tamil nadu
Nowgong,Madhya Pradesh,25.06136,79.44125,40580,Asia/Kolkata,nowgong madhya pradesh
Savanūr,Karnataka,14.97335,75.33724,40567,Asia/Kolkata,savanūr karnataka
Nailā,Unknown,22.02074,82.5666,40561,Asia/Kolkata,nailā unknown
Nannambra,Kerala,10.99211,75.90799,40543,Asia/Kolkata,nannambra kerala
Manapparai,Tamil Nadu,10.60772,78.42582,40510,Asia/Kolkata,manapparai tamil nadu
Boyampālaiyam,Tamil Nadu,11.14875,77.35368,40503,Asia/Kolkata,boyampālaiyam tamil nadu
Kallakkurichchi,Tamil Nadu,11.7404,78.959,40449,Asia/Kolkata,kallakkurichchi tamil nadu
Kulathummal,Kerala,8.5073,77.08145,40448,Asia/Kolkata,kulathummal kerala
Ettumānūr,Kerala,9.66898,76.55924,40438,Asia/Kolkata,ettumānūr kerala
Ghātampur,Uttar Pradesh,26.15272,80.16803,40435,Asia/Kolkata,ghātampur uttar pradesh
Channarāyapatna,Karnataka,12.90642,76.38775,40417,Asia/Kolkata,channarāyapatna karnataka
Akivīdu,Andhra Pradesh,16.58225,81.38112,40413,Asia/Kolkata,akivīdu andhra pradesh
Kovvūr,Andhra Pradesh,17.0162,81.72934,40379,Asia/Kolkata,kovvūr andhra pradesh
Vellakkovil,Tamil Nadu,10.94627,77.71242,40359,Asia/Kolkata,vellakkovil tamil nadu
Sabalgarh,Madhya Pradesh,26.24918,77.40786,40333,Asia/Kolkata,sabalgarh madhya pradesh
Bhālki,Karnataka,18.04348,77.206,40333,Asia/Kolkata,bhālki karnataka
Kāttipparutti,Kerala,10.87385,76.05348,40318,Asia/Kolkata,kāttipparutti kerala
Murtajāpur,Maharashtra,20.73299,77.36694,40295,Asia/Kolkata,murtajāpur maharashtra
Peringathur,Kerala,11.7137,75.58599,40292,Asia/Kolkata,peringathur kerala
Solan,Haryana,30.90908,77.10869,40283,Asia/Kolkata,solan haryana
Nādāpuram,Kerala,11.68465,75.65493,40230,Asia/Kolkata,nādāpuram kerala
Gursahāiganj,Uttar Pradesh,27.11518,79.73174,40214,Asia/Kolkata,gursahāiganj uttar pradesh
Maihar,Madhya Pradesh,24.26594,80.76063,40192,Asia/Kolkata,maihar madhya pradesh
Bantvāl,Karnataka,12.8905,75.03489,40155,Asia/Kolkata,bantvāl karnataka
Pallipalayam,Tamil Nadu,11.36523,77.76235,40140,Asia/Kolkata,pallipalayam tamil nadu
Mapusa,Goa,15.59154,73.80898,40122,Asia/Kolkata,mapusa goa
Tāki,West Bengal,22.58867,88.93253,40113,Asia/Kolkata,tāki west bengal
Akalkot,Maharashtra,17.52532,76.20611,40103,Asia/Kolkata,akalkot maharashtra
Maner,Bihar,25.64602,84.87291,40068,Asia/Kolkata,maner bihar
Mālūr,Karnataka,13.00322,77.93798,40050,Asia/Kolkata,mālūr karnataka
Bakhri,Bihar,25.59889,86.26074,40043,Asia/Kolkata,bakhri bihar
Mayyanād,Kerala,8.83726,76.64505,40039,Asia/Kolkata,mayyanād kerala
Mappilaiurani,Tamil Nadu,8.8359,78.13518,40035,Asia/Kolkata,mappilaiurani tamil nadu
Melur,Tamil Nadu,10.03241,78.3393,40017,Asia/Kolkata,melur tamil nadu
Sathupalli,Telangana,17.24968,80.86899,40000,Asia/Kolkata,sathupalli telangana
Hāsimāra,West Bengal,26.7469,89.35385,40000,Asia/Kolkata,hāsimāra west bengal
Pūranpur,Uttar Pradesh,28.51283,80.14829,39988,Asia/Kolkata,pūranpur uttar pradesh
Aklūj,Maharashtra,17.89241,75.02138,39972,Asia/Kolkata,aklūj maharashtra
Bānsi,Uttar Pradesh,27.17749,82.93442,39926,Asia/Kolkata,bānsi uttar pradesh
Bīlāspur,Uttar Pradesh,28.88655,79.2703,39873,Asia/Kolkata,bīlāspur uttar pradesh
Vadavalli,Tamil Nadu,11.02472,76.8973,39873,Asia/Kolkata,vadavalli tamil nadu
Thakurdwara,Uttar Pradesh,29.19203,78.86145,39860,Asia/Kolkata,thakurdwara uttar pradesh
Amudālavalasa,Andhra Pradesh,18.41025,83.90295,39799,Asia/Kolkata,amudālavalasa andhra pradesh
Vyāra,Goa,21.11079,73.39365,39789,Asia/Kolkata,vyāra goa
Bhavāni,Tamil Nadu,11.44553,77.68215,39744,Asia/Kolkata,bhavāni tamil nadu
Samālkha,Gujarat,29.23552,77.01273,39710,Asia/Kolkata,samālkha gujarat
Lakkanahalli,Tamil Nadu,12.11202,78.15384,39697,Asia/Kolkata,lakkanahalli tamil nadu
Porsa,Madhya Pradesh,26.67444,78.37081,39669,Asia/Kolkata,porsa madhya pradesh
Kadungalūr,Kerala,10.0948,76.32106,39666,Asia/Kolkata,kadungalūr kerala
Kālappatti,Tamil Nadu,11.07937,77.03709,39586,Asia/Kolkata,kālappatti tamil nadu
Anandpur,Odisha,21.21411,86.12492,39585,Asia/Kolkata,anandpur odisha
Chaklāsi,Goa,22.6532,72.94497,39581,Asia/Kolkata,chaklāsi goa
Rādhanpur,Goa,23.83238,71.6047,39558,Asia/Kolkata,rādhanpur goa
Murshidābād,West Bengal,24.1839,88.27171,39557,Asia/Kolkata,murshidābād west bengal
Manakunnam,Kerala,9.8857,76.37328,39538,Asia/Kolkata,manakunnam kerala
Bhachāu,Goa,23.29858,70.34279,39532,Asia/Kolkata,bhachāu goa
Jalālābād,Punjab,30.60622,74.25727,39525,Asia/Kolkata,jalālābād punjab
Kurinjippādi,Tamil Nadu,11.55028,79.59066,39514,Asia/Kolkata,kurinjippādi tamil nadu
Sedam,Karnataka,17.17859,77.28998,39341,Asia/Kolkata,sedam karnataka
Vādāsinor,Goa,22.95677,73.33505,39330,Asia/Kolkata,vādāsinor goa
Kampli,Karnataka,15.40626,76.60013,39307,Asia/Kolkata,kampli karnataka
Kāro,Unknown,23.78516,85.9783,39305,Asia/Kolkata,kāro unknown
Tirkadavūr,Kerala,8.92398,76.59101,39285,Asia/Kolkata,tirkadavūr kerala
Jogbani,Bihar,26.39905,87.26525,39281,Asia/Kolkata,jogbani bihar
Mūkondapalli,Tamil Nadu,12.75142,77.80169,39245,Asia/Kolkata,mūkondapalli tamil nadu
Sirohi,Rajasthan,24.88838,72.84794,39229,Asia/Kolkata,sirohi rajasthan
Aroor,Kerala,9.8694,76.30498,39214,Asia/Kolkata,aroor kerala
Othukkungal,Kerala,11.0283,76.02903,39139,Asia/Kolkata,othukkungal kerala
Ghosī,Uttar Pradesh,26.10587,83.5393,39138,Asia/Kolkata,ghosī uttar pradesh
Sumerpur,Rajasthan,25.1543,73.08157,39132,Asia/Kolkata,sumerpur rajasthan
Pehowa,Gujarat,29.97897,76.58249,39101,Asia/Kolkata,pehowa gujarat
Kārakkād,Kerala,10.58804,76.03884,39098,Asia/Kolkata,kārakkād kerala
Nūrpur,Uttar Pradesh,29.14956,78.4084,39077,Asia/Kolkata,nūrpur uttar pradesh
Revelganj,Bihar,25.78976,84.63596,39039,Asia/Kolkata,revelganj bihar
Betamcherla,Andhra Pradesh,15.45144,78.14797,38994,Asia/Kolkata,betamcherla andhra pradesh
Belpahar,Odisha,21.8218,83.8458,38993,Asia/Kolkata,belpahar odisha
Chīka,Gujarat,30.04891,76.343,38952,Asia/Kolkata,chīka gujarat
Paravūr Tekkumbhāgam,Kerala,8.7947,76.66798,38946,Asia/Kolkata,paravūr tekkumbhāgam kerala
Tuvāgudi,Tamil Nadu,10.74725,78.82133,38887,Asia/Kolkata,tuvāgudi tamil nadu
Dwārka,Goa,22.23944,68.96778,38873,Asia/Kolkata,dwārka goa
Kotamangalam,Kerala,10.06435,76.62843,38837,Asia/Kolkata,kotamangalam kerala
Kātpādi,Tamil Nadu,12.96951,79.14552,38833,Asia/Kolkata,kātpādi tamil nadu
Rangat,Andaman and Nicobar Islands,12.50595,92.9155,38824,Asia/Kolkata,rangat andaman and nicobar islands
Sagauli,Bihar,26.7639,84.74341,38815,Asia/Kolkata,sagauli bihar
Rāhuri,Maharashtra,19.39069,74.64979,38813,Asia/Kolkata,rāhuri maharashtra
Sanāwad,Madhya Pradesh,22.17391,76.06993,38740,Asia/Kolkata,sanāwad madhya pradesh
Kondapalle,Andhra Pradesh,16.61989,80.54244,38714,Asia/Kolkata,kondapalle andhra pradesh
Vetapālem,Andhra Pradesh,15.78502,80.30663,38671,Asia/Kolkata,vetapālem andhra pradesh
Sangariā,Rajasthan,29.79886,74.46683,38638,Asia/Kolkata,sangariā rajasthan
Jalesar,Uttar Pradesh,27.47315,78.3031,38614,Asia/Kolkata,jalesar uttar pradesh
Nattakam,Kerala,9.54533,76.51414,38599,Asia/Kolkata,nattakam kerala
Paliā Kalān,Uttar Pradesh,28.43205,80.58137,38547,Asia/Kolkata,paliā kalān uttar pradesh
Bayāna,Rajasthan,26.90791,77.28985,38502,Asia/Kolkata,bayāna rajasthan
Rājula,Goa,21.03854,71.44345,38489,Asia/Kolkata,rājula goa
Bodh Gaya,Bihar,24.69808,84.9869,38439,Asia/Kolkata,bodh gaya bihar
Keru,Rajasthan,26.19247,73.0443,38429,Asia/Kolkata,keru rajasthan
Kollancode,Tamil Nadu,8.28903,77.10799,38385,Asia/Kolkata,kollancode tamil nadu
Kilakarai,Tamil Nadu,9.23183,78.78545,38355,Asia/Kolkata,kilakarai tamil nadu
Kumhāri,Unknown,21.26667,81.51667,38334,Asia/Kolkata,kumhāri unknown
Chikodi,Karnataka,16.42898,74.58591,38307,Asia/Kolkata,chikodi karnataka
Khairtal,Rajasthan,27.80426,76.63861,38298,Asia/Kolkata,khairtal rajasthan
Pathanāmthitta,Kerala,9.26667,76.78333,38285,Asia/Kolkata,pathanāmthitta kerala
Chōrōd,Kerala,11.62773,75.59147,38245,Asia/Kolkata,chōrōd kerala
Nandigāma,Andhra Pradesh,16.7717,80.28596,38219,Asia/Kolkata,nandigāma andhra pradesh
Indi,Karnataka,17.17735,75.9526,38217,Asia/Kolkata,indi karnataka
Kondli,Delhi,28.61167,77.32667,38207,Asia/Kolkata,kondli delhi
Nildoh,Maharashtra,21.11075,78.98915,38157,Asia/Kolkata,nildoh maharashtra
Kabnur,Maharashtra,16.70166,74.43952,38146,Asia/Kolkata,kabnur maharashtra
Malavalli,Karnataka,12.38556,77.06045,38129,Asia/Kolkata,malavalli karnataka
Sūlūru,Andhra Pradesh,13.7,80.01667,38065,Asia/Kolkata,sūlūru andhra pradesh
Kāman,Rajasthan,27.65791,77.26908,38040,Asia/Kolkata,kāman rajasthan
Chetwayi,Kerala,10.52885,76.04793,38011,Asia/Kolkata,chetwayi kerala
Nongthymmai,Meghalaya,25.5637,91.9064,38004,Asia/Kolkata,nongthymmai meghalaya
Shahbazpur,Bihar,26.30511,87.28865,38000,Asia/Kolkata,shahbazpur bihar
Wādi,Karnataka,17.05183,76.99048,37988,Asia/Kolkata,wādi karnataka
Tirupati NMA,Andhra Pradesh,13.63229,79.48568,37968,Asia/Kolkata,tirupati nma andhra pradesh
Gauribidanur,Karnataka,13.61072,77.51738,37947,Asia/Kolkata,gauribidanur karnataka
Tāsgaon,Maharashtra,17.037,74.60171,37945,Asia/Kolkata,tāsgaon maharashtra
Agar,Madhya Pradesh,23.71177,76.01571,37917,Asia/Kolkata,agar madhya pradesh
Rajakilpakkam,Tamil Nadu,12.91944,80.16972,37906,Asia/Kolkata,rajakilpakkam tamil nadu
Gharonda Neemka Bangar,Delhi,28.61644,77.288,37876,Asia/Kolkata,gharonda neemka bangar delhi
Dibai,Uttar Pradesh,28.20849,78.26173,37873,Asia/Kolkata,dibai uttar pradesh
Robertsganj,Uttar Pradesh,24.6886,83.06784,37855,Asia/Kolkata,robertsganj uttar pradesh
Pen,Maharashtra,18.73734,73.09603,37852,Asia/Kolkata,pen maharashtra
Tarikere,Karnataka,13.70954,75.81382,37848,Asia/Kolkata,tarikere karnataka
Maudaha,Uttar Pradesh,25.68312,80.11419,37844,Asia/Kolkata,maudaha uttar pradesh
Gharaunda,Gujarat,29.53692,76.97142,37816,Asia/Kolkata,gharaunda gujarat
Sathyamangalam,Tamil Nadu,11.50526,77.23826,37816,Asia/Kolkata,sathyamangalam tamil nadu
Cheyyar,Tamil Nadu,12.66052,79.54308,37802,Asia/Kolkata,cheyyar tamil nadu
Sonepur,Bihar,25.69608,85.16669,37776,Asia/Kolkata,sonepur bihar
Niwai,Rajasthan,26.36073,75.91836,37765,Asia/Kolkata,niwai rajasthan
Gogri Jamālpur,Bihar,25.41117,86.65925,37753,Asia/Kolkata,gogri jamālpur bihar
Bilāsipāra,Arunachal Pradesh,26.23285,90.2341,37739,Asia/Kolkata,bilāsipāra arunachal pradesh
Nangli Sakrawat,Delhi,28.62169,76.9923,37706,Asia/Kolkata,nangli sakrawat delhi
Satānā,Maharashtra,20.59483,74.20301,37701,Asia/Kolkata,satānā maharashtra
Rāwatbhāta,Rajasthan,24.92981,75.59209,37699,Asia/Kolkata,rāwatbhāta rajasthan
Ellenabad,Gujarat,29.45282,74.66122,37680,Asia/Kolkata,ellenabad gujarat
Wānādongri,Maharashtra,21.0938,78.97273,37667,Asia/Kolkata,wānādongri maharashtra
Parola,Maharashtra,20.88098,75.11937,37666,Asia/Kolkata,parola maharashtra
Pāthri,Maharashtra,19.2588,76.43412,37648,Asia/Kolkata,pāthri maharashtra
Bopal,Goa,23.03341,72.46723,37635,Asia/Kolkata,bopal goa
Chettipālaiyam,Tamil Nadu,11.16669,77.33502,37620,Asia/Kolkata,chettipālaiyam tamil nadu
Talattala,Kerala,8.87382,76.67158,37517,Asia/Kolkata,talattala kerala
Jhālrapātan,Rajasthan,24.54205,76.17242,37506,Asia/Kolkata,jhālrapātan rajasthan
Zira,Punjab,30.96853,74.99106,37498,Asia/Kolkata,zira punjab
Leh,Ladakh,34.16504,77.58402,37475,Asia/Kolkata,leh ladakh
Kānker,Unknown,20.27193,81.49177,37442,Asia/Kolkata,kānker unknown
Sārangpur,Madhya Pradesh,23.56651,76.47306,37435,Asia/Kolkata,sārangpur madhya pradesh
Sandūr,Karnataka,15.08613,76.54692,37431,Asia/Kolkata,sandūr karnataka
Bāngarmau,Uttar Pradesh,26.8912,80.21149,37425,Asia/Kolkata,bāngarmau uttar pradesh
Kanigiri U,Andhra Pradesh,15.40637,79.50702,37420,Asia/Kolkata,kanigiri u andhra pradesh
Jaito,Punjab,30.45126,74.89189,37377,Asia/Kolkata,jaito punjab
Dongargarh,Unknown,21.18893,80.75459,37372,Asia/Kolkata,dongargarh unknown
Phulbāni,Odisha,20.48101,84.23063,37371,Asia/Kolkata,phulbāni odisha
Malayinkeezhu,Kerala,8.4902,77.0374,37350,Asia/Kolkata,malayinkeezhu kerala
Attingal,Kerala,8.69609,76.81507,37346,Asia/Kolkata,attingal kerala
Perunkalattu,Tamil Nadu,12.91823,80.08245,37342,Asia/Kolkata,perunkalattu tamil nadu
Morsi,Maharashtra,21.3403,78.01258,37333,Asia/Kolkata,morsi maharashtra
Pilibangan,Rajasthan,29.44964,74.10093,37288,Asia/Kolkata,pilibangan rajasthan
Nelamangala,Karnataka,13.09978,77.39364,37232,Asia/Kolkata,nelamangala karnataka
Sindgi,Karnataka,16.91883,76.23368,37226,Asia/Kolkata,sindgi karnataka
Vettūr,Kerala,8.71742,76.72582,37219,Asia/Kolkata,vettūr kerala
Bhadgaon,Maharashtra,20.66905,75.22937,37214,Asia/Kolkata,bhadgaon maharashtra
Ratia,Gujarat,29.69029,75.57688,37152,Asia/Kolkata,ratia gujarat
Sirūr,Maharashtra,18.8276,74.37475,37111,Asia/Kolkata,sirūr maharashtra
Ashta,Maharashtra,16.94943,74.40936,37105,Asia/Kolkata,ashta maharashtra
Lālganj,Bihar,25.86894,85.17394,37098,Asia/Kolkata,lālganj bihar
Tinnanūr,Tamil Nadu,13.11448,80.02713,37095,Asia/Kolkata,tinnanūr tamil nadu
Bandipura,Jammu and Kashmir,34.41728,74.64308,37081,Asia/Kolkata,bandipura jammu and kashmir
Bābarpur,Delhi,28.68747,77.28558,37058,Asia/Kolkata,bābarpur delhi
Pujali,West Bengal,22.46787,88.14524,37047,Asia/Kolkata,pujali west bengal
Garhmuktesar,Uttar Pradesh,28.78732,78.10214,37043,Asia/Kolkata,garhmuktesar uttar pradesh
Bahādurganj,Bihar,26.26172,87.82443,36993,Asia/Kolkata,bahādurganj bihar
Nakodar,Punjab,31.12586,75.47508,36973,Asia/Kolkata,nakodar punjab
Lūnāvāda,Goa,23.12841,73.61043,36954,Asia/Kolkata,lūnāvāda goa
Vazhayur,Kerala,11.21729,75.89987,36909,Asia/Kolkata,vazhayur kerala
Hojāi,Arunachal Pradesh,26.00281,92.85605,36869,Asia/Kolkata,hojāi arunachal pradesh
Akbarpur,Uttar Pradesh,26.42953,82.53431,36865,Asia/Kolkata,akbarpur uttar pradesh
Pīpār,Rajasthan,26.38441,73.54394,36810,Asia/Kolkata,pīpār rajasthan
Lanka,Arunachal Pradesh,25.92907,92.94856,36805,Asia/Kolkata,lanka arunachal pradesh
Tuensang,Nagaland,26.26704,94.82415,36774,Asia/Kolkata,tuensang nagaland
Vuyyūru,Andhra Pradesh,16.36307,80.84406,36755,Asia/Kolkata,vuyyūru andhra pradesh
Lakshmeshwar,Karnataka,15.12689,75.46935,36754,Asia/Kolkata,lakshmeshwar karnataka
Kumta,Karnataka,14.42853,74.4189,36719,Asia/Kolkata,kumta karnataka
Yāval,Maharashtra,21.16772,75.69762,36706,Asia/Kolkata,yāval maharashtra
Tilda Newra,Unknown,21.55324,81.80187,36682,Asia/Kolkata,tilda newra unknown
Kattivākkam,Tamil Nadu,13.21667,80.31667,36617,Asia/Kolkata,kattivākkam tamil nadu
Peringottupulam,Kerala,11.02682,76.0987,36602,Asia/Kolkata,peringottupulam kerala
Sohna,Gujarat,28.24737,77.06544,36552,Asia/Kolkata,sohna gujarat
Patāmundai,Odisha,20.57806,86.56063,36528,Asia/Kolkata,patāmundai odisha
Kodaikānāl,Tamil Nadu,10.23925,77.48932,36501,Asia/Kolkata,kodaikānāl tamil nadu
Ichchāpuram,Andhra Pradesh,19.11393,84.68721,36493,Asia/Kolkata,ichchāpuram andhra pradesh
Daryāpur,Maharashtra,20.92489,77.32644,36463,Asia/Kolkata,daryāpur maharashtra
Chunār,Uttar Pradesh,25.12776,82.8821,36459,Asia/Kolkata,chunār uttar pradesh
Amīnpur,Telangana,17.5242,78.32273,36452,Asia/Kolkata,amīnpur telangana
Mungeli,Unknown,22.06566,81.68543,36450,Asia/Kolkata,mungeli unknown
Barnagar,Madhya Pradesh,23.0489,75.37804,36438,Asia/Kolkata,barnagar madhya pradesh
Pūrna,Maharashtra,19.1817,77.02566,36433,Asia/Kolkata,pūrna maharashtra
Khunti,Unknown,23.07602,85.27818,36390,Asia/Kolkata,khunti unknown
Nargund,Karnataka,15.72299,75.38666,36291,Asia/Kolkata,nargund karnataka
Parappur,Kerala,11.01213,75.99471,36270,Asia/Kolkata,parappur kerala
Neem ka Thana,Rajasthan,27.73976,75.78652,36231,Asia/Kolkata,neem ka thana rajasthan
Vilappil,Kerala,8.52218,77.04001,36212,Asia/Kolkata,vilappil kerala
Nilanga,Maharashtra,18.11675,76.75279,36172,Asia/Kolkata,nilanga maharashtra
Naharlagun,Arunachal Pradesh,27.10467,93.69518,36158,Asia/Kolkata,naharlagun arunachal pradesh
Boisar,Maharashtra,19.80362,72.75598,36151,Asia/Kolkata,boisar maharashtra
Ausa,Maharashtra,18.24728,76.4993,36118,Asia/Kolkata,ausa maharashtra
Sadābād,Uttar Pradesh,27.43818,78.03758,36093,Asia/Kolkata,sadābād uttar pradesh
Bindki,Uttar Pradesh,26.03613,80.57617,36058,Asia/Kolkata,bindki uttar pradesh
Rāvu,Madhya Pradesh,22.63727,75.81474,36055,Asia/Kolkata,rāvu madhya pradesh
Mahālingpur,Karnataka,16.3888,75.10873,36055,Asia/Kolkata,mahālingpur karnataka
Mālpura,Rajasthan,26.2838,75.36458,36028,Asia/Kolkata,mālpura rajasthan
Bramhapuri,Maharashtra,20.61107,79.86103,36025,Asia/Kolkata,bramhapuri maharashtra
Wai,Maharashtra,17.95276,73.89058,36025,Asia/Kolkata,wai maharashtra
Shikaripura,Karnataka,14.2698,75.35643,36015,Asia/Kolkata,shikaripura karnataka
Shirdi,Maharashtra,19.76616,74.47738,36004,Asia/Kolkata,shirdi maharashtra
Neduva,Kerala,11.05669,75.86685,35996,Asia/Kolkata,neduva kerala
Venganoor,Kerala,8.39638,77.00331,35963,Asia/Kolkata,venganoor kerala
Ramanattukara,Kerala,11.17802,75.86892,35937,Asia/Kolkata,ramanattukara kerala
Mokokchūng,Nagaland,26.3248,94.51834,35913,Asia/Kolkata,mokokchūng nagaland
Pinjaur,Gujarat,30.79873,76.91822,35912,Asia/Kolkata,pinjaur gujarat
Partūr,Maharashtra,19.59925,76.21541,35883,Asia/Kolkata,partūr maharashtra
Dīndārpur,Delhi,28.59813,76.99161,35856,Asia/Kolkata,dīndārpur delhi
Talakkād,Kerala,10.88459,75.93091,35820,Asia/Kolkata,talakkād kerala
Krishnarājāsāgara,Karnataka,12.43976,76.38276,35805,Asia/Kolkata,krishnarājāsāgara karnataka
Jhābua,Madhya Pradesh,22.76772,74.59087,35753,Asia/Kolkata,jhābua madhya pradesh
Madipakkam,Tamil Nadu,12.96226,80.19864,35752,Asia/Kolkata,madipakkam tamil nadu
Karāla,Delhi,28.73548,77.03522,35730,Asia/Kolkata,karāla delhi
Gariadhar,Goa,21.53889,71.57737,35692,Asia/Kolkata,gariadhar goa
Kakrāla,Uttar Pradesh,27.89269,79.1945,35690,Asia/Kolkata,kakrāla uttar pradesh
Bīdāsar,Rajasthan,27.83598,74.31776,35683,Asia/Kolkata,bīdāsar rajasthan
Lahār,Madhya Pradesh,26.19401,78.94137,35674,Asia/Kolkata,lahār madhya pradesh
Ambasamudram,Tamil Nadu,8.71068,77.4519,35645,Asia/Kolkata,ambasamudram tamil nadu
Islāmpur,Bihar,25.14075,85.20587,35641,Asia/Kolkata,islāmpur bihar
Kaipamangalam,Kerala,10.33496,76.13924,35626,Asia/Kolkata,kaipamangalam kerala
Medchal,Telangana,17.62972,78.48139,35611,Asia/Kolkata,medchal telangana
Ganaur,Gujarat,29.1302,77.01832,35603,Asia/Kolkata,ganaur gujarat
Sholinganallur,Tamil Nadu,12.88996,80.23127,35602,Asia/Kolkata,sholinganallur tamil nadu
Kovūr,Andhra Pradesh,14.5005,79.98518,35600,Asia/Kolkata,kovūr andhra pradesh
Tuljāpur,Maharashtra,18.00804,76.07011,35596,Asia/Kolkata,tuljāpur maharashtra
Barpeta Road,Arunachal Pradesh,26.50284,90.96937,35571,Asia/Kolkata,barpeta road arunachal pradesh
Uravakonda,Andhra Pradesh,14.94348,77.25494,35565,Asia/Kolkata,uravakonda andhra pradesh
Babīna,Uttar Pradesh,25.23947,78.47028,35538,Asia/Kolkata,babīna uttar pradesh
Rafiganj,Bihar,24.81757,84.63445,35536,Asia/Kolkata,rafiganj bihar
Umarga,Maharashtra,17.83841,76.62331,35477,Asia/Kolkata,umarga maharashtra
Igatpuri,Maharashtra,19.69522,73.5626,35461,Asia/Kolkata,igatpuri maharashtra
Perumanna,Kerala,11.2529,75.89059,35460,Asia/Kolkata,perumanna kerala
Budhāna,Uttar Pradesh,29.28805,77.47534,35442,Asia/Kolkata,budhāna uttar pradesh
Lingsugūr,Karnataka,16.15876,76.52174,35411,Asia/Kolkata,lingsugūr karnataka
Rājpīpla,Goa,21.86667,73.5,35392,Asia/Kolkata,rājpīpla goa
Dharangaon,Maharashtra,21.01187,75.27407,35375,Asia/Kolkata,dharangaon maharashtra
Mahemdāvād,Goa,22.82359,72.75551,35368,Asia/Kolkata,mahemdāvād goa
Karamsad,Goa,22.54243,72.90392,35285,Asia/Kolkata,karamsad goa
Sūrandai,Tamil Nadu,8.97574,77.41923,35272,Asia/Kolkata,sūrandai tamil nadu
Manali,Tamil Nadu,13.16667,80.26667,35248,Asia/Kolkata,manali tamil nadu
Wāris Alīganj,Bihar,25.0172,85.64047,35243,Asia/Kolkata,wāris alīganj bihar
Pulgaon,Maharashtra,20.72204,78.32056,35238,Asia/Kolkata,pulgaon maharashtra
Usilampatti,Tamil Nadu,9.96936,77.78621,35219,Asia/Kolkata,usilampatti tamil nadu
Puzhathi,Kerala,11.90112,75.38924,35212,Asia/Kolkata,puzhathi kerala
Perunād,Kerala,8.94899,76.64274,35173,Asia/Kolkata,perunād kerala
Kāramadai,Tamil Nadu,11.24058,76.96009,35166,Asia/Kolkata,kāramadai tamil nadu
Giddalūr,Andhra Pradesh,15.37439,78.92609,35150,Asia/Kolkata,giddalūr andhra pradesh
Atmakūr,Andhra Pradesh,15.88109,78.58704,35137,Asia/Kolkata,atmakūr andhra pradesh
Pāppinisshēri,Kerala,11.95655,75.34034,35134,Asia/Kolkata,pāppinisshēri kerala
Vijāpur,Goa,23.5623,72.74848,35118,Asia/Kolkata,vijāpur goa
Rāwatsār,Rajasthan,29.26724,74.40288,35102,Asia/Kolkata,rāwatsār rajasthan
Dubrājpur,West Bengal,23.7902,87.37648,35087,Asia/Kolkata,dubrājpur west bengal
Karumattampatti,Tamil Nadu,11.10933,77.182,35062,Asia/Kolkata,karumattampatti tamil nadu
Jalālābād,Uttar Pradesh,27.72625,79.65523,35051,Asia/Kolkata,jalālābād uttar pradesh
Māranchēri,Kerala,10.74051,75.97096,35011,Asia/Kolkata,māranchēri kerala
Podaturpet,Tamil Nadu,13.28169,79.48538,35000,Asia/Kolkata,podaturpet tamil nadu
Peruvallur,Kerala,11.10483,75.93269,34941,Asia/Kolkata,peruvallur kerala
Rairangpur,Odisha,22.26675,86.17385,34929,Asia/Kolkata,rairangpur odisha
Sīrkāzhi,Tamil Nadu,11.23725,79.73585,34927,Asia/Kolkata,sīrkāzhi tamil nadu
Kichha,Uttarakhand,28.91154,79.52009,34904,Asia/Kolkata,kichha uttarakhand
Hebbagodi,Karnataka,12.82632,77.68085,34827,Asia/Kolkata,hebbagodi karnataka
Chēmanchēri,Kerala,11.40482,75.72363,34819,Asia/Kolkata,chēmanchēri kerala
Erāttupetta,Kerala,9.68747,76.77891,34814,Asia/Kolkata,erāttupetta kerala
Rāmdurg,Karnataka,15.94579,75.29785,34800,Asia/Kolkata,rāmdurg karnataka
Jāmadoba,Unknown,23.71667,86.4,34774,Asia/Kolkata,jāmadoba unknown
Safidon,Gujarat,29.40596,76.67042,34728,Asia/Kolkata,safidon gujarat
Bolārum,Telangana,17.55606,78.34824,34667,Asia/Kolkata,bolārum telangana
Bareli,Madhya Pradesh,23.00445,78.2301,34663,Asia/Kolkata,bareli madhya pradesh
Erāmala,Kerala,11.68591,75.59104,34658,Asia/Kolkata,erāmala kerala
Shikārpūr,Uttar Pradesh,28.28072,78.01411,34649,Asia/Kolkata,shikārpūr uttar pradesh
Sankeshwar,Karnataka,16.25649,74.48195,34637,Asia/Kolkata,sankeshwar karnataka
Karjat,Maharashtra,18.9107,73.32354,34554,Asia/Kolkata,karjat maharashtra
Bakhtiyārpur,Bihar,25.46179,85.53179,34533,Asia/Kolkata,bakhtiyārpur bihar
Bagasra,Goa,21.48719,70.95516,34521,Asia/Kolkata,bagasra goa
Villiappally,Kerala,11.62495,75.62875,34502,Asia/Kolkata,villiappally kerala
Aymanam,Kerala,9.60684,76.50055,34470,Asia/Kolkata,aymanam kerala
Angamāli,Kerala,10.19055,76.38789,34399,Asia/Kolkata,angamāli kerala
Villianur,Puducherry,11.91393,79.75568,34383,Asia/Kolkata,villianur puducherry
Manipal,Karnataka,13.35,74.78333,34370,Asia/Kolkata,manipal karnataka
Lālsot,Rajasthan,26.55951,76.32915,34363,Asia/Kolkata,lālsot rajasthan
Mehidpur,Madhya Pradesh,23.48879,75.658,34362,Asia/Kolkata,mehidpur madhya pradesh
Soyāgaon,Maharashtra,20.5525,74.50687,34341,Asia/Kolkata,soyāgaon maharashtra
Sāngola,Maharashtra,17.43948,75.19379,34321,Asia/Kolkata,sāngola maharashtra
Vedaraniyam,Tamil Nadu,10.37208,79.85095,34266,Asia/Kolkata,vedaraniyam tamil nadu
Kuruvattūr,Kerala,11.33609,75.83511,34241,Asia/Kolkata,kuruvattūr kerala
Muddebihāl,Karnataka,16.33782,76.13173,34217,Asia/Kolkata,muddebihāl karnataka
Navāpur,Maharashtra,21.16157,73.79399,34207,Asia/Kolkata,navāpur maharashtra
Khāchrod,Madhya Pradesh,23.42322,75.28185,34191,Asia/Kolkata,khāchrod madhya pradesh
Yanamalakuduru,Andhra Pradesh,16.48531,80.66746,34177,Asia/Kolkata,yanamalakuduru andhra pradesh
Malajkhand,Madhya Pradesh,22.05158,80.71566,34176,Asia/Kolkata,malajkhand madhya pradesh
Vapi INA,Goa,20.36006,72.93106,34162,Asia/Kolkata,vapi ina goa
Kunigal,Karnataka,13.02319,77.02518,34155,Asia/Kolkata,kunigal karnataka
Kadūr,Karnataka,13.55285,76.01164,34151,Asia/Kolkata,kadūr karnataka
Chelambra,Kerala,11.15086,75.87192,34149,Asia/Kolkata,chelambra kerala
Hamīrpur,Uttar Pradesh,25.9553,80.14842,34144,Asia/Kolkata,hamīrpur uttar pradesh
Kokrajhar,Arunachal Pradesh,26.40107,90.27286,34136,Asia/Kolkata,kokrajhar arunachal pradesh
Risod,Maharashtra,19.97671,76.78799,34136,Asia/Kolkata,risod maharashtra
Kālka,Haryana,30.83982,76.94065,34134,Asia/Kolkata,kālka haryana
Kāgal,Maharashtra,16.57702,74.31544,34106,Asia/Kolkata,kāgal maharashtra
Pārassāla,Tamil Nadu,8.33869,77.15422,34096,Asia/Kolkata,pārassāla tamil nadu
Titlāgarh,Odisha,20.28961,83.15233,34067,Asia/Kolkata,titlāgarh odisha
Begamganj,Madhya Pradesh,23.59917,78.34064,34031,Asia/Kolkata,begamganj madhya pradesh
Nagalapuram,Andhra Pradesh,13.38836,79.79623,34026,Asia/Kolkata,nagalapuram andhra pradesh
Jāmkhed,Maharashtra,18.73519,75.31343,34017,Asia/Kolkata,jāmkhed maharashtra
Elampalloor,Kerala,8.95583,76.67388,33959,Asia/Kolkata,elampalloor kerala
Jayamkondacholapuram,Tamil Nadu,11.21266,79.36369,33945,Asia/Kolkata,jayamkondacholapuram tamil nadu
Tudiyalūr,Tamil Nadu,11.08159,76.94464,33924,Asia/Kolkata,tudiyalūr tamil nadu
Ālankōd,Kerala,10.74603,76.03481,33918,Asia/Kolkata,ālankōd kerala
Shāhpura,Rajasthan,27.3912,75.95956,33895,Asia/Kolkata,shāhpura rajasthan
Elayavur,Kerala,11.88918,75.4124,33853,Asia/Kolkata,elayavur kerala
Guledagudda,Karnataka,16.05025,75.78997,33851,Asia/Kolkata,guledagudda karnataka
Iramallūr,Kerala,10.0619,76.57168,33829,Asia/Kolkata,iramallūr kerala
Piro,Bihar,25.33218,84.40454,33785,Asia/Kolkata,piro bihar
Guskhara,West Bengal,23.49276,87.73484,33780,Asia/Kolkata,guskhara west bengal
Umreth,Goa,22.69881,73.11561,33762,Asia/Kolkata,umreth goa
Narsīpatnam,Andhra Pradesh,17.66709,82.61245,33757,Asia/Kolkata,narsīpatnam andhra pradesh
Bahjoi,Uttar Pradesh,28.39502,78.62659,33752,Asia/Kolkata,bahjoi uttar pradesh
Dharmābād,Maharashtra,18.89116,77.8494,33741,Asia/Kolkata,dharmābād maharashtra
Chockli,Kerala,11.72745,75.55509,33732,Asia/Kolkata,chockli kerala
Vemalwāda,Telangana,18.46523,78.86894,33706,Asia/Kolkata,vemalwāda telangana
Colgong,Bihar,25.26328,87.23264,33700,Asia/Kolkata,colgong bihar
Bāsudebpur,Odisha,21.11974,86.72896,33690,Asia/Kolkata,bāsudebpur odisha
Rājākhera,Rajasthan,26.89802,78.171,33666,Asia/Kolkata,rājākhera rajasthan
Hailākāndi,Arunachal Pradesh,24.68394,92.56097,33637,Asia/Kolkata,hailākāndi arunachal pradesh
Jagatsinghapur,Odisha,20.2557,86.17112,33631,Asia/Kolkata,jagatsinghapur odisha
Gevrai,Maharashtra,19.26372,75.75007,33562,Asia/Kolkata,gevrai maharashtra
Madikeri,Karnataka,12.42602,75.7382,33540,Asia/Kolkata,madikeri karnataka
Kopāganj,Uttar Pradesh,26.01923,83.5663,33539,Asia/Kolkata,kopāganj uttar pradesh
Thāna Bhawan,Uttar Pradesh,29.58605,77.41811,33498,Asia/Kolkata,thāna bhawan uttar pradesh
Pūndri,Gujarat,29.76096,76.56034,33484,Asia/Kolkata,pūndri gujarat
Vagholi,Maharashtra,18.5823,73.98301,33479,Asia/Kolkata,vagholi maharashtra
Birmitrapur,Odisha,22.4,84.76667,33442,Asia/Kolkata,birmitrapur odisha
Chaksu,Rajasthan,26.6051,75.94814,33432,Asia/Kolkata,chaksu rajasthan
Darsi,Andhra Pradesh,15.76978,79.67939,33418,Asia/Kolkata,darsi andhra pradesh
Zaidpur,Uttar Pradesh,26.83093,81.32929,33397,Asia/Kolkata,zaidpur uttar pradesh
Remuna,Odisha,21.52798,86.87156,33378,Asia/Kolkata,remuna odisha
Puthenvelikara,Kerala,10.18511,76.24537,33372,Asia/Kolkata,puthenvelikara kerala
Āmli,52,20.28333,73.01667,33369,Asia/Kolkata,āmli 52
Anūpgarh,Rajasthan,29.19111,73.20861,33309,Asia/Kolkata,anūpgarh rajasthan
Salāya,Goa,22.31038,69.60376,33246,Asia/Kolkata,salāya goa
Idangansālai,Tamil Nadu,11.62721,77.98898,33245,Asia/Kolkata,idangansālai tamil nadu
Kosamba,Goa,21.46202,72.95842,33221,Asia/Kolkata,kosamba goa
Basavana Bāgevādi,Karnataka,16.57278,75.97252,33198,Asia/Kolkata,basavana bāgevādi karnataka
Muhammadābād,Uttar Pradesh,25.61907,83.75576,33186,Asia/Kolkata,muhammadābād uttar pradesh
Lakhyabad,West Bengal,23.66667,86.66667,33162,Asia/Kolkata,lakhyabad west bengal
Aya Nagar,Delhi,28.47202,77.1327,33123,Asia/Kolkata,aya nagar delhi
Umaria,Madhya Pradesh,23.52473,80.83716,33114,Asia/Kolkata,umaria madhya pradesh
Chanderi,Madhya Pradesh,24.71312,78.13809,33081,Asia/Kolkata,chanderi madhya pradesh
Manendragarh,Unknown,23.21337,82.20232,33071,Asia/Kolkata,manendragarh unknown
Rāmgarh,Rajasthan,28.17096,74.97973,33024,Asia/Kolkata,rāmgarh rajasthan
Bhādāsar,Rajasthan,28.31457,74.28952,33006,Asia/Kolkata,bhādāsar rajasthan
Srvanampatti,Tamil Nadu,11.07643,77.00449,32920,Asia/Kolkata,srvanampatti tamil nadu
Patrātu,Unknown,23.66505,85.30353,32899,Asia/Kolkata,patrātu unknown
Bhokar,Maharashtra,19.21933,77.66962,32899,Asia/Kolkata,bhokar maharashtra
Sānchor,Rajasthan,24.75361,71.7728,32875,Asia/Kolkata,sānchor rajasthan
Kurumbapet,Puducherry,11.93983,79.77127,32871,Asia/Kolkata,kurumbapet puducherry
Kaimganj,Uttar Pradesh,27.55441,79.33525,32858,Asia/Kolkata,kaimganj uttar pradesh
Bāmaur,Madhya Pradesh,26.33895,78.10104,32838,Asia/Kolkata,bāmaur madhya pradesh
Jānjgīr,Unknown,22.00922,82.5778,32833,Asia/Kolkata,jānjgīr unknown
Egra,West Bengal,21.89947,87.53794,32832,Asia/Kolkata,egra west bengal
Bihārīganj,Bihar,25.73415,86.98837,32805,Asia/Kolkata,bihārīganj bihar
Mushābani,Unknown,22.51135,86.45713,32761,Asia/Kolkata,mushābani unknown
Udaipur,Tripura,23.53333,91.48333,32758,Asia/Kolkata,udaipur tripura
Dighwāra,Bihar,25.74434,85.01003,32741,Asia/Kolkata,dighwāra bihar
Ngūr,Mizoram,23.53798,93.3732,32734,Asia/Kolkata,ngūr mizoram
Garhākota,Madhya Pradesh,23.7791,79.14321,32726,Asia/Kolkata,garhākota madhya pradesh
Vengola Kizhakkumbāgam,Kerala,10.06374,76.47606,32697,Asia/Kolkata,vengola kizhakkumbāgam kerala
Mamun,Punjab,32.28241,75.69831,32689,Asia/Kolkata,mamun punjab
Nānjikkottai,Tamil Nadu,10.72925,79.14245,32689,Asia/Kolkata,nānjikkottai tamil nadu
Bijuri,Madhya Pradesh,23.25236,82.11673,32682,Asia/Kolkata,bijuri madhya pradesh
Ghugus,Maharashtra,19.9381,79.11192,32654,Asia/Kolkata,ghugus maharashtra
Tārānagar,Rajasthan,28.6686,75.03207,32640,Asia/Kolkata,tārānagar rajasthan
Nepānagar,Madhya Pradesh,21.4538,76.39335,32611,Asia/Kolkata,nepānagar madhya pradesh
Bādepalli,Telangana,16.7549,78.14427,32598,Asia/Kolkata,bādepalli telangana
Nautanwa,Uttar Pradesh,27.42752,83.41789,32587,Asia/Kolkata,nautanwa uttar pradesh
Pīrzādagūda,Telangana,17.39455,78.59047,32586,Asia/Kolkata,pīrzādagūda telangana
Hisua,Bihar,24.8336,85.41729,32585,Asia/Kolkata,hisua bihar
Shamshabad,Telangana,17.25186,78.41835,32583,Asia/Kolkata,shamshabad telangana
Vallabh Vidyanagar,Goa,22.53333,72.9,32581,Asia/Kolkata,vallabh vidyanagar goa
Erraguntla,Andhra Pradesh,14.63853,78.53974,32574,Asia/Kolkata,erraguntla andhra pradesh
Edappāl,Kerala,10.78339,76.00789,32550,Asia/Kolkata,edappāl kerala
Manuguru,Telangana,17.93023,80.82671,32539,Asia/Kolkata,manuguru telangana
Soro,Odisha,21.27851,86.68833,32531,Asia/Kolkata,soro odisha
Ulliyeri,Kerala,11.45247,75.76662,32509,Asia/Kolkata,ulliyeri kerala
Saoner,Maharashtra,21.3851,78.92155,32498,Asia/Kolkata,saoner maharashtra
Muttayyāpuram,Tamil Nadu,8.7498,78.13112,32494,Asia/Kolkata,muttayyāpuram tamil nadu
Manwath,Maharashtra,19.30133,76.49735,32488,Asia/Kolkata,manwath maharashtra
Dhandhuka,Goa,22.38185,71.98664,32475,Asia/Kolkata,dhandhuka goa
Jūjūvādi,Tamil Nadu,12.76794,77.79184,32474,Asia/Kolkata,jūjūvādi tamil nadu
Hatta,Madhya Pradesh,24.13406,79.60119,32465,Asia/Kolkata,hatta madhya pradesh
Jagdīspur,Bihar,25.46811,84.41939,32447,Asia/Kolkata,jagdīspur bihar
Almora,Uttarakhand,29.59713,79.65911,32442,Asia/Kolkata,almora uttarakhand
Thuraiyur,Tamil Nadu,11.14805,78.59911,32439,Asia/Kolkata,thuraiyur tamil nadu
Saknepalli,Telangana,18.92862,79.45712,32385,Asia/Kolkata,saknepalli telangana
Anta,Rajasthan,25.15,76.3,32377,Asia/Kolkata,anta rajasthan
Gajendragarh,Karnataka,15.73628,75.96976,32359,Asia/Kolkata,gajendragarh karnataka
Narsinghgarh,Madhya Pradesh,23.70758,77.09319,32329,Asia/Kolkata,narsinghgarh madhya pradesh
Kalyandurg,Andhra Pradesh,14.54519,77.10552,32328,Asia/Kolkata,kalyandurg andhra pradesh
Chittūr,Kerala,10.69967,76.7471,32298,Asia/Kolkata,chittūr kerala
Madhapar,Goa,23.23756,69.69946,32293,Asia/Kolkata,madhapar goa
Chhabra,Rajasthan,24.66472,76.84379,32285,Asia/Kolkata,chhabra rajasthan
Manamadurai,Tamil Nadu,9.67318,78.47096,32257,Asia/Kolkata,manamadurai tamil nadu
Tiruchchendur,Tamil Nadu,8.49725,78.11906,32171,Asia/Kolkata,tiruchchendur tamil nadu
Bisauli,Uttar Pradesh,28.30772,78.93678,32154,Asia/Kolkata,bisauli uttar pradesh
Kangayam,Tamil Nadu,11.00599,77.5609,32147,Asia/Kolkata,kangayam tamil nadu
Mannanchōri,Kerala,9.5722,76.35245,32139,Asia/Kolkata,mannanchōri kerala
Kakching,Manipur,24.4982,93.98126,32138,Asia/Kolkata,kakching manipur
Turaiyūr,Tamil Nadu,11.14968,78.5987,32134,Asia/Kolkata,turaiyūr tamil nadu
Bijaynagar,Rajasthan,25.92976,74.64916,32124,Asia/Kolkata,bijaynagar rajasthan
Ferokh,Kerala,11.17989,75.84141,32122,Asia/Kolkata,ferokh kerala
Dhāmnod,Madhya Pradesh,22.20928,75.47057,32093,Asia/Kolkata,dhāmnod madhya pradesh
Jora Khurd,Madhya Pradesh,26.48927,77.97578,32087,Asia/Kolkata,jora khurd madhya pradesh
Pāvugada,Karnataka,14.09953,77.28018,32063,Asia/Kolkata,pāvugada karnataka
Thenhippalam,Kerala,11.13232,75.88224,32045,Asia/Kolkata,thenhippalam kerala
Halvad,Goa,23.01516,71.18029,32024,Asia/Kolkata,halvad goa
Zamānia,Uttar Pradesh,25.41961,83.55786,32008,Asia/Kolkata,zamānia uttar pradesh
Malkapur,Maharashtra,17.26214,74.17574,32000,Asia/Kolkata,malkapur maharashtra
Bhatkal,Karnataka,13.98534,74.55531,32000,Asia/Kolkata,bhatkal karnataka
Makhdumpur,Bihar,25.06567,84.97247,31994,Asia/Kolkata,makhdumpur bihar
Shafi Pur Ranhola,Delhi,28.65729,77.04001,31944,Asia/Kolkata,shafi pur ranhola delhi
Jāridih,Unknown,23.76571,85.93864,31882,Asia/Kolkata,jāridih unknown
Rasrā,Uttar Pradesh,25.8576,83.85487,31876,Asia/Kolkata,rasrā uttar pradesh
Sādpalli,Telangana,17.20995,80.83642,31857,Asia/Kolkata,sādpalli telangana
Sattur,Tamil Nadu,9.35592,77.92457,31856,Asia/Kolkata,sattur tamil nadu
Maur,Punjab,30.08333,75.25,31849,Asia/Kolkata,maur punjab
Chhota Gobindpur,Unknown,22.74588,86.25886,31843,Asia/Kolkata,chhota gobindpur unknown
Sāsvad,Maharashtra,18.34351,74.03102,31821,Asia/Kolkata,sāsvad maharashtra
Vilavoorkkal,Kerala,8.48093,77.02204,31761,Asia/Kolkata,vilavoorkkal kerala
Kotma,Madhya Pradesh,23.20383,81.97904,31756,Asia/Kolkata,kotma madhya pradesh
Kottaikuppam,Tamil Nadu,11.96126,79.83923,31726,Asia/Kolkata,kottaikuppam tamil nadu
Khaira,Maharashtra,19.78673,72.76161,31699,Asia/Kolkata,khaira maharashtra
Tālīkota,Karnataka,16.47311,76.31085,31693,Asia/Kolkata,tālīkota karnataka
Puzhal,Tamil Nadu,13.16475,80.20385,31665,Asia/Kolkata,puzhal tamil nadu
Kalpatta,Kerala,11.60871,76.08343,31580,Asia/Kolkata,kalpatta kerala
Ambad,Maharashtra,19.61301,75.78906,31553,Asia/Kolkata,ambad maharashtra
Rāhatgarh,Madhya Pradesh,23.78968,78.39473,31537,Asia/Kolkata,rāhatgarh madhya pradesh
Sijua,Unknown,23.77617,86.33028,31537,Asia/Kolkata,sijua unknown
Vandavāsi,Tamil Nadu,12.50429,79.60556,31530,Asia/Kolkata,vandavāsi tamil nadu
Tirumuruganpūndi,Tamil Nadu,11.16493,77.30838,31528,Asia/Kolkata,tirumuruganpūndi tamil nadu
Thanneermukkom,Kerala,9.66337,76.38073,31525,Asia/Kolkata,thanneermukkom kerala
Parūr,Kerala,10.1477,76.23,31503,Asia/Kolkata,parūr kerala
Gomoh,Unknown,23.87355,86.1516,31495,Asia/Kolkata,gomoh unknown
Elūr,Kerala,10.06667,76.28333,31468,Asia/Kolkata,elūr kerala
Chemmumiahpet,Andhra Pradesh,14.46289,78.81191,31416,Asia/Kolkata,chemmumiahpet andhra pradesh
Jalālpur,Uttar Pradesh,26.31162,82.73859,31388,Asia/Kolkata,jalālpur uttar pradesh
Kharagpur,Bihar,25.12446,86.55578,31385,Asia/Kolkata,kharagpur bihar
Sri Mādhopur,Rajasthan,27.46599,75.59736,31366,Asia/Kolkata,sri mādhopur rajasthan
Lumding Railway Colony,Arunachal Pradesh,25.74903,93.16998,31347,Asia/Kolkata,lumding railway colony arunachal pradesh
Ahmedgarh,Punjab,30.67731,75.82633,31302,Asia/Kolkata,ahmedgarh punjab
Chītāpur,Karnataka,17.12357,77.0824,31299,Asia/Kolkata,chītāpur karnataka
Jhanjhārpur,Bihar,26.26467,86.27993,31283,Asia/Kolkata,jhanjhārpur bihar
Nāspur,Telangana,18.84577,79.46165,31244,Asia/Kolkata,nāspur telangana
Singānallūr,Tamil Nadu,10.99898,77.03238,31239,Asia/Kolkata,singānallūr tamil nadu
Unchagao,Maharashtra,16.69746,74.27325,31238,Asia/Kolkata,unchagao maharashtra
Bagru,Rajasthan,26.81067,75.54702,31229,Asia/Kolkata,bagru rajasthan
Cheriyamundam,Kerala,10.94764,75.95643,31212,Asia/Kolkata,cheriyamundam kerala
Allapuram,Tamil Nadu,12.89509,79.12786,31211,Asia/Kolkata,allapuram tamil nadu
Rāmāpuram,Andhra Pradesh,13.10091,79.1841,31169,Asia/Kolkata,rāmāpuram andhra pradesh
Rosera,Bihar,25.75494,86.03155,31155,Asia/Kolkata,rosera bihar
Podili,Andhra Pradesh,15.60639,79.61489,31145,Asia/Kolkata,podili andhra pradesh
Shrīgonda,Maharashtra,18.61527,74.69895,31134,Asia/Kolkata,shrīgonda maharashtra
Kalliyasshēri,Kerala,11.97549,75.36453,31122,Asia/Kolkata,kalliyasshēri kerala
Kannānendal,Tamil Nadu,9.96487,78.14159,31095,Asia/Kolkata,kannānendal tamil nadu
Pāndharkawada,Maharashtra,20.02108,78.54628,31094,Asia/Kolkata,pāndharkawada maharashtra
Mankāchar,Meghalaya,25.53347,89.86373,31091,Asia/Kolkata,mankāchar meghalaya
Katirur,Kerala,11.78491,75.53015,31087,Asia/Kolkata,katirur kerala
Erandol,Maharashtra,20.92206,75.32641,31071,Asia/Kolkata,erandol maharashtra
Adirampattinam,Tamil Nadu,10.34059,79.37905,31066,Asia/Kolkata,adirampattinam tamil nadu
Kūrāli,Punjab,30.83424,76.57677,31060,Asia/Kolkata,kūrāli punjab
Jagdīshpur,Uttar Pradesh,26.74967,80.5451,31029,Asia/Kolkata,jagdīshpur uttar pradesh
Ponneri,Tamil Nadu,13.33868,80.19487,31025,Asia/Kolkata,ponneri tamil nadu
Shamsābād,Uttar Pradesh,27.01718,78.12358,31009,Asia/Kolkata,shamsābād uttar pradesh
Malakanagiri,Odisha,18.36428,81.888,31007,Asia/Kolkata,malakanagiri odisha
Deolali,Maharashtra,19.47393,74.62063,30997,Asia/Kolkata,deolali maharashtra
Mangrūl Pīr,Maharashtra,20.31379,77.34178,30983,Asia/Kolkata,mangrūl pīr maharashtra
Narsampet,Telangana,17.92786,79.89227,30963,Asia/Kolkata,narsampet telangana
Berasia,Madhya Pradesh,23.63134,77.43351,30951,Asia/Kolkata,berasia madhya pradesh
Bādāmi,Karnataka,15.91495,75.67683,30943,Asia/Kolkata,bādāmi karnataka
Pasān,Unknown,22.84412,82.19823,30928,Asia/Kolkata,pasān unknown
Pāmban,Tamil Nadu,9.27904,79.21086,30926,Asia/Kolkata,pāmban tamil nadu
Banda,Madhya Pradesh,24.04488,78.96094,30923,Asia/Kolkata,banda madhya pradesh
Kondagaon,Unknown,19.59083,81.664,30921,Asia/Kolkata,kondagaon unknown
Kalakkādu,Tamil Nadu,8.5138,77.54944,30921,Asia/Kolkata,kalakkādu tamil nadu
Puthuppariyāram,Kerala,10.81314,76.62869,30895,Asia/Kolkata,puthuppariyāram kerala
Vilāngudi,Tamil Nadu,9.94578,78.09352,30884,Asia/Kolkata,vilāngudi tamil nadu
Rūdarpur,Uttar Pradesh,26.44467,83.61302,30873,Asia/Kolkata,rūdarpur uttar pradesh
Sholinghur,Tamil Nadu,13.1181,79.42025,30856,Asia/Kolkata,sholinghur tamil nadu
Mānāvadar,Goa,21.49813,70.13775,30850,Asia/Kolkata,mānāvadar goa
Purāini,Bihar,25.14257,86.97967,30829,Asia/Kolkata,purāini bihar
Deūlgaon Rāja,Maharashtra,20.01757,76.03755,30827,Asia/Kolkata,deūlgaon rāja maharashtra
Dharmadam,Kerala,11.77538,75.46459,30804,Asia/Kolkata,dharmadam kerala
Madurāntakam,Tamil Nadu,12.51167,79.88485,30796,Asia/Kolkata,madurāntakam tamil nadu
Kizhuvalam-Koonthalloor,Kerala,8.66251,76.80966,30770,Asia/Kolkata,kizhuvalam-koonthalloor kerala
Dharamsala,Haryana,32.22006,76.32013,30764,Asia/Kolkata,dharamsala haryana
Pedana,Andhra Pradesh,16.25582,81.14378,30721,Asia/Kolkata,pedana andhra pradesh
Kaij,Maharashtra,18.71364,76.06718,30704,Asia/Kolkata,kaij maharashtra
Kallamchavadi,Tamil Nadu,12.95306,80.13083,30702,Asia/Kolkata,kallamchavadi tamil nadu
Un,Goa,23.88745,71.76975,30671,Asia/Kolkata,un goa
Vadanappally,Kerala,10.46905,76.08129,30657,Asia/Kolkata,vadanappally kerala
Irimbiliyam,Kerala,10.86242,76.09218,30635,Asia/Kolkata,irimbiliyam kerala
Mūdbidri,Karnataka,13.06653,74.99525,30632,Asia/Kolkata,mūdbidri karnataka
Pallappatti,Tamil Nadu,10.72057,77.87951,30624,Asia/Kolkata,pallappatti tamil nadu
Cheranellūr,Kerala,10.05428,76.2896,30594,Asia/Kolkata,cheranellūr kerala
Mahārāganj,Uttar Pradesh,27.14456,83.56214,30548,Asia/Kolkata,mahārāganj uttar pradesh
Nāgāvaram,Telangana,17.48862,78.60208,30502,Asia/Kolkata,nāgāvaram telangana
Tarakeswar,West Bengal,22.88605,88.01363,30475,Asia/Kolkata,tarakeswar west bengal
Tifrā,Unknown,22.06312,82.13129,30465,Asia/Kolkata,tifrā unknown
Siraspur,Delhi,28.75815,77.13087,30445,Asia/Kolkata,siraspur delhi
Kundapura,Karnataka,13.63126,74.6902,30444,Asia/Kolkata,kundapura karnataka
Uran,Maharashtra,18.87813,72.93924,30439,Asia/Kolkata,uran maharashtra
Kasba,Bihar,25.85643,87.53836,30421,Asia/Kolkata,kasba bihar
Karjan,Goa,22.04671,73.11814,30405,Asia/Kolkata,karjan goa
Muvattupuzha,Kerala,9.97985,76.57381,30397,Asia/Kolkata,muvattupuzha kerala
Manāwar,Madhya Pradesh,22.23566,75.08917,30393,Asia/Kolkata,manāwar madhya pradesh
Pihānī,Uttar Pradesh,27.61987,80.20343,30369,Asia/Kolkata,pihānī uttar pradesh
Madukkarai,Tamil Nadu,10.90568,76.96344,30357,Asia/Kolkata,madukkarai tamil nadu
Amlai,Madhya Pradesh,23.19838,81.58064,30354,Asia/Kolkata,amlai madhya pradesh
Mānsa,Goa,23.42564,72.65739,30347,Asia/Kolkata,mānsa goa
Dhāruhera,Gujarat,28.20553,76.79691,30344,Asia/Kolkata,dhāruhera gujarat
Sarkhej,Goa,22.98297,72.50196,30341,Asia/Kolkata,sarkhej goa
Banmankhi Bazar,Bihar,25.88761,87.19356,30336,Asia/Kolkata,banmankhi bazar bihar
Rehli,Madhya Pradesh,23.63722,79.06275,30329,Asia/Kolkata,rehli madhya pradesh
Tāramangalam,Tamil Nadu,11.69403,77.97035,30222,Asia/Kolkata,tāramangalam tamil nadu
Amla,Madhya Pradesh,21.92485,78.12786,30215,Asia/Kolkata,amla madhya pradesh
Tirukkoyilur,Tamil Nadu,11.9662,79.20259,30212,Asia/Kolkata,tirukkoyilur tamil nadu
Musiri,Tamil Nadu,10.95299,78.44427,30209,Asia/Kolkata,musiri tamil nadu
Hīrākud,Odisha,21.52502,83.87275,30207,Asia/Kolkata,hīrākud odisha
Khair,Uttar Pradesh,27.94195,77.84243,30173,Asia/Kolkata,khair uttar pradesh
Rajauli,Bihar,24.64486,85.50028,30170,Asia/Kolkata,rajauli bihar
Kakkalapalle,Andhra Pradesh,14.64152,77.56684,30128,Asia/Kolkata,kakkalapalle andhra pradesh
Cherukavu,Kerala,11.17307,75.90858,30126,Asia/Kolkata,cherukavu kerala
Seoni Mālwa,Madhya Pradesh,22.45046,77.4665,30100,Asia/Kolkata,seoni mālwa madhya pradesh
Oddanchathiram,Tamil Nadu,10.48013,77.74977,30064,Asia/Kolkata,oddanchathiram tamil nadu
Fatehpur Sīkri,Uttar Pradesh,27.0937,77.66003,30026,Asia/Kolkata,fatehpur sīkri uttar pradesh
Azhiyūr,Kerala,11.69348,75.56013,30023,Asia/Kolkata,azhiyūr kerala
Byādgi,Karnataka,14.67325,75.4868,30014,Asia/Kolkata,byādgi karnataka
Birpara,West Bengal,26.70421,89.14547,30000,Asia/Kolkata,birpara west bengal
Multai,Madhya Pradesh,21.77463,78.25756,29976,Asia/Kolkata,multai madhya pradesh
Holenarasipura,Karnataka,12.78635,76.24331,29974,Asia/Kolkata,holenarasipura karnataka
Talāja,Goa,21.3527,72.03524,29948,Asia/Kolkata,talāja goa
Marhaura,Bihar,25.97349,84.86796,29932,Asia/Kolkata,marhaura bihar
Kareli,Madhya Pradesh,22.91533,79.06378,29929,Asia/Kolkata,kareli madhya pradesh
Baddi,Haryana,30.95783,76.79136,29911,Asia/Kolkata,baddi haryana
Bhongaon,Uttar Pradesh,27.25515,79.18118,29911,Asia/Kolkata,bhongaon uttar pradesh
Pānakkudi,Tamil Nadu,8.322,77.57711,29895,Asia/Kolkata,pānakkudi tamil nadu
Pūlakkōd,Kerala,11.30975,75.94995,29872,Asia/Kolkata,pūlakkōd kerala
Gadhada,Goa,21.96957,71.57828,29872,Asia/Kolkata,gadhada goa
Mukeriān,Punjab,31.95394,75.61716,29841,Asia/Kolkata,mukeriān punjab
Ariyānkuppam,Puducherry,11.89532,79.80709,29808,Asia/Kolkata,ariyānkuppam puducherry
Karumālūr,Kerala,10.1329,76.27992,29805,Asia/Kolkata,karumālūr kerala
Kottārakara,Kerala,9.00359,76.77383,29788,Asia/Kolkata,kottārakara kerala
Mavoor,Kerala,11.26667,75.91667,29781,Asia/Kolkata,mavoor kerala
Pilāni,Rajasthan,28.36725,75.60352,29741,Asia/Kolkata,pilāni rajasthan
Devarkonda,Telangana,16.69186,78.92073,29731,Asia/Kolkata,devarkonda telangana
Rājgarh,Madhya Pradesh,24.00826,76.7325,29726,Asia/Kolkata,rājgarh madhya pradesh
Mīnād,Kerala,8.85031,76.69516,29716,Asia/Kolkata,mīnād kerala
Nedumbassery,Kerala,10.15646,76.40167,29706,Asia/Kolkata,nedumbassery kerala
Rājūra,Maharashtra,19.77947,79.36459,29668,Asia/Kolkata,rājūra maharashtra
Bilāri,Uttar Pradesh,28.62146,78.80361,29666,Asia/Kolkata,bilāri uttar pradesh
Mūvattupula,Kerala,9.98493,76.57728,29664,Asia/Kolkata,mūvattupula kerala
Adūr,Kerala,9.15595,76.73192,29652,Asia/Kolkata,adūr kerala
Walwadi,Maharashtra,20.92085,74.76111,29636,Asia/Kolkata,walwadi maharashtra
Puthuppally,Kerala,9.55752,76.57483,29635,Asia/Kolkata,puthuppally kerala
Mīrānpur Katra,Uttar Pradesh,28.02963,79.66778,29626,Asia/Kolkata,mīrānpur katra uttar pradesh
Rāisinghnagar,Rajasthan,29.53583,73.44917,29626,Asia/Kolkata,rāisinghnagar rajasthan
Kidarakulam,Kerala,8.56688,76.99129,29624,Asia/Kolkata,kidarakulam kerala
Kuttuparamba,Kerala,11.82775,75.5659,29619,Asia/Kolkata,kuttuparamba kerala
Ārangaon,Maharashtra,19.02681,74.71487,29591,Asia/Kolkata,ārangaon maharashtra
Pakridayal,Bihar,26.56271,85.0452,29582,Asia/Kolkata,pakridayal bihar
Dhanera,Goa,24.50967,72.02343,29578,Asia/Kolkata,dhanera goa
Chengamanād,Kerala,10.15409,76.34159,29576,Asia/Kolkata,chengamanād kerala
Lākheri,Rajasthan,25.67237,76.17692,29572,Asia/Kolkata,lākheri rajasthan
Kalavoor,Kerala,9.57046,76.32756,29564,Asia/Kolkata,kalavoor kerala
Behror,Rajasthan,27.88832,76.28108,29531,Asia/Kolkata,behror rajasthan
Reddipālaiyam,Tamil Nadu,13.10778,80.12056,29511,Asia/Kolkata,reddipālaiyam tamil nadu
Zunheboto,Nagaland,25.96667,94.51667,29499,Asia/Kolkata,zunheboto nagaland
Rajaori,Jammu and Kashmir,33.37526,74.3092,29486,Asia/Kolkata,rajaori jammu and kashmir
Sankagiri,Tamil Nadu,11.47599,77.86637,29467,Asia/Kolkata,sankagiri tamil nadu
Mharal Bk,Maharashtra,19.24588,73.1771,29462,Asia/Kolkata,mharal bk maharashtra
Maināguri,West Bengal,26.56263,88.8204,29459,Asia/Kolkata,maināguri west bengal
Nedumpana,Kerala,8.90796,76.69298,29454,Asia/Kolkata,nedumpana kerala
Puttankulam,Kerala,8.8138,76.71791,29447,Asia/Kolkata,puttankulam kerala
Nāgar Karnūl,Telangana,16.4821,78.32471,29439,Asia/Kolkata,nāgar karnūl telangana
Sāgwāra,Rajasthan,23.67951,74.02013,29439,Asia/Kolkata,sāgwāra rajasthan
Ibrāhīmpatnam,Andhra Pradesh,16.58303,80.51432,29432,Asia/Kolkata,ibrāhīmpatnam andhra pradesh
Vadakku Valliyūr,Tamil Nadu,8.38286,77.61221,29417,Asia/Kolkata,vadakku valliyūr tamil nadu
Jāmtāra,Unknown,23.963,86.80285,29415,Asia/Kolkata,jāmtāra unknown
Khedbrahma,Goa,24.0299,73.04632,29402,Asia/Kolkata,khedbrahma goa
Tirukkalikkunram,Tamil Nadu,12.60799,80.0555,29391,Asia/Kolkata,tirukkalikkunram tamil nadu
Talakkolattur,Kerala,11.35366,75.75798,29388,Asia/Kolkata,talakkolattur kerala
Pālkonda,Andhra Pradesh,18.60374,83.75568,29378,Asia/Kolkata,pālkonda andhra pradesh
Dhāri,Goa,21.32855,71.02645,29346,Asia/Kolkata,dhāri goa
Amballūr,Kerala,10.43431,76.26341,29341,Asia/Kolkata,amballūr kerala
Koovappady,Kerala,10.15525,76.48544,29339,Asia/Kolkata,koovappady kerala
Chendamangalam,Kerala,10.16322,76.23456,29326,Asia/Kolkata,chendamangalam kerala
Jewar,Uttar Pradesh,28.122,77.55734,29316,Asia/Kolkata,jewar uttar pradesh
Nawāpāra,Unknown,20.97173,81.85884,29315,Asia/Kolkata,nawāpāra unknown
Tarsadi,Goa,21.46996,72.9521,29305,Asia/Kolkata,tarsadi goa
Ner,Maharashtra,20.48971,77.86632,29302,Asia/Kolkata,ner maharashtra
Vijayapuram,Kerala,9.59123,76.56124,29248,Asia/Kolkata,vijayapuram kerala
Husainābād,Unknown,24.52849,84,29241,Asia/Kolkata,husainābād unknown
Udaipurwati,Rajasthan,27.73011,75.47161,29236,Asia/Kolkata,udaipurwati rajasthan
Bachhraon,Uttar Pradesh,28.92694,78.23456,29232,Asia/Kolkata,bachhraon uttar pradesh
Jandiāla Gurū,Punjab,31.56198,75.0277,29232,Asia/Kolkata,jandiāla gurū punjab
Irinjālakuda,Kerala,10.34238,76.21124,29208,Asia/Kolkata,irinjālakuda kerala
Renwāl,Rajasthan,27.15767,75.35808,29201,Asia/Kolkata,renwāl rajasthan
Kumbalam,Kerala,9.9063,76.31127,29193,Asia/Kolkata,kumbalam kerala
Basni,Rajasthan,27.17232,73.64519,29187,Asia/Kolkata,basni rajasthan
Morigaon,Arunachal Pradesh,26.24908,92.34764,29164,Asia/Kolkata,morigaon arunachal pradesh
Madhugiri,Karnataka,13.66035,77.21239,29159,Asia/Kolkata,madhugiri karnataka
Urakam,Kerala,11.05124,75.98833,29157,Asia/Kolkata,urakam kerala
Islāmnagar,Uttar Pradesh,28.32896,78.72524,29144,Asia/Kolkata,islāmnagar uttar pradesh
Ariyalūr,Tamil Nadu,11.13849,79.07556,29144,Asia/Kolkata,ariyalūr tamil nadu
Ponmana,Kerala,9.00798,76.52023,29139,Asia/Kolkata,ponmana kerala
Mahendragarh,Gujarat,28.26935,76.15253,29128,Asia/Kolkata,mahendragarh gujarat
Mudalgi,Karnataka,16.33685,74.96768,29128,Asia/Kolkata,mudalgi karnataka
Nakrekal,Telangana,17.16259,79.42754,29126,Asia/Kolkata,nakrekal telangana
Unamaucheri,Tamil Nadu,12.8608,80.10659,29122,Asia/Kolkata,unamaucheri tamil nadu
Gorai,Maharashtra,19.25,72.78333,29107,Asia/Kolkata,gorai maharashtra
Uttamapālaiyam,Tamil Nadu,9.80701,77.32718,29050,Asia/Kolkata,uttamapālaiyam tamil nadu
Khandela,Rajasthan,27.60499,75.502,29044,Asia/Kolkata,khandela rajasthan
Sirsāganj,Uttar Pradesh,27.05715,78.68661,29034,Asia/Kolkata,sirsāganj uttar pradesh
Chodavaram,Andhra Pradesh,17.82884,82.93526,29000,Asia/Kolkata,chodavaram andhra pradesh
Umarkot,Unknown,19.66529,82.20629,28993,Asia/Kolkata,umarkot unknown
Hupari,Maharashtra,16.61667,74.40442,28953,Asia/Kolkata,hupari maharashtra
Suār,Uttar Pradesh,29.02841,79.05654,28941,Asia/Kolkata,suār uttar pradesh
Devadurga,Karnataka,16.42314,76.93577,28929,Asia/Kolkata,devadurga karnataka
Manoharpur,Rajasthan,27.29769,75.9495,28928,Asia/Kolkata,manoharpur rajasthan
Nāhan,Haryana,30.56029,77.29426,28899,Asia/Kolkata,nāhan haryana
Lādwa,Gujarat,29.9935,77.04563,28887,Asia/Kolkata,lādwa gujarat
Gil,Punjab,30.84692,75.86362,28884,Asia/Kolkata,gil punjab
Gunupur,Odisha,19.0804,83.80879,28870,Asia/Kolkata,gunupur odisha
Avinashi,Tamil Nadu,11.19297,77.26865,28868,Asia/Kolkata,avinashi tamil nadu
Kotagiri,Tamil Nadu,11.42072,76.86035,28848,Asia/Kolkata,kotagiri tamil nadu
Sikka,Goa,22.43218,69.84158,28814,Asia/Kolkata,sikka goa
Panipat Taraf Rajputan,Gujarat,29.36089,76.94258,28803,Asia/Kolkata,panipat taraf rajputan gujarat
Kondotty,Kerala,11.1423,75.9657,28794,Asia/Kolkata,kondotty kerala
Rusera,Bihar,25.75355,86.02597,28781,Asia/Kolkata,rusera bihar
Desāīganj,Maharashtra,20.62354,79.96454,28781,Asia/Kolkata,desāīganj maharashtra
Maddūr,Karnataka,12.58283,77.04294,28754,Asia/Kolkata,maddūr karnataka
Nongstoin,Meghalaya,25.51704,91.26484,28742,Asia/Kolkata,nongstoin meghalaya
Rāikot,Punjab,30.65,75.6,28734,Asia/Kolkata,rāikot punjab
Dinapur Cantonment,Bihar,25.63616,85.02026,28723,Asia/Kolkata,dinapur cantonment bihar
Jhālod,Goa,23.10097,74.15536,28720,Asia/Kolkata,jhālod goa
Karera,Madhya Pradesh,25.45815,78.13583,28705,Asia/Kolkata,karera madhya pradesh
Murlīganj,Bihar,25.8969,86.99577,28691,Asia/Kolkata,murlīganj bihar
Soron,Uttar Pradesh,27.89055,78.74621,28683,Asia/Kolkata,soron uttar pradesh
Mukher,Maharashtra,18.70636,77.36795,28647,Asia/Kolkata,mukher maharashtra
Vandiyūr,Tamil Nadu,9.90917,78.16088,28646,Asia/Kolkata,vandiyūr tamil nadu
Alandi,Maharashtra,18.67756,73.89868,28645,Asia/Kolkata,alandi maharashtra
Pattāmbi,Kerala,10.80005,76.18408,28632,Asia/Kolkata,pattāmbi kerala
Tekkali,Andhra Pradesh,18.6057,84.23546,28631,Asia/Kolkata,tekkali andhra pradesh
Duliajan,Arunachal Pradesh,27.36035,95.31806,28626,Asia/Kolkata,duliajan arunachal pradesh
Duliajan Oil Town,Arunachal Pradesh,27.3578,95.31407,28626,Asia/Kolkata,duliajan oil town arunachal pradesh
Kāraippudūr,Tamil Nadu,11.05674,77.30613,28602,Asia/Kolkata,kāraippudūr tamil nadu
Ambikāpuram,Kerala,10.79385,76.65303,28592,Asia/Kolkata,ambikāpuram kerala
Sūryampālaiyam,Tamil Nadu,11.40445,77.71227,28585,Asia/Kolkata,sūryampālaiyam tamil nadu
Motipur,Bihar,26.25267,85.16076,28572,Asia/Kolkata,motipur bihar
Ālangulam,Tamil Nadu,8.86404,77.49937,28558,Asia/Kolkata,ālangulam tamil nadu
Addanki,Andhra Pradesh,15.81061,79.97338,28547,Asia/Kolkata,addanki andhra pradesh
Bemetāra,Unknown,21.71556,81.53423,28536,Asia/Kolkata,bemetāra unknown
Milak,Uttar Pradesh,28.61031,79.16997,28505,Asia/Kolkata,milak uttar pradesh
Losal,Rajasthan,27.4,74.91667,28504,Asia/Kolkata,losal rajasthan
Alirajpur,Madhya Pradesh,22.30393,74.35568,28498,Asia/Kolkata,alirajpur madhya pradesh
Pārdi,Goa,20.5087,72.94569,28495,Asia/Kolkata,pārdi goa
Kinwat,Maharashtra,19.62557,78.1987,28454,Asia/Kolkata,kinwat maharashtra
Pasan,Madhya Pradesh,23.16485,81.92859,28447,Asia/Kolkata,pasan madhya pradesh
Lālgola,West Bengal,24.42244,88.25238,28442,Asia/Kolkata,lālgola west bengal
Utraula,Uttar Pradesh,27.31933,82.41872,28437,Asia/Kolkata,utraula uttar pradesh
Baikunthpur,Unknown,23.26206,82.56051,28431,Asia/Kolkata,baikunthpur unknown
Jowai,Meghalaya,25.43596,92.19132,28430,Asia/Kolkata,jowai meghalaya
Ochira,Kerala,9.13478,76.51169,28412,Asia/Kolkata,ochira kerala
Rāpar,Goa,23.57267,70.64718,28407,Asia/Kolkata,rāpar goa
Jammu Cantonment,Jammu and Kashmir,32.70438,74.86114,28396,Asia/Kolkata,jammu cantonment jammu and kashmir
Bānswāda,Telangana,18.37725,77.88007,28384,Asia/Kolkata,bānswāda telangana
Hosadurga,Karnataka,13.79631,76.28408,28370,Asia/Kolkata,hosadurga karnataka
Ramanayyapeta,Andhra Pradesh,16.94516,82.2385,28369,Asia/Kolkata,ramanayyapeta andhra pradesh
Mīnjūr,Tamil Nadu,13.27951,80.25815,28337,Asia/Kolkata,mīnjūr tamil nadu
Sonāmukhi,West Bengal,23.30521,87.41336,28334,Asia/Kolkata,sonāmukhi west bengal
Kukshi,Madhya Pradesh,22.20677,74.75788,28331,Asia/Kolkata,kukshi madhya pradesh
Kansad,Goa,21.07466,72.87888,28327,Asia/Kolkata,kansad goa
Kālāvad,Goa,22.20789,70.38343,28314,Asia/Kolkata,kālāvad goa
Jashpur Nagar,Unknown,22.88783,84.13864,28301,Asia/Kolkata,jashpur nagar unknown
Māvelikara,Kerala,9.25929,76.55642,28300,Asia/Kolkata,māvelikara kerala
Dhanaura,Uttar Pradesh,28.95912,78.25629,28285,Asia/Kolkata,dhanaura uttar pradesh
Jalgaon Jamod,Maharashtra,21.05194,76.53464,28276,Asia/Kolkata,jalgaon jamod maharashtra
Pallipuram,Kerala,9.75502,76.35724,28276,Asia/Kolkata,pallipuram kerala
Sujānpur,Punjab,32.31625,75.60741,28270,Asia/Kolkata,sujānpur punjab
Annigeri,Karnataka,15.42513,75.4335,28267,Asia/Kolkata,annigeri karnataka
Piravam,Kerala,9.86667,76.5,28254,Asia/Kolkata,piravam kerala
Ganderbal,Jammu and Kashmir,34.22619,74.77478,28233,Asia/Kolkata,ganderbal jammu and kashmir
Uliyazhathura,Kerala,8.58165,76.92242,28230,Asia/Kolkata,uliyazhathura kerala
Mandi,Haryana,31.71194,76.93273,28217,Asia/Kolkata,mandi haryana
Atholi,Kerala,11.38853,75.7597,28213,Asia/Kolkata,atholi kerala
Shiggaon,Karnataka,14.99053,75.22499,28207,Asia/Kolkata,shiggaon karnataka
Pandua,West Bengal,23.07492,88.28637,28205,Asia/Kolkata,pandua west bengal
Pūnch,Jammu and Kashmir,33.77033,74.09254,28197,Asia/Kolkata,pūnch jammu and kashmir
Kottaikādu,Tamil Nadu,12.25556,79.98226,28172,Asia/Kolkata,kottaikādu tamil nadu
Hāngal,Karnataka,14.76465,75.1246,28159,Asia/Kolkata,hāngal karnataka
Jhadeshwar,Goa,21.71361,73.03231,28148,Asia/Kolkata,jhadeshwar goa
Polūr,Tamil Nadu,12.51217,79.12405,28123,Asia/Kolkata,polūr tamil nadu
Sheohar,Bihar,26.51393,85.29341,28116,Asia/Kolkata,sheohar bihar
Perumbavoor,Kerala,10.10695,76.47366,28110,Asia/Kolkata,perumbavoor kerala
Gundlupēt,Karnataka,11.81004,76.69027,28105,Asia/Kolkata,gundlupēt karnataka
Sachīn,Goa,21.08718,72.88153,28102,Asia/Kolkata,sachīn goa
Koynanagar,Maharashtra,17.4,73.76667,28091,Asia/Kolkata,koynanagar maharashtra
Gotegaon,Madhya Pradesh,23.02888,79.48233,28074,Asia/Kolkata,gotegaon madhya pradesh
Kalwākurti,Telangana,16.66396,78.49143,28060,Asia/Kolkata,kalwākurti telangana
Sheoganj,Rajasthan,25.13915,73.06784,28053,Asia/Kolkata,sheoganj rajasthan
Devanahalli,Karnataka,13.24655,77.71183,28051,Asia/Kolkata,devanahalli karnataka
Āron,Madhya Pradesh,24.38109,77.41739,28010,Asia/Kolkata,āron madhya pradesh
Hadagalli,Karnataka,15.02048,75.93185,27967,Asia/Kolkata,hadagalli karnataka
Patran,Punjab,29.9577,76.0486,27963,Asia/Kolkata,patran punjab
Tharād,Goa,24.39597,71.62577,27954,Asia/Kolkata,tharād goa
Panāgar,Madhya Pradesh,23.28539,79.99509,27932,Asia/Kolkata,panāgar madhya pradesh
Dāsna,Uttar Pradesh,28.67736,77.52252,27926,Asia/Kolkata,dāsna uttar pradesh
Kulittalai,Tamil Nadu,10.93487,78.41251,27910,Asia/Kolkata,kulittalai tamil nadu
Sulur,Tamil Nadu,11.02427,77.12565,27909,Asia/Kolkata,sulur tamil nadu
Rangia,Arunachal Pradesh,26.44931,91.61356,27889,Asia/Kolkata,rangia arunachal pradesh
Bāmor Kalān,Madhya Pradesh,24.89298,78.15105,27860,Asia/Kolkata,bāmor kalān madhya pradesh
Umargām,Goa,20.19718,72.75035,27859,Asia/Kolkata,umargām goa
Nalbāri,Arunachal Pradesh,26.43937,91.44041,27839,Asia/Kolkata,nalbāri arunachal pradesh
Pallikunnu,Kerala,11.88993,75.35652,27820,Asia/Kolkata,pallikunnu kerala
Trittāla,Kerala,10.80303,76.12885,27796,Asia/Kolkata,trittāla kerala
Vadnagar,Goa,23.78593,72.63893,27790,Asia/Kolkata,vadnagar goa
Jaswantnagar,Uttar Pradesh,26.88271,78.90256,27777,Asia/Kolkata,jaswantnagar uttar pradesh
Afzalgarh,Uttar Pradesh,29.3937,78.67393,27753,Asia/Kolkata,afzalgarh uttar pradesh
Gangāpur,Maharashtra,19.69718,75.01045,27745,Asia/Kolkata,gangāpur maharashtra
Mahna,Punjab,30.22798,74.99365,27733,Asia/Kolkata,mahna punjab
Rāipur,Uttarakhand,30.31097,78.08979,27702,Asia/Kolkata,rāipur uttarakhand
Mathur,Tamil Nadu,13.17097,80.24759,27674,Asia/Kolkata,mathur tamil nadu
Tehri,Uttarakhand,30.39086,78.4803,27611,Asia/Kolkata,tehri uttarakhand
Māgadi,Karnataka,12.95706,77.22374,27605,Asia/Kolkata,māgadi karnataka
Pūvātūparamba,Kerala,11.271,75.88945,27598,Asia/Kolkata,pūvātūparamba kerala
Bāspalli,Telangana,17.53909,78.36355,27563,Asia/Kolkata,bāspalli telangana
Mahād,Maharashtra,18.08333,73.41667,27536,Asia/Kolkata,mahād maharashtra
Ezhupunna,Kerala,9.8211,76.29982,27528,Asia/Kolkata,ezhupunna kerala
Sānkrāil,West Bengal,22.54997,88.22515,27523,Asia/Kolkata,sānkrāil west bengal
Wārāseonī,Madhya Pradesh,21.76184,80.04301,27494,Asia/Kolkata,wārāseonī madhya pradesh
Beldānga,West Bengal,23.93428,88.26018,27489,Asia/Kolkata,beldānga west bengal
Jilādiguda,Telangana,17.332,78.52553,27461,Asia/Kolkata,jilādiguda telangana
Sausar,Madhya Pradesh,21.65576,78.79669,27459,Asia/Kolkata,sausar madhya pradesh
Moothakunnam,Kerala,10.18995,76.20079,27458,Asia/Kolkata,moothakunnam kerala
Pathirappally,Kerala,9.53539,76.32205,27445,Asia/Kolkata,pathirappally kerala
Hadgāon,Maharashtra,19.49552,77.65863,27433,Asia/Kolkata,hadgāon maharashtra
Chandrapura,Unknown,23.74877,86.11955,27425,Asia/Kolkata,chandrapura unknown
Rājaldesar,Rajasthan,28.02849,74.47442,27419,Asia/Kolkata,rājaldesar rajasthan
Pachor,Madhya Pradesh,23.70982,76.73387,27396,Asia/Kolkata,pachor madhya pradesh
Sādri,Rajasthan,25.18555,73.45288,27390,Asia/Kolkata,sādri rajasthan
Mīrānpur,Uttar Pradesh,29.29026,77.94939,27390,Asia/Kolkata,mīrānpur uttar pradesh
Azhoor,Kerala,8.64415,76.79897,27390,Asia/Kolkata,azhoor kerala
Kullattūr,Tamil Nadu,12.94194,80.19472,27374,Asia/Kolkata,kullattūr tamil nadu
Balussheri,Kerala,11.44738,75.82944,27363,Asia/Kolkata,balussheri kerala
Kālānwāli,Gujarat,29.83573,74.9717,27355,Asia/Kolkata,kālānwāli gujarat
Kadodara,Goa,21.1616,72.9623,27336,Asia/Kolkata,kadodara goa
Chakapara,West Bengal,22.63222,88.34861,27320,Asia/Kolkata,chakapara west bengal
Nanminda,Kerala,11.42325,75.82308,27316,Asia/Kolkata,nanminda kerala
Nokha,Bihar,25.10479,84.1162,27302,Asia/Kolkata,nokha bihar
Kattumannarkoil,Tamil Nadu,11.27631,79.55784,27294,Asia/Kolkata,kattumannarkoil tamil nadu
Kalamb,Maharashtra,19.04437,73.95554,27287,Asia/Kolkata,kalamb maharashtra
Āndippatti,Tamil Nadu,9.99797,77.62097,27287,Asia/Kolkata,āndippatti tamil nadu
Arumuganeri,Tamil Nadu,8.5688,78.09091,27266,Asia/Kolkata,arumuganeri tamil nadu
Elamanchili,Andhra Pradesh,17.54907,82.85749,27265,Asia/Kolkata,elamanchili andhra pradesh
Adichānallūr,Kerala,8.88049,76.71558,27240,Asia/Kolkata,adichānallūr kerala
Laitumkhrah,Meghalaya,25.57067,91.89771,27219,Asia/Kolkata,laitumkhrah meghalaya
Gulābpura,Rajasthan,25.90448,74.66025,27215,Asia/Kolkata,gulābpura rajasthan
Pāthardi,Maharashtra,19.17279,75.17425,27211,Asia/Kolkata,pāthardi maharashtra
Kundarkhi,Uttar Pradesh,28.68304,78.78559,27197,Asia/Kolkata,kundarkhi uttar pradesh
Ukhrul,Manipur,25.11957,94.36417,27187,Asia/Kolkata,ukhrul manipur
Gadhinglaj,Maharashtra,16.22291,74.3501,27185,Asia/Kolkata,gadhinglaj maharashtra
Bilgrām,Uttar Pradesh,27.17509,80.03201,27173,Asia/Kolkata,bilgrām uttar pradesh
Ali,Delhi,28.5161,77.30993,27169,Asia/Kolkata,ali delhi
Jāfarābād,Goa,20.86611,71.36606,27167,Asia/Kolkata,jāfarābād goa
Bhelai,Unknown,22.3093,82.60953,27158,Asia/Kolkata,bhelai unknown
Bidhūna,Uttar Pradesh,26.80172,79.50829,27158,Asia/Kolkata,bidhūna uttar pradesh
Ayakudi,Tamil Nadu,10.44992,77.55198,27156,Asia/Kolkata,ayakudi tamil nadu
Vettanād,Kerala,8.60587,76.94235,27140,Asia/Kolkata,vettanād kerala
Āsandh,Gujarat,29.52119,76.60552,27125,Asia/Kolkata,āsandh gujarat
Perumpāvūr,Kerala,10.11544,76.47611,27105,Asia/Kolkata,perumpāvūr kerala
Chanpatia,Bihar,26.94442,84.5377,27095,Asia/Kolkata,chanpatia bihar
Afzalpur,Karnataka,17.19986,76.36018,27088,Asia/Kolkata,afzalpur karnataka
Gobindpur,Unknown,22.63393,86.07162,27066,Asia/Kolkata,gobindpur unknown
Tikkotti,Kerala,11.48333,75.61667,27051,Asia/Kolkata,tikkotti kerala
Gingee,Tamil Nadu,12.25282,79.41727,27045,Asia/Kolkata,gingee tamil nadu
Rāver,Maharashtra,21.24757,76.03509,27039,Asia/Kolkata,rāver maharashtra
Bāgepalli,Karnataka,13.78338,77.79667,27011,Asia/Kolkata,bāgepalli karnataka
Kotdwāra,Uttarakhand,29.74612,78.52219,27009,Asia/Kolkata,kotdwāra uttarakhand
Payakaraopeta,Andhra Pradesh,17.36784,82.56826,27001,Asia/Kolkata,payakaraopeta andhra pradesh
Bhawanipur,Bihar,26.45352,87.02744,27000,Asia/Kolkata,bhawanipur bihar
Elamkunnapuzha,Kerala,10.02674,76.22229,26997,Asia/Kolkata,elamkunnapuzha kerala
Ettumanoor,Kerala,9.67,76.57,26993,Asia/Kolkata,ettumanoor kerala
Lātehār,Unknown,23.74423,84.49984,26981,Asia/Kolkata,lātehār unknown
Chengam,Tamil Nadu,12.30889,78.79137,26980,Asia/Kolkata,chengam tamil nadu
Kumārapuram,Kerala,9.27078,76.43257,26943,Asia/Kolkata,kumārapuram kerala
Margherita,Arunachal Pradesh,27.28482,95.66796,26914,Asia/Kolkata,margherita arunachal pradesh
Kulasēkarapuram,Kerala,9.0912,76.53034,26907,Asia/Kolkata,kulasēkarapuram kerala
Sāmba,Jammu and Kashmir,32.56245,75.11993,26893,Asia/Kolkata,sāmba jammu and kashmir
Pirthīpur,Madhya Pradesh,25.20837,78.75158,26883,Asia/Kolkata,pirthīpur madhya pradesh
Vepagunta,Andhra Pradesh,17.77844,83.21577,26881,Asia/Kolkata,vepagunta andhra pradesh
Vadipatti,Tamil Nadu,10.08481,77.96113,26830,Asia/Kolkata,vadipatti tamil nadu
Shenkottai,Tamil Nadu,8.97741,77.24633,26823,Asia/Kolkata,shenkottai tamil nadu
Edacchēri,Kerala,11.68178,75.6248,26819,Asia/Kolkata,edacchēri kerala
Banmankhi,Bihar,25.88857,87.19421,26806,Asia/Kolkata,banmankhi bihar
Srīnivāspur,Karnataka,13.33914,78.21175,26793,Asia/Kolkata,srīnivāspur karnataka
Palavakkam,Tamil Nadu,12.9535,80.2572,26766,Asia/Kolkata,palavakkam tamil nadu
Chāndur,Maharashtra,19.73444,79.17167,26755,Asia/Kolkata,chāndur maharashtra
Indāpur,Maharashtra,18.3,73.25,26752,Asia/Kolkata,indāpur maharashtra
Varappuzha,Kerala,10.07589,76.27152,26750,Asia/Kolkata,varappuzha kerala
Kemrī,Uttar Pradesh,28.80673,79.2048,26726,Asia/Kolkata,kemrī uttar pradesh
Alattūr,Kerala,10.65,76.53333,26720,Asia/Kolkata,alattūr kerala
Bela,Bihar,25.55707,84.43078,26707,Asia/Kolkata,bela bihar
Krishnāpuram,Kerala,9.15212,76.52338,26705,Asia/Kolkata,krishnāpuram kerala
Kartārpur,Punjab,31.44268,75.49847,26701,Asia/Kolkata,kartārpur punjab
Māmidālapādu,Andhra Pradesh,15.85409,78.01481,26694,Asia/Kolkata,māmidālapādu andhra pradesh
Karhal,Uttar Pradesh,27.00089,78.93935,26693,Asia/Kolkata,karhal uttar pradesh
Lar,Uttar Pradesh,26.20394,83.96906,26688,Asia/Kolkata,lar uttar pradesh
Kūdligi,Karnataka,14.905,76.38527,26680,Asia/Kolkata,kūdligi karnataka
Alīganj,Uttar Pradesh,27.49358,79.17127,26652,Asia/Kolkata,alīganj uttar pradesh
Baloda Bāzār,Unknown,21.65678,82.16062,26632,Asia/Kolkata,baloda bāzār unknown
Manihāri,Bihar,25.33891,87.61998,26629,Asia/Kolkata,manihāri bihar
Kottur,Tamil Nadu,10.53646,76.98034,26627,Asia/Kolkata,kottur tamil nadu
Faizpur,Maharashtra,21.16766,75.86006,26602,Asia/Kolkata,faizpur maharashtra
Manāsa,Madhya Pradesh,24.47764,75.14095,26551,Asia/Kolkata,manāsa madhya pradesh
Sankarapatti,Tamil Nadu,10.0477,78.74719,26536,Asia/Kolkata,sankarapatti tamil nadu
Songadh,Goa,21.16966,73.56357,26515,Asia/Kolkata,songadh goa
Pauri,Uttarakhand,30.15286,78.7771,26514,Asia/Kolkata,pauri uttarakhand
Shāhganj,Uttar Pradesh,26.04965,82.68423,26510,Asia/Kolkata,shāhganj uttar pradesh
Dhrol,Goa,22.567,70.41769,26496,Asia/Kolkata,dhrol goa
Pallippatti,Tamil Nadu,11.9399,78.40161,26492,Asia/Kolkata,pallippatti tamil nadu
Barwāh,Madhya Pradesh,22.25394,76.03853,26459,Asia/Kolkata,barwāh madhya pradesh
Mauganj,Madhya Pradesh,24.66721,81.87339,26420,Asia/Kolkata,mauganj madhya pradesh
Bablāi,Gujarat,30.35729,76.879,26412,Asia/Kolkata,bablāi gujarat
Terdāl,Karnataka,16.49379,75.04667,26411,Asia/Kolkata,terdāl karnataka
Nādbai,Rajasthan,27.22288,77.19569,26411,Asia/Kolkata,nādbai rajasthan
Kallidaikurichi,Tamil Nadu,8.68591,77.46592,26398,Asia/Kolkata,kallidaikurichi tamil nadu
Taloda,Maharashtra,21.56128,74.21238,26363,Asia/Kolkata,taloda maharashtra
Murugampālaiyam,Tamil Nadu,11.08063,77.32381,26349,Asia/Kolkata,murugampālaiyam tamil nadu
Mon,Nagaland,26.73583,95.05841,26328,Asia/Kolkata,mon nagaland
Kheri,Uttar Pradesh,27.90354,80.79754,26327,Asia/Kolkata,kheri uttar pradesh
Bilsi,Uttar Pradesh,28.12941,78.9109,26320,Asia/Kolkata,bilsi uttar pradesh
Basi,Punjab,30.58813,76.84498,26295,Asia/Kolkata,basi punjab
Āyanchēri,Kerala,11.62609,75.67427,26293,Asia/Kolkata,āyanchēri kerala
Kottūru,Karnataka,14.82442,76.22005,26289,Asia/Kolkata,kottūru karnataka
Anjad,Madhya Pradesh,22.04171,75.05519,26289,Asia/Kolkata,anjad madhya pradesh
Chinnalapatti,Tamil Nadu,10.28481,77.92332,26285,Asia/Kolkata,chinnalapatti tamil nadu
Narasannapeta,Andhra Pradesh,18.41428,84.04463,26280,Asia/Kolkata,narasannapeta andhra pradesh
Ongallur-II,Kerala,10.78974,76.21898,26273,Asia/Kolkata,ongallur-ii kerala
Aklera,Rajasthan,24.41288,76.56719,26240,Asia/Kolkata,aklera rajasthan
Mirganj,Bihar,26.37345,84.33489,26240,Asia/Kolkata,mirganj bihar
Tekkalakote,Karnataka,15.53444,76.87703,26224,Asia/Kolkata,tekkalakote karnataka
Mungaoli,Madhya Pradesh,24.40837,78.09588,26192,Asia/Kolkata,mungaoli madhya pradesh
Budhlāda,Punjab,29.92799,75.56205,26172,Asia/Kolkata,budhlāda punjab
Anuppānadi,Tamil Nadu,9.90396,78.14326,26158,Asia/Kolkata,anuppānadi tamil nadu
Reengus,Rajasthan,27.3636,75.56838,26139,Asia/Kolkata,reengus rajasthan
Sutrāpāra,Goa,20.84352,70.48318,26132,Asia/Kolkata,sutrāpāra goa
Kodoli,Maharashtra,17.67023,74.03469,26106,Asia/Kolkata,kodoli maharashtra
Phulera,Rajasthan,26.87401,75.24171,26091,Asia/Kolkata,phulera rajasthan
Renigunta,Andhra Pradesh,13.65143,79.51256,26031,Asia/Kolkata,renigunta andhra pradesh
Basi,Rajasthan,26.8315,76.04856,26029,Asia/Kolkata,basi rajasthan
Khoni,Maharashtra,19.31734,73.05973,26016,Asia/Kolkata,khoni maharashtra
Areraj,Bihar,26.5503,84.6801,26014,Asia/Kolkata,areraj bihar
Muttanampālaiyam,Tamil Nadu,11.08453,77.3969,26014,Asia/Kolkata,muttanampālaiyam tamil nadu
Junnar,Maharashtra,19.20815,73.8752,25997,Asia/Kolkata,junnar maharashtra
Mehsi,Bihar,26.35574,85.09251,25995,Asia/Kolkata,mehsi bihar
Edavai,Kerala,8.7645,76.68845,25994,Asia/Kolkata,edavai kerala
Mangaldai,Arunachal Pradesh,26.44212,92.03047,25989,Asia/Kolkata,mangaldai arunachal pradesh
Naduvannūr,Kerala,11.48772,75.77511,25979,Asia/Kolkata,naduvannūr kerala
Krishnarājpet,Karnataka,12.66621,76.4877,25946,Asia/Kolkata,krishnarājpet karnataka
Tirāwari,Gujarat,29.80147,76.92825,25944,Asia/Kolkata,tirāwari gujarat
Mannachanallur,Tamil Nadu,10.90988,78.69927,25931,Asia/Kolkata,mannachanallur tamil nadu
Periyanayakkanpalaiyam,Tamil Nadu,11.15255,76.95159,25930,Asia/Kolkata,periyanayakkanpalaiyam tamil nadu
Kuttikkāttūr,Kerala,11.26258,75.8796,25929,Asia/Kolkata,kuttikkāttūr kerala
Kālol,Goa,22.60777,73.46272,25929,Asia/Kolkata,kālol goa
Jaynagar Majilpur,West Bengal,22.1752,88.42008,25922,Asia/Kolkata,jaynagar majilpur west bengal
Kailāras,Madhya Pradesh,26.30498,77.616,25920,Asia/Kolkata,kailāras madhya pradesh
Chīpurupalle,Andhra Pradesh,18.31142,83.56846,25898,Asia/Kolkata,chīpurupalle andhra pradesh
Iringal,Kerala,11.55929,75.61663,25894,Asia/Kolkata,iringal kerala
Jamjodhpur,Goa,21.90219,70.0357,25892,Asia/Kolkata,jamjodhpur goa
Chumukedima,Nagaland,25.82483,93.77592,25885,Asia/Kolkata,chumukedima nagaland
Thodiyoor,Kerala,9.07797,76.57772,25884,Asia/Kolkata,thodiyoor kerala
Jāmul,Unknown,21.25,81.4,25878,Asia/Kolkata,jāmul unknown
Nalhāti,West Bengal,24.29704,87.82899,25878,Asia/Kolkata,nalhāti west bengal
Kāladi,Kerala,10.81942,76.0064,25872,Asia/Kolkata,kāladi kerala
Muhamma,Kerala,9.60886,76.36083,25861,Asia/Kolkata,muhamma kerala
Ponmundam,Kerala,10.95356,75.9468,25855,Asia/Kolkata,ponmundam kerala
Mulamthuruthy,Kerala,9.90032,76.38701,25852,Asia/Kolkata,mulamthuruthy kerala
Gokarna,Karnataka,14.55,74.31667,25851,Asia/Kolkata,gokarna karnataka
Ganguwa,Gujarat,29.11343,75.69578,25847,Asia/Kolkata,ganguwa gujarat
Koregaon,Maharashtra,18.64573,74.05909,25846,Asia/Kolkata,koregaon maharashtra
Kāndla,Goa,23.03333,70.21667,25845,Asia/Kolkata,kāndla goa
Erannoli,Kerala,11.76913,75.51766,25818,Asia/Kolkata,erannoli kerala
Kārkala,Karnataka,13.21428,74.99234,25800,Asia/Kolkata,kārkala karnataka
Dārwha,Maharashtra,20.31017,77.77257,25791,Asia/Kolkata,dārwha maharashtra
Chhota Udepur,Goa,22.30401,74.0158,25787,Asia/Kolkata,chhota udepur goa
Avanigadda,Andhra Pradesh,16.02148,80.91808,25761,Asia/Kolkata,avanigadda andhra pradesh
Mussoorie,Uttarakhand,30.45498,78.07068,25753,Asia/Kolkata,mussoorie uttarakhand
Kuttippuram,Kerala,10.84246,76.03077,25750,Asia/Kolkata,kuttippuram kerala
Jaleshwar,Odisha,21.80176,87.2225,25747,Asia/Kolkata,jaleshwar odisha
Jais,Uttar Pradesh,26.2649,81.54855,25726,Asia/Kolkata,jais uttar pradesh
Kallam,Maharashtra,18.57506,76.02186,25713,Asia/Kolkata,kallam maharashtra
Pawāyan,Uttar Pradesh,28.06626,80.10305,25708,Asia/Kolkata,pawāyan uttar pradesh
Irugūr,Tamil Nadu,11.01782,77.06285,25691,Asia/Kolkata,irugūr tamil nadu
Jevargi,Karnataka,17.01394,76.77317,25686,Asia/Kolkata,jevargi karnataka
Mechcheri,Tamil Nadu,11.83412,77.94387,25676,Asia/Kolkata,mechcheri tamil nadu
Silao,Bihar,25.08358,85.42804,25674,Asia/Kolkata,silao bihar
Silapathar,Arunachal Pradesh,27.59441,94.72402,25662,Asia/Kolkata,silapathar arunachal pradesh
Khajuraho Group of Monuments,Madhya Pradesh,24.84809,79.93351,25662,Asia/Kolkata,khajuraho group of monuments madhya pradesh
Dākor,Goa,22.75268,73.14967,25658,Asia/Kolkata,dākor goa
Wadgaon,Maharashtra,16.83553,74.31338,25651,Asia/Kolkata,wadgaon maharashtra
Deori Khās,Madhya Pradesh,23.39017,79.0163,25632,Asia/Kolkata,deori khās madhya pradesh
Jandiāla,Punjab,31.1593,75.61755,25631,Asia/Kolkata,jandiāla punjab
Balakrishnapuram,Tamil Nadu,10.35909,78.00261,25627,Asia/Kolkata,balakrishnapuram tamil nadu
Panayāttur Vadakkumbhāgam,Kerala,8.95457,76.6185,25607,Asia/Kolkata,panayāttur vadakkumbhāgam kerala
Pāsighāt,Arunachal Pradesh,28.06631,95.32678,25581,Asia/Kolkata,pāsighāt arunachal pradesh
Kheda,Goa,22.75218,72.68533,25575,Asia/Kolkata,kheda goa
Nagar,Rajasthan,27.42397,77.09922,25572,Asia/Kolkata,nagar rajasthan
Viswanatham,Tamil Nadu,9.42952,77.80032,25555,Asia/Kolkata,viswanatham tamil nadu
Kamalāpuram,Karnataka,15.30442,76.47649,25552,Asia/Kolkata,kamalāpuram karnataka
Poranki,Andhra Pradesh,16.47771,80.70755,25545,Asia/Kolkata,poranki andhra pradesh
Parangipettai,Tamil Nadu,11.49117,79.76053,25541,Asia/Kolkata,parangipettai tamil nadu
Andipalayam,Tamil Nadu,11.09246,77.31225,25539,Asia/Kolkata,andipalayam tamil nadu
Kakkanad,Kerala,10.01636,76.34168,25531,Asia/Kolkata,kakkanad kerala
Adampur,Gujarat,29.28026,75.46818,25531,Asia/Kolkata,adampur gujarat
Talikkulam,Kerala,10.44036,76.09483,25507,Asia/Kolkata,talikkulam kerala
Colonelganj,Uttar Pradesh,27.13432,81.69868,25503,Asia/Kolkata,colonelganj uttar pradesh
Mehndāwal,Uttar Pradesh,26.97579,83.10995,25495,Asia/Kolkata,mehndāwal uttar pradesh
Koelwār,Bihar,25.58055,84.79751,25494,Asia/Kolkata,koelwār bihar
Harūr,Tamil Nadu,12.05267,78.48023,25469,Asia/Kolkata,harūr tamil nadu
Bannūr,Karnataka,12.33295,76.86201,25455,Asia/Kolkata,bannūr karnataka
Mūl,Maharashtra,20.06987,79.67826,25449,Asia/Kolkata,mūl maharashtra
Kuttampuzha,Kerala,10.15033,76.73544,25436,Asia/Kolkata,kuttampuzha kerala
Karuva,Kerala,8.95003,76.59861,25432,Asia/Kolkata,karuva kerala
Dorāha,Punjab,30.79953,76.02355,25424,Asia/Kolkata,dorāha punjab
Koothanallur,Tamil Nadu,10.7199,79.5157,25423,Asia/Kolkata,koothanallur tamil nadu
Khātegaon,Madhya Pradesh,22.59573,76.9133,25413,Asia/Kolkata,khātegaon madhya pradesh
Nīlēshwar,Kerala,12.25953,75.1352,25405,Asia/Kolkata,nīlēshwar kerala
Edaicode,Tamil Nadu,8.38251,77.19834,25378,Asia/Kolkata,edaicode tamil nadu
Kadakkavoor,Kerala,8.67921,76.76714,25362,Asia/Kolkata,kadakkavoor kerala
Haludbani,Unknown,22.75123,86.2099,25360,Asia/Kolkata,haludbani unknown
Chāndor,Maharashtra,20.3306,74.24467,25341,Asia/Kolkata,chāndor maharashtra
Sundarnagar,Haryana,31.53523,76.905,25338,Asia/Kolkata,sundarnagar haryana
Karungappalli,Kerala,9.10422,76.53701,25336,Asia/Kolkata,karungappalli kerala
Amarpur,Bihar,25.03967,86.90247,25336,Asia/Kolkata,amarpur bihar
Gadkhol,Goa,21.64381,73.01211,25332,Asia/Kolkata,gadkhol goa
Banganapalle,Andhra Pradesh,15.31771,78.22669,25325,Asia/Kolkata,banganapalle andhra pradesh
Anūpshahr,Uttar Pradesh,28.35748,78.26914,25306,Asia/Kolkata,anūpshahr uttar pradesh
Jalālābad,Uttar Pradesh,29.61853,77.43908,25302,Asia/Kolkata,jalālābad uttar pradesh
Chitaguppa,Karnataka,17.69737,77.21525,25298,Asia/Kolkata,chitaguppa karnataka
Bābra,Goa,21.84577,71.30544,25270,Asia/Kolkata,bābra goa
Kithor,Uttar Pradesh,28.86684,77.93861,25262,Asia/Kolkata,kithor uttar pradesh
Kallūr Vadakummuri,Kerala,10.25317,76.32815,25259,Asia/Kolkata,kallūr vadakummuri kerala
Machhlīshahr,Uttar Pradesh,25.68564,82.41106,25247,Asia/Kolkata,machhlīshahr uttar pradesh
Bagha Purana,Punjab,30.68809,75.09838,25206,Asia/Kolkata,bagha purana punjab
Bhānder,Madhya Pradesh,25.73581,78.74555,25204,Asia/Kolkata,bhānder madhya pradesh
Azhikkōd,Kerala,11.91985,75.33549,25195,Asia/Kolkata,azhikkōd kerala
Uttiramerūr,Tamil Nadu,12.61433,79.75748,25194,Asia/Kolkata,uttiramerūr tamil nadu
Dasūya,Punjab,31.81679,75.6531,25192,Asia/Kolkata,dasūya punjab
Gursarāi,Uttar Pradesh,25.61677,79.18053,25191,Asia/Kolkata,gursarāi uttar pradesh
Pāonta Sāhib,Haryana,30.43666,77.62462,25183,Asia/Kolkata,pāonta sāhib haryana
Tirorā,Maharashtra,21.40409,79.92617,25181,Asia/Kolkata,tirorā maharashtra
Rājgurunagar,Maharashtra,18.86667,73.9,25146,Asia/Kolkata,rājgurunagar maharashtra
Pottaneri Nallakavundanpatti,Tamil Nadu,11.80388,77.85673,25133,Asia/Kolkata,pottaneri nallakavundanpatti tamil nadu
Kamaruddinnagar,Delhi,28.67695,77.05372,25126,Asia/Kolkata,kamaruddinnagar delhi
Gauripur,Arunachal Pradesh,26.08334,89.96118,25124,Asia/Kolkata,gauripur arunachal pradesh
Rānia,Gujarat,29.52454,74.83689,25123,Asia/Kolkata,rānia gujarat
Mugalivakkam,Tamil Nadu,13.02054,80.16528,25117,Asia/Kolkata,mugalivakkam tamil nadu
Thazhecode,Kerala,11.32258,75.97579,25116,Asia/Kolkata,thazhecode kerala
Saiha,Mizoram,22.49183,92.98143,25110,Asia/Kolkata,saiha mizoram
Chinna Salem,Tamil Nadu,11.63422,78.87412,25106,Asia/Kolkata,chinna salem tamil nadu
Vayalār,Kerala,9.71158,76.33888,25094,Asia/Kolkata,vayalār kerala
Ahraura,Uttar Pradesh,25.01579,83.03294,25075,Asia/Kolkata,ahraura uttar pradesh
Rampachodavaram,Andhra Pradesh,17.44088,81.77558,25074,Asia/Kolkata,rampachodavaram andhra pradesh
Māngrol,Rajasthan,25.33061,76.50973,25073,Asia/Kolkata,māngrol rajasthan
Shrīrangapattana,Karnataka,12.42264,76.68439,25061,Asia/Kolkata,shrīrangapattana karnataka
Kharkhauda,Gujarat,28.8787,76.91069,25051,Asia/Kolkata,kharkhauda gujarat
Kantai,Bihar,26.21421,85.29749,25051,Asia/Kolkata,kantai bihar
Kanigiri,Andhra Pradesh,15.40555,79.50694,25045,Asia/Kolkata,kanigiri andhra pradesh
Chengannūr,Kerala,9.31575,76.61513,25043,Asia/Kolkata,chengannūr kerala
Sohāgpur,Madhya Pradesh,22.70055,78.19522,25040,Asia/Kolkata,sohāgpur madhya pradesh
Chandauli,Uttar Pradesh,25.25803,83.26825,25035,Asia/Kolkata,chandauli uttar pradesh
Paramathi Velur,Tamil Nadu,11.1916,77.9563,25012,Asia/Kolkata,paramathi velur tamil nadu
Velur,Tamil Nadu,11.10825,78.00113,25012,Asia/Kolkata,velur tamil nadu
Naubatpur,Bihar,25.49856,84.96084,25011,Asia/Kolkata,naubatpur bihar
Sāndi,Uttar Pradesh,27.28867,79.9519,25008,Asia/Kolkata,sāndi uttar pradesh
Kolasib,Mizoram,24.22388,92.67869,25000,Asia/Kolkata,kolasib mizoram
Padam,Ladakh,33.46659,76.88488,25000,Asia/Kolkata,padam ladakh
Marayur,Kerala,10.27641,77.16205,25000,Asia/Kolkata,marayur kerala
Ābu,Rajasthan,24.59365,72.71756,24981,Asia/Kolkata,ābu rajasthan
Sadulshahar,Rajasthan,29.9087,74.17567,24980,Asia/Kolkata,sadulshahar rajasthan
Borāwar,Rajasthan,27.02366,74.67579,24975,Asia/Kolkata,borāwar rajasthan
Marutharōd,Kerala,10.7751,76.69948,24963,Asia/Kolkata,marutharōd kerala
Gajwel,Telangana,17.84816,78.68291,24961,Asia/Kolkata,gajwel telangana
Devarshola,Tamil Nadu,11.54366,76.44037,24954,Asia/Kolkata,devarshola tamil nadu
Kunda,Uttar Pradesh,25.71702,81.51396,24948,Asia/Kolkata,kunda uttar pradesh
Sakleshpur,Karnataka,12.94119,75.78467,24931,Asia/Kolkata,sakleshpur karnataka
Perundurai,Tamil Nadu,11.27564,77.58794,24930,Asia/Kolkata,perundurai tamil nadu
Mundargi,Karnataka,15.20677,75.8839,24919,Asia/Kolkata,mundargi karnataka
Māchhīwāra,Punjab,30.91557,76.20016,24916,Asia/Kolkata,māchhīwāra punjab
Nainpur,Madhya Pradesh,22.42996,80.10561,24914,Asia/Kolkata,nainpur madhya pradesh
Tarāna,Madhya Pradesh,23.33383,76.04253,24908,Asia/Kolkata,tarāna madhya pradesh
Keirao Bitra,Manipur,24.71105,93.97461,24900,Asia/Kolkata,keirao bitra manipur
Kānth,Uttar Pradesh,29.05939,78.62951,24883,Asia/Kolkata,kānth uttar pradesh
Charkhāri,Uttar Pradesh,25.40304,79.74877,24881,Asia/Kolkata,charkhāri uttar pradesh
Kushtagi,Karnataka,15.75623,76.19112,24878,Asia/Kolkata,kushtagi karnataka
Churi,Unknown,23.65491,85.01281,24876,Asia/Kolkata,churi unknown
Vellalūr,Tamil Nadu,10.97747,77.02601,24872,Asia/Kolkata,vellalūr tamil nadu
Srīperumbūdūr,Tamil Nadu,12.96763,79.94197,24864,Asia/Kolkata,srīperumbūdūr tamil nadu
Muthutala,Kerala,10.83544,76.15958,24861,Asia/Kolkata,muthutala kerala
Mahwa,Rajasthan,27.04594,76.93152,24846,Asia/Kolkata,mahwa rajasthan
Kandahār,Maharashtra,18.87312,77.19231,24843,Asia/Kolkata,kandahār maharashtra
Avilala,Andhra Pradesh,13.61106,79.4208,24839,Asia/Kolkata,avilala andhra pradesh
Fālna,Rajasthan,25.26743,73.23933,24839,Asia/Kolkata,fālna rajasthan
Ghoti Budrukh,Maharashtra,19.71641,73.62821,24838,Asia/Kolkata,ghoti budrukh maharashtra
Safīpur,Uttar Pradesh,26.73783,80.3435,24801,Asia/Kolkata,safīpur uttar pradesh
Brāhmana Periya Agrahāram,Tamil Nadu,11.36904,77.70633,24798,Asia/Kolkata,brāhmana periya agrahāram tamil nadu
Thirunavaya,Kerala,10.87459,75.98546,24790,Asia/Kolkata,thirunavaya kerala
Anklesvar INA,Goa,21.61675,73.02759,24789,Asia/Kolkata,anklesvar ina goa
Kalamnūri,Maharashtra,19.67386,77.31149,24784,Asia/Kolkata,kalamnūri maharashtra
Kabrāi,Uttar Pradesh,25.40281,79.9997,24771,Asia/Kolkata,kabrāi uttar pradesh
Ilaiyankudi,Tamil Nadu,9.62512,78.62434,24767,Asia/Kolkata,ilaiyankudi tamil nadu
Talwāra,Punjab,31.9376,75.88657,24752,Asia/Kolkata,talwāra punjab
Fīrozpur Jhirka,Gujarat,27.78853,76.94496,24750,Asia/Kolkata,fīrozpur jhirka gujarat
Tijāra,Rajasthan,27.93411,76.85541,24747,Asia/Kolkata,tijāra rajasthan
Pūnāhāna,Gujarat,27.86371,77.20432,24734,Asia/Kolkata,pūnāhāna gujarat
Tattānkuttai,Tamil Nadu,11.43518,77.72369,24708,Asia/Kolkata,tattānkuttai tamil nadu
Phillaur,Punjab,31.01887,75.79111,24688,Asia/Kolkata,phillaur punjab
Pākāla,Andhra Pradesh,13.44903,79.11493,24680,Asia/Kolkata,pākāla andhra pradesh
Hinjilicut,Odisha,19.48166,84.74489,24671,Asia/Kolkata,hinjilicut odisha
Damua,Madhya Pradesh,22.19291,78.46703,24663,Asia/Kolkata,damua madhya pradesh
Ezhudesam,Tamil Nadu,8.26512,77.14212,24657,Asia/Kolkata,ezhudesam tamil nadu
Andol,Telangana,17.81458,78.07713,24645,Asia/Kolkata,andol telangana
Shāmgarh,Madhya Pradesh,24.18817,75.63903,24637,Asia/Kolkata,shāmgarh madhya pradesh
Ratanpur,Unknown,22.2866,82.16823,24636,Asia/Kolkata,ratanpur unknown
Kodarma,Unknown,24.46753,85.59397,24633,Asia/Kolkata,kodarma unknown
Keshorai Pātan,Rajasthan,25.29275,75.93948,24627,Asia/Kolkata,keshorai pātan rajasthan
Navalgund,Karnataka,15.55877,75.35305,24613,Asia/Kolkata,navalgund karnataka
Bholav,Goa,21.71974,73.01098,24605,Asia/Kolkata,bholav goa
Williamnagar,Meghalaya,25.4955,90.6168,24597,Asia/Kolkata,williamnagar meghalaya
Bijbehara,Jammu and Kashmir,33.79378,75.107,24590,Asia/Kolkata,bijbehara jammu and kashmir
Gorantla,Andhra Pradesh,13.98411,77.77224,24586,Asia/Kolkata,gorantla andhra pradesh
Dātāganj,Uttar Pradesh,28.0253,79.40819,24562,Asia/Kolkata,dātāganj uttar pradesh
Tiruppuvanam,Tamil Nadu,9.82564,78.25795,24554,Asia/Kolkata,tiruppuvanam tamil nadu
Beohāri,Madhya Pradesh,24.02423,81.37831,24545,Asia/Kolkata,beohāri madhya pradesh
Pantheeramkavu,Kerala,11.23052,75.85178,24537,Asia/Kolkata,pantheeramkavu kerala
Chharra,Uttar Pradesh,27.9247,78.40102,24535,Asia/Kolkata,chharra uttar pradesh
Hudkeshwar Buzurg,Maharashtra,21.08235,79.12736,24499,Asia/Kolkata,hudkeshwar buzurg maharashtra
Pindwāra,Rajasthan,24.79749,73.05505,24487,Asia/Kolkata,pindwāra rajasthan
Singāpur,Telangana,17.46982,78.12574,24457,Asia/Kolkata,singāpur telangana
Sahaspur,Uttar Pradesh,29.12125,78.62273,24452,Asia/Kolkata,sahaspur uttar pradesh
Ugrākheri,Gujarat,29.378,77.00934,24440,Asia/Kolkata,ugrākheri gujarat
Kānt,Uttar Pradesh,27.81049,79.79185,24430,Asia/Kolkata,kānt uttar pradesh
Bhokardan,Maharashtra,20.2583,75.76997,24416,Asia/Kolkata,bhokardan maharashtra
Maheshwar,Madhya Pradesh,22.17592,75.58715,24411,Asia/Kolkata,maheshwar madhya pradesh
Thiruthuraipoondi,Tamil Nadu,10.52819,79.63268,24404,Asia/Kolkata,thiruthuraipoondi tamil nadu
Meenambakkam,Tamil Nadu,12.98456,80.1747,24334,Asia/Kolkata,meenambakkam tamil nadu
Chiknāyakanhalli,Karnataka,13.41609,76.62063,24292,Asia/Kolkata,chiknāyakanhalli karnataka
Mahārājgani,Bihar,26.11017,84.50365,24282,Asia/Kolkata,mahārājgani bihar
Ayanavelikulangara Vadakku,Kerala,9.04298,76.52297,24268,Asia/Kolkata,ayanavelikulangara vadakku kerala
Kaithoon,Rajasthan,25.12407,75.97218,24260,Asia/Kolkata,kaithoon rajasthan
Denkanikota,Tamil Nadu,12.5301,77.78887,24252,Asia/Kolkata,denkanikota tamil nadu
Chekkiād,Kerala,11.71733,75.6419,24246,Asia/Kolkata,chekkiād kerala
Mayāng Imphāl,Manipur,24.60998,93.88873,24239,Asia/Kolkata,mayāng imphāl manipur
Haliyal,Karnataka,15.32864,74.75638,24238,Asia/Kolkata,haliyal karnataka
Vilankurichi,Tamil Nadu,11.07147,77.01729,24235,Asia/Kolkata,vilankurichi tamil nadu
Rajākheri,Madhya Pradesh,23.85931,78.7852,24232,Asia/Kolkata,rajākheri madhya pradesh
Sitārganj,Uttarakhand,28.9293,79.70436,24225,Asia/Kolkata,sitārganj uttarakhand
Nāndgaon,Maharashtra,20.3068,74.65501,24209,Asia/Kolkata,nāndgaon maharashtra
Siuliban,Unknown,23.7486,86.78477,24202,Asia/Kolkata,siuliban unknown
Dharampur,Goa,20.53693,73.17368,24178,Asia/Kolkata,dharampur goa
Sikandarpur,Uttar Pradesh,26.04327,84.05298,24177,Asia/Kolkata,sikandarpur uttar pradesh
Srīsailain,Andhra Pradesh,16.07217,78.86816,24142,Asia/Kolkata,srīsailain andhra pradesh
Barki Saria,Unknown,24.17594,85.88938,24134,Asia/Kolkata,barki saria unknown
Loha,Maharashtra,18.94484,77.11553,24125,Asia/Kolkata,loha maharashtra
Mhaswad,Maharashtra,17.63359,74.78773,24120,Asia/Kolkata,mhaswad maharashtra
Alot,Madhya Pradesh,23.76336,75.55662,24115,Asia/Kolkata,alot madhya pradesh
Suryaraopeta,Andhra Pradesh,16.99961,82.22317,24112,Asia/Kolkata,suryaraopeta andhra pradesh
Aluva,Kerala,10.10764,76.35158,24108,Asia/Kolkata,aluva kerala
Hastināpur,Uttar Pradesh,29.16042,78.00762,24093,Asia/Kolkata,hastināpur uttar pradesh
Pacode,Tamil Nadu,8.3352,77.21361,24050,Asia/Kolkata,pacode tamil nadu
Pāppākurichchi,Tamil Nadu,10.81366,78.74813,24023,Asia/Kolkata,pāppākurichchi tamil nadu
Morinda,Punjab,30.79014,76.49883,24022,Asia/Kolkata,morinda punjab
Diu,52,20.71405,70.98224,23991,Asia/Kolkata,diu 52
Nabīnagar,Bihar,24.60681,84.12624,23984,Asia/Kolkata,nabīnagar bihar
Dīnānagar,Punjab,32.13664,75.47291,23976,Asia/Kolkata,dīnānagar punjab
Māyābandar,Andaman and Nicobar Islands,12.90954,92.90348,23912,Asia/Kolkata,māyābandar andaman and nicobar islands
Kaikalapettai,Tamil Nadu,13.02194,80.12056,23910,Asia/Kolkata,kaikalapettai tamil nadu
Bāzpur,Uttarakhand,29.15299,79.10814,23900,Asia/Kolkata,bāzpur uttarakhand
Karumāndi Chellipālaiyam,Tamil Nadu,11.30191,77.58603,23868,Asia/Kolkata,karumāndi chellipālaiyam tamil nadu
Dalsingh Sarai,Bihar,25.66795,85.83636,23862,Asia/Kolkata,dalsingh sarai bihar
Makronia,Madhya Pradesh,23.84765,78.79903,23861,Asia/Kolkata,makronia madhya pradesh
Sāvantvādi,Maharashtra,15.90413,73.82191,23851,Asia/Kolkata,sāvantvādi maharashtra
Longowal,Punjab,30.19846,75.6819,23851,Asia/Kolkata,longowal punjab
Vīrakeralam,Tamil Nadu,11.00772,76.91262,23841,Asia/Kolkata,vīrakeralam tamil nadu
Nāsriganj,Bihar,25.0514,84.32839,23819,Asia/Kolkata,nāsriganj bihar
Pādiyanallūr,Tamil Nadu,13.20037,80.17606,23819,Asia/Kolkata,pādiyanallūr tamil nadu
Reoti,Uttar Pradesh,25.85091,84.3778,23819,Asia/Kolkata,reoti uttar pradesh
Fatehganj West,Uttar Pradesh,28.4662,79.30657,23810,Asia/Kolkata,fatehganj west uttar pradesh
Sadalgi,Karnataka,16.5587,74.53211,23790,Asia/Kolkata,sadalgi karnataka
Nasrullāhganj,Madhya Pradesh,22.6837,77.27069,23788,Asia/Kolkata,nasrullāhganj madhya pradesh
Sarjamda,Unknown,22.74759,86.22573,23788,Asia/Kolkata,sarjamda unknown
Narakal,Kerala,10.03833,76.2221,23760,Asia/Kolkata,narakal kerala
Lalgudi,Tamil Nadu,10.87419,78.81935,23740,Asia/Kolkata,lalgudi tamil nadu
Ulundurpet,Tamil Nadu,11.69099,79.2873,23734,Asia/Kolkata,ulundurpet tamil nadu
Lālganj,Uttar Pradesh,25.93182,81.70478,23728,Asia/Kolkata,lālganj uttar pradesh
Malakpur Kohi Rangpur,Delhi,28.54029,77.12075,23726,Asia/Kolkata,malakpur kohi rangpur delhi
Nivāri,Madhya Pradesh,25.34911,78.79974,23724,Asia/Kolkata,nivāri madhya pradesh
Vypīn,Kerala,9.96667,76.25,23717,Asia/Kolkata,vypīn kerala
Muluppilagadu,Kerala,11.79788,75.45111,23709,Asia/Kolkata,muluppilagadu kerala
Alwaye,Kerala,10.10649,76.35484,23703,Asia/Kolkata,alwaye kerala
Tisaiyanvilai,Tamil Nadu,8.33702,77.86776,23702,Asia/Kolkata,tisaiyanvilai tamil nadu
Srīkandamangalam,Kerala,9.65941,76.36335,23681,Asia/Kolkata,srīkandamangalam kerala
Kutiatodu,Kerala,9.8,76.33333,23669,Asia/Kolkata,kutiatodu kerala
Pipri,Maharashtra,20.78613,78.5936,23661,Asia/Kolkata,pipri maharashtra
Natham,Tamil Nadu,10.22776,78.22969,23660,Asia/Kolkata,natham tamil nadu
Unnamalaikadai,Tamil Nadu,8.29957,77.24062,23656,Asia/Kolkata,unnamalaikadai tamil nadu
Penugonda,Andhra Pradesh,16.65363,81.7455,23654,Asia/Kolkata,penugonda andhra pradesh
Balod,Unknown,20.73081,81.20578,23648,Asia/Kolkata,balod unknown
Mariāni,Arunachal Pradesh,26.65725,94.31529,23640,Asia/Kolkata,mariāni arunachal pradesh
Qadian,Punjab,31.82198,75.37663,23632,Asia/Kolkata,qadian punjab
Painkulam,Tamil Nadu,8.26023,77.17396,23630,Asia/Kolkata,painkulam tamil nadu
Prāntij,Goa,23.43605,72.84479,23596,Asia/Kolkata,prāntij goa
Kulgam,Jammu and Kashmir,33.64456,75.01923,23584,Asia/Kolkata,kulgam jammu and kashmir
Chinnūr,Telangana,18.85779,79.7956,23579,Asia/Kolkata,chinnūr telangana
Katheru,Andhra Pradesh,17.03795,81.77597,23572,Asia/Kolkata,katheru andhra pradesh
Mairwa,Bihar,26.23218,84.16349,23565,Asia/Kolkata,mairwa bihar
Todaraisingh,Rajasthan,26.02401,75.48182,23559,Asia/Kolkata,todaraisingh rajasthan
Pokaran,Rajasthan,26.92007,71.91631,23554,Asia/Kolkata,pokaran rajasthan
Kūmher,Rajasthan,27.31657,77.37079,23540,Asia/Kolkata,kūmher rajasthan
Sreekaryam,Kerala,8.54884,76.91716,23528,Asia/Kolkata,sreekaryam kerala
Pānchla,West Bengal,22.53665,88.13785,23526,Asia/Kolkata,pānchla west bengal
Mudkhed,Maharashtra,19.15657,77.50304,23517,Asia/Kolkata,mudkhed maharashtra
Shivpur Charcha,Unknown,23.32888,82.52809,23514,Asia/Kolkata,shivpur charcha unknown
Jhīnjhak,Uttar Pradesh,26.56093,79.73423,23499,Asia/Kolkata,jhīnjhak uttar pradesh
Pethāpur,Goa,23.26307,72.67386,23497,Asia/Kolkata,pethāpur goa
Malpe,Karnataka,13.34962,74.70394,23496,Asia/Kolkata,malpe karnataka
Birūr,Karnataka,13.59723,75.97167,23493,Asia/Kolkata,birūr karnataka
Māndal,Rajasthan,25.44126,74.56979,23478,Asia/Kolkata,māndal rajasthan
Shīshgarh,Uttar Pradesh,28.72928,79.31469,23471,Asia/Kolkata,shīshgarh uttar pradesh
Kuchera,Rajasthan,26.98747,73.97108,23468,Asia/Kolkata,kuchera rajasthan
Pattiyūrgrāmam,Kerala,9.17744,76.50115,23460,Asia/Kolkata,pattiyūrgrāmam kerala
Sevilimedu,Tamil Nadu,12.80826,79.68636,23454,Asia/Kolkata,sevilimedu tamil nadu
Pawni,Maharashtra,20.79229,79.63644,23450,Asia/Kolkata,pawni maharashtra
Mānesar,Gujarat,28.35311,76.94036,23448,Asia/Kolkata,mānesar gujarat
Chhātāpur,Bihar,26.21965,87.00479,23425,Asia/Kolkata,chhātāpur bihar
Tūnēri,Kerala,11.69699,75.63491,23421,Asia/Kolkata,tūnēri kerala
Urmar,Punjab,31.68137,75.63549,23419,Asia/Kolkata,urmar punjab
Lonar,Maharashtra,19.98533,76.52046,23416,Asia/Kolkata,lonar maharashtra
Pugalūr,Tamil Nadu,11.07401,78.02095,23408,Asia/Kolkata,pugalūr tamil nadu
Rāmtek,Maharashtra,21.39562,79.32725,23404,Asia/Kolkata,rāmtek maharashtra
Monoharpur,West Bengal,22.10833,88.07889,23362,Asia/Kolkata,monoharpur west bengal
Injambakkam,Tamil Nadu,12.9162,80.2488,23346,Asia/Kolkata,injambakkam tamil nadu
Mandāwa,Rajasthan,28.05541,75.14834,23335,Asia/Kolkata,mandāwa rajasthan
Mahārājpur,Madhya Pradesh,25.01939,79.73189,23328,Asia/Kolkata,mahārājpur madhya pradesh
Soygaon,Maharashtra,20.59606,75.61765,23320,Asia/Kolkata,soygaon maharashtra
Kalānaur,Gujarat,28.82823,76.3955,23319,Asia/Kolkata,kalānaur gujarat
Chitrakoot Dham,Uttar Pradesh,25.21473,80.91645,23316,Asia/Kolkata,chitrakoot dham uttar pradesh
Ron,Karnataka,15.69935,75.73408,23311,Asia/Kolkata,ron karnataka
Vengattūr,Tamil Nadu,13.09988,79.93207,23292,Asia/Kolkata,vengattūr tamil nadu
Nāyanakulam,Tamil Nadu,9.96115,78.13715,23284,Asia/Kolkata,nāyanakulam tamil nadu
Bewar,Uttar Pradesh,27.21869,79.29761,23280,Asia/Kolkata,bewar uttar pradesh
Marampilly,Kerala,10.11383,76.44184,23272,Asia/Kolkata,marampilly kerala
Od,Goa,22.62104,73.11725,23250,Asia/Kolkata,od goa
Tapa,Punjab,30.29794,75.36936,23248,Asia/Kolkata,tapa punjab
Vaikam,Kerala,9.74858,76.39637,23234,Asia/Kolkata,vaikam kerala
Kērkandi,Tamil Nadu,11.36783,76.74576,23229,Asia/Kolkata,kērkandi tamil nadu
Colachel,Tamil Nadu,8.17938,77.25818,23227,Asia/Kolkata,colachel tamil nadu
Bissāu,Rajasthan,28.24737,75.07666,23227,Asia/Kolkata,bissāu rajasthan
Sāhibganj,Bihar,26.30831,84.92695,23224,Asia/Kolkata,sāhibganj bihar
Karmāla,Maharashtra,18.4077,75.19386,23199,Asia/Kolkata,karmāla maharashtra
Tharangambadi,Tamil Nadu,11.02764,79.85425,23191,Asia/Kolkata,tharangambadi tamil nadu
Hinakallu,Karnataka,12.33042,76.60213,23162,Asia/Kolkata,hinakallu karnataka
Thiruvankulam,Kerala,9.94679,76.36662,23160,Asia/Kolkata,thiruvankulam kerala
Tiruverumbūr,Tamil Nadu,10.79366,78.76898,23156,Asia/Kolkata,tiruverumbūr tamil nadu
Kudachi,Karnataka,16.62784,74.85408,23154,Asia/Kolkata,kudachi karnataka
Seondha,Madhya Pradesh,26.15422,78.7812,23140,Asia/Kolkata,seondha madhya pradesh
Kurduvādi,Maharashtra,18.09339,75.41567,23131,Asia/Kolkata,kurduvādi maharashtra
Mattigiri,Tamil Nadu,12.69795,77.80832,23129,Asia/Kolkata,mattigiri tamil nadu
Lalganj,Uttar Pradesh,25.799,82.99768,23124,Asia/Kolkata,lalganj uttar pradesh
Polasara,Odisha,19.69386,84.81401,23119,Asia/Kolkata,polasara odisha
Iroopara,Kerala,8.60747,76.91494,23113,Asia/Kolkata,iroopara kerala
Nakūr,Uttar Pradesh,29.91964,77.30438,23084,Asia/Kolkata,nakūr uttar pradesh
Narasingapuram,Tamil Nadu,11.60379,78.57782,23084,Asia/Kolkata,narasingapuram tamil nadu
Palwal Rural,Gujarat,28.14555,77.35132,23072,Asia/Kolkata,palwal rural gujarat
Pallikonda,Tamil Nadu,12.90518,78.9427,23067,Asia/Kolkata,pallikonda tamil nadu
Asifābād,Telangana,19.35851,79.28415,23059,Asia/Kolkata,asifābād telangana
Pīpri,Maharashtra,19.79371,75.53519,23047,Asia/Kolkata,pīpri maharashtra
Indargarh,Madhya Pradesh,25.9109,78.56193,23045,Asia/Kolkata,indargarh madhya pradesh
Sivagiri,Tamil Nadu,9.34461,77.42911,23040,Asia/Kolkata,sivagiri tamil nadu
Vadakkanandal,Tamil Nadu,11.7817,78.8354,23034,Asia/Kolkata,vadakkanandal tamil nadu
Ancharakandy,Kerala,11.8841,75.48501,23030,Asia/Kolkata,ancharakandy kerala
Hukeri,Karnataka,16.23082,74.60244,22988,Asia/Kolkata,hukeri karnataka
Todabhim,Rajasthan,26.91667,76.81667,22977,Asia/Kolkata,todabhim rajasthan
Pehlādpur Bāngar,Delhi,28.75058,77.081,22968,Asia/Kolkata,pehlādpur bāngar delhi
Dooru Verinag,Jammu and Kashmir,33.5594,75.23222,22968,Asia/Kolkata,dooru verinag jammu and kashmir
Tiruchanur,Andhra Pradesh,13.60727,79.44864,22963,Asia/Kolkata,tiruchanur andhra pradesh
Kanhān,Maharashtra,21.22899,79.2398,22945,Asia/Kolkata,kanhān maharashtra
Gopavaram,Andhra Pradesh,14.78412,78.5729,22936,Asia/Kolkata,gopavaram andhra pradesh
Vattalkundu,Tamil Nadu,10.16069,77.75883,22928,Asia/Kolkata,vattalkundu tamil nadu
Dhamanagar,Odisha,20.9167,86.45,22920,Asia/Kolkata,dhamanagar odisha
Saidpur,Uttar Pradesh,25.53749,83.22378,22904,Asia/Kolkata,saidpur uttar pradesh
Tittagudi,Tamil Nadu,11.40717,79.12216,22894,Asia/Kolkata,tittagudi tamil nadu
Phulpur,Uttar Pradesh,25.54895,82.0895,22886,Asia/Kolkata,phulpur uttar pradesh
Kunnatnād,Kerala,10.04292,76.42406,22881,Asia/Kolkata,kunnatnād kerala
Jharoda Mazra Burāri,Delhi,28.73014,77.20911,22878,Asia/Kolkata,jharoda mazra burāri delhi
Karanjiā,Odisha,21.76259,85.97319,22865,Asia/Kolkata,karanjiā odisha
Sāngaria,Rajasthan,26.18872,73.02649,22853,Asia/Kolkata,sāngaria rajasthan
Balarāmpur,West Bengal,23.09714,86.22292,22847,Asia/Kolkata,balarāmpur west bengal
Aramboli,Tamil Nadu,8.24962,77.52161,22846,Asia/Kolkata,aramboli tamil nadu
Ubaidullāhganj,Madhya Pradesh,22.99834,77.58621,22845,Asia/Kolkata,ubaidullāhganj madhya pradesh
Chitarpur,Unknown,23.57283,85.65355,22837,Asia/Kolkata,chitarpur unknown
Naraingarh,Gujarat,30.47798,77.12804,22832,Asia/Kolkata,naraingarh gujarat
Sāmbhar,Rajasthan,26.90806,75.19137,22828,Asia/Kolkata,sāmbhar rajasthan
Vellūr,Kerala,8.62617,76.83053,22816,Asia/Kolkata,vellūr kerala
Fatehnagar,Rajasthan,24.81494,74.09504,22812,Asia/Kolkata,fatehnagar rajasthan
Raghunathpur,West Bengal,23.53878,86.6735,22802,Asia/Kolkata,raghunathpur west bengal
Pariyāpuram,Kerala,11.01667,75.86667,22766,Asia/Kolkata,pariyāpuram kerala
Kasrāwad,Madhya Pradesh,22.12745,75.61101,22750,Asia/Kolkata,kasrāwad madhya pradesh
Lāthi,Goa,21.7231,71.38843,22745,Asia/Kolkata,lāthi goa
Dugda,Unknown,23.74516,86.17175,22740,Asia/Kolkata,dugda unknown
Khirkiya,Madhya Pradesh,22.16732,76.86137,22737,Asia/Kolkata,khirkiya madhya pradesh
Mudgal,Karnataka,16.01191,76.44203,22731,Asia/Kolkata,mudgal karnataka
Curchorem,Goa,15.26349,74.10875,22730,Asia/Kolkata,curchorem goa
Chorwād,Goa,21.02947,70.23302,22720,Asia/Kolkata,chorwād goa
Madhira,Telangana,16.92329,80.36308,22716,Asia/Kolkata,madhira telangana
Kādiganpalli,Tamil Nadu,12.52318,78.2086,22714,Asia/Kolkata,kādiganpalli tamil nadu
Akaltara,Unknown,22.02463,82.42641,22712,Asia/Kolkata,akaltara unknown
Etmadpur,Uttar Pradesh,27.23541,78.19829,22697,Asia/Kolkata,etmadpur uttar pradesh
Katghora,Unknown,22.50247,82.54279,22690,Asia/Kolkata,katghora unknown
Lohāra,Maharashtra,20.38983,78.09027,22664,Asia/Kolkata,lohāra maharashtra
Ponda,Goa,15.40341,74.01519,22664,Asia/Kolkata,ponda goa
Cumbum,Andhra Pradesh,15.58171,79.11059,22653,Asia/Kolkata,cumbum andhra pradesh
Mātābhānga,West Bengal,26.34197,89.21555,22642,Asia/Kolkata,mātābhānga west bengal
Jaitāran,Rajasthan,26.20446,73.93676,22621,Asia/Kolkata,jaitāran rajasthan
Tāoru,Gujarat,28.21173,76.94984,22599,Asia/Kolkata,tāoru gujarat
Lehragaga,Punjab,29.94265,75.80144,22588,Asia/Kolkata,lehragaga punjab
Jāmai,Madhya Pradesh,22.19644,78.59191,22587,Asia/Kolkata,jāmai madhya pradesh
Sholavandan,Tamil Nadu,10.0216,77.96087,22578,Asia/Kolkata,sholavandan tamil nadu
Nāgod,Madhya Pradesh,24.56924,80.58809,22568,Asia/Kolkata,nāgod madhya pradesh
Khairāgarh,Unknown,21.41859,80.97942,22564,Asia/Kolkata,khairāgarh unknown
Kurikuppi,Karnataka,15.21758,76.64873,22560,Asia/Kolkata,kurikuppi karnataka
Ariyallur,Kerala,11.08328,75.84904,22558,Asia/Kolkata,ariyallur kerala
Pukhrāyān,Uttar Pradesh,26.22375,79.83739,22555,Asia/Kolkata,pukhrāyān uttar pradesh
Rāman,Punjab,29.95045,74.97852,22553,Asia/Kolkata,rāman punjab
Sirsi,Uttar Pradesh,28.63916,78.64303,22549,Asia/Kolkata,sirsi uttar pradesh
Bankāpur,Karnataka,14.92295,75.26221,22529,Asia/Kolkata,bankāpur karnataka
Godoli,Maharashtra,17.67178,74.01289,22517,Asia/Kolkata,godoli maharashtra
Baswa,Rajasthan,27.14955,76.58345,22515,Asia/Kolkata,baswa rajasthan
Rājmahal,Unknown,25.05303,87.83048,22514,Asia/Kolkata,rājmahal unknown
Nambol,Manipur,24.69557,93.81974,22512,Asia/Kolkata,nambol manipur
Bikram,Bihar,25.44708,84.86261,22486,Asia/Kolkata,bikram bihar
Tulsīpur,Uttar Pradesh,27.5337,82.41653,22486,Asia/Kolkata,tulsīpur uttar pradesh
Sānehwāl,Punjab,30.84134,75.98547,22484,Asia/Kolkata,sānehwāl punjab
Belūr,Karnataka,13.16558,75.86519,22484,Asia/Kolkata,belūr karnataka
Sisauli,Gujarat,30.14297,77.25959,22479,Asia/Kolkata,sisauli gujarat
Kanniyākumāri,Tamil Nadu,8.09008,77.53841,22453,Asia/Kolkata,kanniyākumāri tamil nadu
Senapparetti,Tamil Nadu,10.96251,78.11324,22447,Asia/Kolkata,senapparetti tamil nadu
Naraura,Uttar Pradesh,28.20147,78.38723,22432,Asia/Kolkata,naraura uttar pradesh
Kailāshahar,Tripura,24.33199,92.00391,22405,Asia/Kolkata,kailāshahar tripura
Triparappu,Tamil Nadu,8.39479,77.26588,22401,Asia/Kolkata,triparappu tamil nadu
Deogarh,Odisha,21.53827,84.73337,22390,Asia/Kolkata,deogarh odisha
Rātu,Unknown,23.42045,85.21459,22379,Asia/Kolkata,rātu unknown
Puthencruz,Kerala,9.97734,76.41047,22378,Asia/Kolkata,puthencruz kerala
Kurandvād,Maharashtra,16.68317,74.58892,22372,Asia/Kolkata,kurandvād maharashtra
Timurni,Madhya Pradesh,22.37115,77.2274,22359,Asia/Kolkata,timurni madhya pradesh
Pachgaon,Maharashtra,16.66024,74.22735,22353,Asia/Kolkata,pachgaon maharashtra
Rahata,Maharashtra,19.71664,74.48109,22335,Asia/Kolkata,rahata maharashtra
Pāli,Madhya Pradesh,23.36453,81.04374,22324,Asia/Kolkata,pāli madhya pradesh
Bhawānīgarh,Punjab,30.26685,76.03854,22320,Asia/Kolkata,bhawānīgarh punjab
Suket,Rajasthan,24.64609,76.0417,22319,Asia/Kolkata,suket rajasthan
Panniyannūr,Kerala,11.74859,75.57558,22308,Asia/Kolkata,panniyannūr kerala
Ādanāttutekkumuri Kizhakku,Kerala,9.07909,76.51367,22250,Asia/Kolkata,ādanāttutekkumuri kizhakku kerala
Ankola,Karnataka,14.66049,74.3047,22249,Asia/Kolkata,ankola karnataka
Mariāhu,Uttar Pradesh,25.60404,82.60379,22248,Asia/Kolkata,mariāhu uttar pradesh
Kilapavoor,Tamil Nadu,8.90862,77.43112,22231,Asia/Kolkata,kilapavoor tamil nadu
Rāmavarappādu,Andhra Pradesh,16.52086,80.68078,22222,Asia/Kolkata,rāmavarappādu andhra pradesh
Purwā,Uttar Pradesh,26.45756,80.77403,22220,Asia/Kolkata,purwā uttar pradesh
Attimarappatti,Tamil Nadu,8.73988,78.10534,22218,Asia/Kolkata,attimarappatti tamil nadu
Dasnapur,Telangana,19.65399,78.51213,22216,Asia/Kolkata,dasnapur telangana
Badāmibāgh,Jammu and Kashmir,34.07381,74.85276,22214,Asia/Kolkata,badāmibāgh jammu and kashmir
Lingiādīh,Unknown,22.07748,82.17605,22209,Asia/Kolkata,lingiādīh unknown
Sahāwar,Uttar Pradesh,27.79603,78.83373,22201,Asia/Kolkata,sahāwar uttar pradesh
Bhuban,Odisha,20.88197,85.83334,22200,Asia/Kolkata,bhuban odisha
Nilakottai,Tamil Nadu,10.165,77.85024,22197,Asia/Kolkata,nilakottai tamil nadu
Sidhaulī,Uttar Pradesh,27.28202,80.8345,22193,Asia/Kolkata,sidhaulī uttar pradesh
Palavansathu,Tamil Nadu,12.89306,79.13445,22176,Asia/Kolkata,palavansathu tamil nadu
Adra,West Bengal,23.49668,86.68363,22159,Asia/Kolkata,adra west bengal
Sarapāka,Telangana,17.69129,80.86998,22149,Asia/Kolkata,sarapāka telangana
Bhānvad,Goa,21.93053,69.78081,22142,Asia/Kolkata,bhānvad goa
Someshwar,Karnataka,13.49112,75.06646,22137,Asia/Kolkata,someshwar karnataka
Nārāinpur,Unknown,19.71794,81.24437,22106,Asia/Kolkata,nārāinpur unknown
Nāmagiripettai,Tamil Nadu,11.45513,78.26818,22098,Asia/Kolkata,nāmagiripettai tamil nadu
Nāwa,Rajasthan,27.0195,75.00226,22088,Asia/Kolkata,nāwa rajasthan
Peravurani,Tamil Nadu,10.29035,79.20156,22084,Asia/Kolkata,peravurani tamil nadu
Kathhāra,Unknown,23.76382,85.88468,22080,Asia/Kolkata,kathhāra unknown
Kathlāl,Goa,22.8982,72.99282,22071,Asia/Kolkata,kathlāl goa
Siwāna,Rajasthan,25.65154,72.42243,22067,Asia/Kolkata,siwāna rajasthan
Deoli,Rajasthan,25.75728,75.37991,22065,Asia/Kolkata,deoli rajasthan
Kizhuparamba,Kerala,11.25261,76.02437,22062,Asia/Kolkata,kizhuparamba kerala
Palai,Kerala,9.71306,76.68331,22056,Asia/Kolkata,palai kerala
Chhanerā,Madhya Pradesh,21.96097,76.69494,22052,Asia/Kolkata,chhanerā madhya pradesh
Marakkanam,Tamil Nadu,12.19214,79.94193,22034,Asia/Kolkata,marakkanam tamil nadu
Chhatrapur,Odisha,19.35574,84.98359,22027,Asia/Kolkata,chhatrapur odisha
Bhinga,Uttar Pradesh,27.70283,81.9343,22016,Asia/Kolkata,bhinga uttar pradesh
Lauri,Madhya Pradesh,25.13962,80.00112,22002,Asia/Kolkata,lauri madhya pradesh
Nalambūr,Tamil Nadu,13.08667,80.17028,21973,Asia/Kolkata,nalambūr tamil nadu
Kuppam,Andhra Pradesh,12.74931,78.34189,21963,Asia/Kolkata,kuppam andhra pradesh
Fatehābād,Uttar Pradesh,27.02645,78.3027,21957,Asia/Kolkata,fatehābād uttar pradesh
Kīl Bhuvanagiri,Tamil Nadu,11.44216,79.64763,21956,Asia/Kolkata,kīl bhuvanagiri tamil nadu
Saktī,Unknown,22.02662,82.96091,21955,Asia/Kolkata,saktī unknown
Karuvanthuruthy,Kerala,11.17207,75.8226,21952,Asia/Kolkata,karuvanthuruthy kerala
Kollivāyal,Tamil Nadu,11.49984,76.48152,21943,Asia/Kolkata,kollivāyal tamil nadu
Sancoale,Goa,15.37794,73.90352,21923,Asia/Kolkata,sancoale goa
Polichalur,Tamil Nadu,12.98913,80.14177,21906,Asia/Kolkata,polichalur tamil nadu
Bhābhar,Goa,24.07165,71.59745,21894,Asia/Kolkata,bhābhar goa
Nowrozabad,Madhya Pradesh,23.35219,80.9806,21883,Asia/Kolkata,nowrozabad madhya pradesh
Laungowāl,Punjab,30.19393,75.68089,21880,Asia/Kolkata,laungowāl punjab
Ghulewadi,Maharashtra,19.6031,74.19356,21860,Asia/Kolkata,ghulewadi maharashtra
Chāchaura,Madhya Pradesh,24.17583,76.99957,21860,Asia/Kolkata,chāchaura madhya pradesh
Chandrakona,West Bengal,22.73333,87.51667,21855,Asia/Kolkata,chandrakona west bengal
Sangod,Rajasthan,24.92707,76.28649,21846,Asia/Kolkata,sangod rajasthan
Kherālu,Goa,23.88534,72.61869,21843,Asia/Kolkata,kherālu goa
Farakka,West Bengal,24.81667,87.9,21834,Asia/Kolkata,farakka west bengal
Mulavukad,Kerala,10.0136,76.26306,21833,Asia/Kolkata,mulavukad kerala
Mangalvedha,Maharashtra,17.51046,75.44713,21824,Asia/Kolkata,mangalvedha maharashtra
Māniyūr,Kerala,11.55221,75.65026,21820,Asia/Kolkata,māniyūr kerala
Kantābānji,Odisha,20.46709,82.92042,21819,Asia/Kolkata,kantābānji odisha
Chalthan,Goa,21.15421,72.96141,21795,Asia/Kolkata,chalthan goa
Jainagar,Bihar,26.59048,86.13791,21782,Asia/Kolkata,jainagar bihar
Kopawor,Jammu and Kashmir,34.52856,74.26396,21771,Asia/Kolkata,kopawor jammu and kashmir
Sakri,Maharashtra,20.99104,74.31475,21764,Asia/Kolkata,sakri maharashtra
Dattāpur,Maharashtra,20.78075,78.1407,21763,Asia/Kolkata,dattāpur maharashtra
Umarsera,Maharashtra,20.37139,78.12343,21752,Asia/Kolkata,umarsera maharashtra
Napāsar,Rajasthan,27.96059,73.55913,21750,Asia/Kolkata,napāsar rajasthan
Shendurjana,Maharashtra,21.52488,78.2835,21748,Asia/Kolkata,shendurjana maharashtra
Pātūr,Maharashtra,20.46093,76.93725,21747,Asia/Kolkata,pātūr maharashtra
Digboi,Arunachal Pradesh,27.39321,95.61839,21736,Asia/Kolkata,digboi arunachal pradesh
Jirapur,Madhya Pradesh,24.0214,76.3764,21724,Asia/Kolkata,jirapur madhya pradesh
Kalleribhāgam,Kerala,9.05396,76.55802,21723,Asia/Kolkata,kalleribhāgam kerala
Muthupet,Tamil Nadu,10.39505,79.49353,21722,Asia/Kolkata,muthupet tamil nadu
Dum Duma,Arunachal Pradesh,27.56884,95.55664,21706,Asia/Kolkata,dum duma arunachal pradesh
Pāmpur,Jammu and Kashmir,34.01515,74.91895,21680,Asia/Kolkata,pāmpur jammu and kashmir
Munderi,Kerala,11.93028,75.44546,21676,Asia/Kolkata,munderi kerala
Sūrajgarh,Rajasthan,28.31005,75.73271,21666,Asia/Kolkata,sūrajgarh rajasthan
Kadayal,Tamil Nadu,8.40834,77.26575,21665,Asia/Kolkata,kadayal tamil nadu
Kundli,Gujarat,28.86913,77.12061,21633,Asia/Kolkata,kundli gujarat
Bālāchor,Punjab,31.06062,76.30166,21631,Asia/Kolkata,bālāchor punjab
Pushkar,Rajasthan,26.49022,74.55211,21626,Asia/Kolkata,pushkar rajasthan
Doda,Jammu and Kashmir,33.14916,75.54746,21605,Asia/Kolkata,doda jammu and kashmir
Karanpur,Rajasthan,29.84042,73.45519,21604,Asia/Kolkata,karanpur rajasthan
Samthar,Uttar Pradesh,25.84348,78.90683,21582,Asia/Kolkata,samthar uttar pradesh
Banat,Uttar Pradesh,29.46355,77.35478,21580,Asia/Kolkata,banat uttar pradesh
Dhekiajuli,Arunachal Pradesh,26.70367,92.47808,21579,Asia/Kolkata,dhekiajuli arunachal pradesh
Māndalgarh,Rajasthan,25.19407,75.07215,21569,Asia/Kolkata,māndalgarh rajasthan
Barāra,Gujarat,30.21465,77.04025,21545,Asia/Kolkata,barāra gujarat
Tammampatti,Tamil Nadu,11.44126,78.4887,21503,Asia/Kolkata,tammampatti tamil nadu
Chamba,Haryana,32.55531,76.12647,21502,Asia/Kolkata,chamba haryana
Mahādula,Maharashtra,21.25257,79.08106,21481,Asia/Kolkata,mahādula maharashtra
Bānsdīh,Uttar Pradesh,25.88377,84.21827,21457,Asia/Kolkata,bānsdīh uttar pradesh
Srisailam Project RFC Township,Andhra Pradesh,16.07331,78.87412,21452,Asia/Kolkata,srisailam project rfc township andhra pradesh
Bacheli,Unknown,18.68435,81.26861,21435,Asia/Kolkata,bacheli unknown
Āsika,Odisha,19.61114,84.65998,21428,Asia/Kolkata,āsika odisha
Guruvāyūr,Kerala,10.5943,76.0411,21416,Asia/Kolkata,guruvāyūr kerala
Lālru,Punjab,30.4917,76.79869,21394,Asia/Kolkata,lālru punjab
Virugambakkam,Tamil Nadu,13.04632,80.19131,21376,Asia/Kolkata,virugambakkam tamil nadu
Chotila,Goa,22.42347,71.19641,21364,Asia/Kolkata,chotila goa
Vāsudevanallūr,Tamil Nadu,9.24171,77.41177,21361,Asia/Kolkata,vāsudevanallūr tamil nadu
Kuju,Unknown,23.72536,85.51023,21356,Asia/Kolkata,kuju unknown
Padmanābhapuram,Tamil Nadu,8.24462,77.32581,21342,Asia/Kolkata,padmanābhapuram tamil nadu
Mandāwar,Uttar Pradesh,29.48655,78.12732,21339,Asia/Kolkata,mandāwar uttar pradesh
Paippad,Kerala,9.42462,76.58481,21338,Asia/Kolkata,paippad kerala
Kondasamudram,Tamil Nadu,12.94552,78.87878,21335,Asia/Kolkata,kondasamudram tamil nadu
Mahgawān,Madhya Pradesh,26.49471,78.61593,21335,Asia/Kolkata,mahgawān madhya pradesh
Bedi,Goa,22.50143,70.04363,21327,Asia/Kolkata,bedi goa
Tekāri,Bihar,24.94253,84.84265,21324,Asia/Kolkata,tekāri bihar
Dindori,Madhya Pradesh,22.94141,81.07975,21323,Asia/Kolkata,dindori madhya pradesh
Channagiri,Karnataka,14.02399,75.92577,21313,Asia/Kolkata,channagiri karnataka
Kuzhithurai,Tamil Nadu,8.31792,77.19192,21307,Asia/Kolkata,kuzhithurai tamil nadu
Kodamthuruth,Kerala,9.80062,76.30153,21295,Asia/Kolkata,kodamthuruth kerala
Ghātanji,Maharashtra,20.14183,78.31333,21293,Asia/Kolkata,ghātanji maharashtra
Naduvattam,Kerala,10.87995,76.002,21273,Asia/Kolkata,naduvattam kerala
Chhāta,Uttar Pradesh,27.72374,77.5081,21260,Asia/Kolkata,chhāta uttar pradesh
Sanaur,Punjab,30.30182,76.45786,21201,Asia/Kolkata,sanaur punjab
Reethapuram,Tamil Nadu,8.1843,77.24805,21177,Asia/Kolkata,reethapuram tamil nadu
Kottappally,Kerala,11.61266,75.66136,21169,Asia/Kolkata,kottappally kerala
Serchhīp,Mizoram,23.29312,92.84679,21158,Asia/Kolkata,serchhīp mizoram
Pudupattanam,Tamil Nadu,12.50855,80.14976,21151,Asia/Kolkata,pudupattanam tamil nadu
Telhāra,Maharashtra,21.02694,76.83889,21146,Asia/Kolkata,telhāra maharashtra
Narkher,Maharashtra,21.47231,78.53415,21127,Asia/Kolkata,narkher maharashtra
Ajnāla,Punjab,31.84473,74.76295,21107,Asia/Kolkata,ajnāla punjab
Anthiyur,Tamil Nadu,11.57506,77.59043,21086,Asia/Kolkata,anthiyur tamil nadu
Bisālgarh,Tripura,23.67595,91.28325,21085,Asia/Kolkata,bisālgarh tripura
Dhulagari,West Bengal,22.58213,88.171,21080,Asia/Kolkata,dhulagari west bengal
Talala,Goa,21.05473,70.52903,21060,Asia/Kolkata,talala goa
Būndu,Unknown,23.16095,85.59007,21054,Asia/Kolkata,būndu unknown
Teliamura,Tripura,23.84174,91.6303,21032,Asia/Kolkata,teliamura tripura
Devgadh Bāriya,Goa,22.70517,73.90882,21030,Asia/Kolkata,devgadh bāriya goa
Patharia,Madhya Pradesh,23.89921,79.19393,21026,Asia/Kolkata,patharia madhya pradesh
Kiraoli,Uttar Pradesh,27.13768,77.78516,21024,Asia/Kolkata,kiraoli uttar pradesh
Patnāgarh,Odisha,20.70833,83.13263,21024,Asia/Kolkata,patnāgarh odisha
Bhānpura,Madhya Pradesh,24.513,75.7469,21013,Asia/Kolkata,bhānpura madhya pradesh
Perinjanam,Kerala,10.31328,76.14847,21012,Asia/Kolkata,perinjanam kerala
Anklav,Goa,22.37738,73.00072,21003,Asia/Kolkata,anklav goa
Abrama,Goa,20.85865,72.90648,21000,Asia/Kolkata,abrama goa
Bagulā,West Bengal,23.33664,88.64109,20999,Asia/Kolkata,bagulā west bengal
Gunnaur,Uttar Pradesh,28.23995,78.43994,20980,Asia/Kolkata,gunnaur uttar pradesh
Pālakkodu,Tamil Nadu,12.30696,78.07022,20959,Asia/Kolkata,pālakkodu tamil nadu
Sindi,Maharashtra,20.74238,78.5871,20956,Asia/Kolkata,sindi maharashtra
Chelora,Kerala,11.89494,75.43959,20952,Asia/Kolkata,chelora kerala
Rajpur,Madhya Pradesh,21.94022,75.13608,20947,Asia/Kolkata,rajpur madhya pradesh
Nāravārikuppam,Tamil Nadu,13.19133,80.18473,20946,Asia/Kolkata,nāravārikuppam tamil nadu
Marthandam,Tamil Nadu,8.30812,77.22144,20938,Asia/Kolkata,marthandam tamil nadu
Vinnamāla,Andhra Pradesh,13.90738,79.90855,20924,Asia/Kolkata,vinnamāla andhra pradesh
Sarauli,Uttar Pradesh,28.49404,79.09177,20923,Asia/Kolkata,sarauli uttar pradesh
Adampur,Punjab,31.43224,75.71484,20922,Asia/Kolkata,adampur punjab
Badnāwar,Madhya Pradesh,23.02181,75.23268,20917,Asia/Kolkata,badnāwar madhya pradesh
Heli Mandi,Gujarat,28.34494,76.75694,20906,Asia/Kolkata,heli mandi gujarat
Banga,Punjab,31.18874,75.99495,20906,Asia/Kolkata,banga punjab
Chincholi,Karnataka,17.46508,77.41874,20897,Asia/Kolkata,chincholi karnataka
Hungund,Karnataka,16.06213,76.0586,20877,Asia/Kolkata,hungund karnataka
Thaikkattussery,Kerala,9.77147,76.34385,20874,Asia/Kolkata,thaikkattussery kerala
Bangawan,Madhya Pradesh,23.19259,82.1272,20873,Asia/Kolkata,bangawan madhya pradesh
Kapasan,Rajasthan,24.8894,74.31667,20869,Asia/Kolkata,kapasan rajasthan
Sālamedu,Tamil Nadu,11.90876,79.49188,20854,Asia/Kolkata,sālamedu tamil nadu
Barpāli,Odisha,21.19005,83.58721,20850,Asia/Kolkata,barpāli odisha
Gormi,Madhya Pradesh,26.60029,78.51188,20841,Asia/Kolkata,gormi madhya pradesh
Begūn,Rajasthan,24.98333,75,20836,Asia/Kolkata,begūn rajasthan
Lawngtlai,Mizoram,22.53254,92.89902,20830,Asia/Kolkata,lawngtlai mizoram
Nandri,Rajasthan,26.31157,73.10087,20827,Asia/Kolkata,nandri rajasthan
Dhing,Arunachal Pradesh,26.46793,92.47336,20826,Asia/Kolkata,dhing arunachal pradesh
Vadakarai Kīl Pidāgai,Tamil Nadu,9.04008,77.27413,20821,Asia/Kolkata,vadakarai kīl pidāgai tamil nadu
Clement Town,Uttarakhand,30.26361,78.00862,20806,Asia/Kolkata,clement town uttarakhand
Sonepur,Odisha,20.83333,83.91667,20770,Asia/Kolkata,sonepur odisha
Kaikalūr,Andhra Pradesh,16.55154,81.214,20763,Asia/Kolkata,kaikalūr andhra pradesh
Akhnūr,Jammu and Kashmir,32.8955,74.73486,20756,Asia/Kolkata,akhnūr jammu and kashmir
Alībāg,Maharashtra,18.64813,72.87579,20752,Asia/Kolkata,alībāg maharashtra
Kāpren,Rajasthan,25.40529,76.07431,20748,Asia/Kolkata,kāpren rajasthan
Muthukulam,Kerala,9.2168,76.4592,20740,Asia/Kolkata,muthukulam kerala
Bhadauni,Bihar,24.87544,85.53369,20739,Asia/Kolkata,bhadauni bihar
Alīpur,Delhi,28.79862,77.13314,20736,Asia/Kolkata,alīpur delhi
Achampet,Telangana,16.3982,78.63758,20721,Asia/Kolkata,achampet telangana
Ghorabandha,Unknown,22.7724,86.27109,20718,Asia/Kolkata,ghorabandha unknown
Koduvayur,Kerala,10.68674,76.65879,20703,Asia/Kolkata,koduvayur kerala
Sāmalāpuram,Tamil Nadu,11.07238,77.19796,20691,Asia/Kolkata,sāmalāpuram tamil nadu
Chākia,Bihar,26.41598,85.04665,20686,Asia/Kolkata,chākia bihar
Jining,Arunachal Pradesh,28.21633,94.85389,20684,Asia/Kolkata,jining arunachal pradesh
Bhanjanagar,Odisha,19.92719,84.58201,20647,Asia/Kolkata,bhanjanagar odisha
Vadāli,Goa,23.94232,73.03784,20646,Asia/Kolkata,vadāli goa
koppana Agrahara,Karnataka,12.85507,77.66707,20622,Asia/Kolkata,koppana agrahara karnataka
Madattukkulam,Tamil Nadu,10.55869,77.36597,20620,Asia/Kolkata,madattukkulam tamil nadu
Gurmatkāl,Karnataka,16.86773,77.39088,20614,Asia/Kolkata,gurmatkāl karnataka
Dhāriwāl,Punjab,31.95616,75.32386,20604,Asia/Kolkata,dhāriwāl punjab
Patuvilāyi,Kerala,11.86561,75.52327,20598,Asia/Kolkata,patuvilāyi kerala
Talwandi Sābo,Punjab,29.98379,75.08203,20589,Asia/Kolkata,talwandi sābo punjab
Dayal Pur,Delhi,28.71753,77.26508,20589,Asia/Kolkata,dayal pur delhi
Jahāzpur,Rajasthan,25.61994,75.27609,20586,Asia/Kolkata,jahāzpur rajasthan
Sāvda,Maharashtra,21.15054,75.88938,20584,Asia/Kolkata,sāvda maharashtra
Vadakakarai,Kerala,10.1664,76.20179,20571,Asia/Kolkata,vadakakarai kerala
Viratnagar,Rajasthan,27.43538,76.18297,20568,Asia/Kolkata,viratnagar rajasthan
Belsand,Bihar,26.44365,85.40076,20566,Asia/Kolkata,belsand bihar
Sāmpla,Gujarat,28.77718,76.77165,20563,Asia/Kolkata,sāmpla gujarat
Vasind,Maharashtra,19.40844,73.26285,20561,Asia/Kolkata,vasind maharashtra
Kishtwār,Jammu and Kashmir,33.31346,75.76726,20553,Asia/Kolkata,kishtwār jammu and kashmir
Achhnera,Uttar Pradesh,27.17826,77.75674,20532,Asia/Kolkata,achhnera uttar pradesh
Attibele,Karnataka,12.77809,77.77259,20532,Asia/Kolkata,attibele karnataka
Bhikkiwind Uttār,Punjab,31.34943,74.70271,20526,Asia/Kolkata,bhikkiwind uttār punjab
Chillupār,Uttar Pradesh,26.28221,83.5064,20518,Asia/Kolkata,chillupār uttar pradesh
Tilpat,Gujarat,28.46513,77.33285,20514,Asia/Kolkata,tilpat gujarat
Bijāwar,Madhya Pradesh,24.62351,79.48994,20513,Asia/Kolkata,bijāwar madhya pradesh
Nellimarla,Andhra Pradesh,18.15619,83.44727,20498,Asia/Kolkata,nellimarla andhra pradesh
Maham,Gujarat,28.96912,76.29495,20484,Asia/Kolkata,maham gujarat
Maniar,Uttar Pradesh,25.98546,84.17233,20462,Asia/Kolkata,maniar uttar pradesh
Yellāpur,Karnataka,14.9637,74.70929,20452,Asia/Kolkata,yellāpur karnataka
Nangli,Punjab,31.68633,74.88747,20440,Asia/Kolkata,nangli punjab
Keevallur,Kerala,11.89703,75.53099,20440,Asia/Kolkata,keevallur kerala
Baud,Odisha,20.83773,84.32618,20424,Asia/Kolkata,baud odisha
Nīmāj,Rajasthan,26.14995,74.00094,20424,Asia/Kolkata,nīmāj rajasthan
Tufānganj,West Bengal,26.31688,89.66549,20420,Asia/Kolkata,tufānganj west bengal
Korochi,Maharashtra,16.71917,74.4451,20420,Asia/Kolkata,korochi maharashtra
Pataudi,Gujarat,28.32547,76.77858,20418,Asia/Kolkata,pataudi gujarat
Dhārūr,Maharashtra,18.82017,76.10937,20417,Asia/Kolkata,dhārūr maharashtra
Pariyāram,Kerala,12.05876,75.32476,20405,Asia/Kolkata,pariyāram kerala
French Rocks,Karnataka,12.50094,76.67416,20399,Asia/Kolkata,french rocks karnataka
Ahīwāra,Unknown,21.35799,81.41794,20384,Asia/Kolkata,ahīwāra unknown
Bāda,Rajasthan,26.06479,75.02155,20372,Asia/Kolkata,bāda rajasthan
Sarwar,Rajasthan,26.24252,75.12875,20372,Asia/Kolkata,sarwar rajasthan
Edavilangu,Kerala,10.24026,76.171,20363,Asia/Kolkata,edavilangu kerala
Jhālu,Uttar Pradesh,29.33609,78.22608,20356,Asia/Kolkata,jhālu uttar pradesh
Killannur,Kerala,10.59918,76.21801,20339,Asia/Kolkata,killannur kerala
Mundra,Goa,22.83918,69.7219,20338,Asia/Kolkata,mundra goa
Byndoor,Karnataka,13.86667,74.63333,20323,Asia/Kolkata,byndoor karnataka
Chāpar,Arunachal Pradesh,26.27266,90.44556,20322,Asia/Kolkata,chāpar arunachal pradesh
Kondalampatti,Tamil Nadu,11.63453,78.12369,20318,Asia/Kolkata,kondalampatti tamil nadu
Bawāni Khera,Gujarat,28.94919,76.03108,20289,Asia/Kolkata,bawāni khera gujarat
Ālampālaiyam,Tamil Nadu,11.36353,77.76773,20286,Asia/Kolkata,ālampālaiyam tamil nadu
Umbri,Maharashtra,20.71373,77.02639,20262,Asia/Kolkata,umbri maharashtra
Wellington,Tamil Nadu,11.36552,76.78442,20254,Asia/Kolkata,wellington tamil nadu
Hārij,Goa,23.69356,71.907,20253,Asia/Kolkata,hārij goa
Raipur Domana,Jammu and Kashmir,32.79844,74.78265,20238,Asia/Kolkata,raipur domana jammu and kashmir
Settūr,Tamil Nadu,9.40564,77.47841,20228,Asia/Kolkata,settūr tamil nadu
Penukonda,Andhra Pradesh,14.08286,77.59473,20220,Asia/Kolkata,penukonda andhra pradesh
Waluj Buzurg,Maharashtra,19.79632,75.22648,20220,Asia/Kolkata,waluj buzurg maharashtra
Kotivakkam,Tamil Nadu,12.97016,80.25769,20217,Asia/Kolkata,kotivakkam tamil nadu
Srīnagar,Uttarakhand,30.22243,78.78341,20216,Asia/Kolkata,srīnagar uttarakhand
Kataiya,Bihar,26.56807,84.0833,20193,Asia/Kolkata,kataiya bihar
Surajpur,Unknown,23.21347,82.86836,20189,Asia/Kolkata,surajpur unknown
Nirmāli,Bihar,26.31397,86.58537,20189,Asia/Kolkata,nirmāli bihar
Puliyankannu,Tamil Nadu,12.93922,79.30787,20171,Asia/Kolkata,puliyankannu tamil nadu
Morwa,Goa,22.90469,73.83912,20168,Asia/Kolkata,morwa goa
Pāttyam,Kerala,11.79296,75.5641,20161,Asia/Kolkata,pāttyam kerala
Kaimori,Madhya Pradesh,23.38465,79.7442,20154,Asia/Kolkata,kaimori madhya pradesh
Mau,Madhya Pradesh,26.26584,78.67108,20147,Asia/Kolkata,mau madhya pradesh
Pudussery West,Kerala,10.78802,76.72788,20140,Asia/Kolkata,pudussery west kerala
Mau Aimma,Uttar Pradesh,25.69515,81.92336,20123,Asia/Kolkata,mau aimma uttar pradesh
Chinnavādampatti,Tamil Nadu,11.06149,76.98377,20122,Asia/Kolkata,chinnavādampatti tamil nadu
Fālākāta,West Bengal,26.51963,89.20423,20119,Asia/Kolkata,fālākāta west bengal
Sūleswaranpatti,Tamil Nadu,10.63885,77.00843,20104,Asia/Kolkata,sūleswaranpatti tamil nadu
Dhaurahra,Uttar Pradesh,27.99814,81.08975,20098,Asia/Kolkata,dhaurahra uttar pradesh
Khairāgarh,Uttar Pradesh,26.94352,77.81816,20095,Asia/Kolkata,khairāgarh uttar pradesh
Maksi,Madhya Pradesh,23.25999,76.14567,20094,Asia/Kolkata,maksi madhya pradesh
Annur,Tamil Nadu,11.23616,77.10514,20079,Asia/Kolkata,annur tamil nadu
Pulwama,Jammu and Kashmir,33.87405,74.89955,20071,Asia/Kolkata,pulwama jammu and kashmir
Sirumugai,Tamil Nadu,11.32137,77.00521,20066,Asia/Kolkata,sirumugai tamil nadu
Singānuram,Telangana,18.82218,79.50171,20061,Asia/Kolkata,singānuram telangana
Dergaon,Arunachal Pradesh,26.7,93.96667,20059,Asia/Kolkata,dergaon arunachal pradesh
Cheppad,Kerala,9.23458,76.47326,20052,Asia/Kolkata,cheppad kerala
Khowai,Tripura,24.07964,91.59972,20046,Asia/Kolkata,khowai tripura
Govardhan,Uttar Pradesh,27.49658,77.46263,20044,Asia/Kolkata,govardhan uttar pradesh
Saraipali,Unknown,21.3153,83.00629,20043,Asia/Kolkata,saraipali unknown
Paravai,Tamil Nadu,9.96453,78.0667,20042,Asia/Kolkata,paravai tamil nadu
Khalāri,Unknown,23.65063,85.00744,20010,Asia/Kolkata,khalāri unknown
Rāya,Uttar Pradesh,27.55607,77.78972,20008,Asia/Kolkata,rāya uttar pradesh
Sawar,Rajasthan,25.75574,75.22292,20000,Asia/Kolkata,sawar rajasthan
Pāmūru,Andhra Pradesh,15.09633,79.41174,20000,Asia/Kolkata,pāmūru andhra pradesh
Powai,Maharashtra,19.1164,72.90471,20000,Asia/Kolkata,powai maharashtra
Belonia,Tripura,23.25178,91.45407,19996,Asia/Kolkata,belonia tripura
Takhatpur,Unknown,22.12915,81.86959,19968,Asia/Kolkata,takhatpur unknown
Sullya,Karnataka,12.561,75.38741,19958,Asia/Kolkata,sullya karnataka
Bhusawar,Rajasthan,27.03895,77.04849,19946,Asia/Kolkata,bhusawar rajasthan
Chunchupally,Telangana,17.52333,80.60405,19944,Asia/Kolkata,chunchupally telangana
Charthāwal,Uttar Pradesh,29.54687,77.59438,19942,Asia/Kolkata,charthāwal uttar pradesh
Siswā Bāzār,Uttar Pradesh,27.14652,83.75803,19939,Asia/Kolkata,siswā bāzār uttar pradesh
Bīrpur,Bihar,26.50823,87.01194,19932,Asia/Kolkata,bīrpur bihar
Kandalloor,Kerala,9.1756,76.47129,19925,Asia/Kolkata,kandalloor kerala
Dhanaula,Punjab,30.28216,75.57341,19920,Asia/Kolkata,dhanaula punjab
L.A.Sagaram,Andhra Pradesh,13.90341,79.89055,19904,Asia/Kolkata,l.a.sagaram andhra pradesh
Sarigam INA,Goa,20.28845,72.85029,19903,Asia/Kolkata,sarigam ina goa
Kanjiramkulam,Kerala,8.35983,77.05253,19902,Asia/Kolkata,kanjiramkulam kerala
Anūppur,Madhya Pradesh,23.10344,81.69083,19899,Asia/Kolkata,anūppur madhya pradesh
Moirāng,Manipur,24.4975,93.77791,19893,Asia/Kolkata,moirāng manipur
Nattappettai,Tamil Nadu,12.81871,79.74925,19883,Asia/Kolkata,nattappettai tamil nadu
Bāli,Rajasthan,25.19725,73.29117,19880,Asia/Kolkata,bāli rajasthan
Bokajān,Arunachal Pradesh,26.02131,93.77945,19877,Asia/Kolkata,bokajān arunachal pradesh
Rānikhet,Uttarakhand,29.64082,79.43229,19873,Asia/Kolkata,rānikhet uttarakhand
Sirka,Unknown,23.64561,85.43333,19871,Asia/Kolkata,sirka unknown
Boriavi,Goa,22.61124,72.93283,19865,Asia/Kolkata,boriavi goa
Aurād,Karnataka,18.25397,77.41761,19849,Asia/Kolkata,aurād karnataka
Sankaraperi,Tamil Nadu,8.83868,78.10513,19844,Asia/Kolkata,sankaraperi tamil nadu
Kulu,Haryana,31.95835,77.10823,19831,Asia/Kolkata,kulu haryana
Kalinjur,Tamil Nadu,12.9534,79.13373,19828,Asia/Kolkata,kalinjur tamil nadu
Chetput,Tamil Nadu,12.46399,79.3484,19827,Asia/Kolkata,chetput tamil nadu
Kolavallúr,Kerala,11.7507,75.61988,19817,Asia/Kolkata,kolavallúr kerala
Sonāri,Arunachal Pradesh,27.02462,95.01629,19810,Asia/Kolkata,sonāri arunachal pradesh
Deoraniān,Uttar Pradesh,28.62989,79.47648,19788,Asia/Kolkata,deoraniān uttar pradesh
Kolāras,Madhya Pradesh,25.21928,77.61167,19781,Asia/Kolkata,kolāras madhya pradesh
Chinna Āndānkovil,Tamil Nadu,10.9511,78.0681,19779,Asia/Kolkata,chinna āndānkovil tamil nadu
Raval,Goa,21.91908,69.48179,19777,Asia/Kolkata,raval goa
Chāndūr,Maharashtra,20.81408,77.98015,19776,Asia/Kolkata,chāndūr maharashtra
Kannānkurichchi,Tamil Nadu,11.69691,78.17941,19765,Asia/Kolkata,kannānkurichchi tamil nadu
Kattanam,Kerala,9.17614,76.56325,19764,Asia/Kolkata,kattanam kerala
Ghatkesar,Telangana,17.45081,78.68366,19763,Asia/Kolkata,ghatkesar telangana
Borgaon,Maharashtra,20.72272,78.60392,19759,Asia/Kolkata,borgaon maharashtra
Sendamangalam,Tamil Nadu,11.28111,78.23416,19750,Asia/Kolkata,sendamangalam tamil nadu
Chhāpar,Rajasthan,27.819,74.43936,19744,Asia/Kolkata,chhāpar rajasthan
Udangudi,Tamil Nadu,8.42918,78.02968,19738,Asia/Kolkata,udangudi tamil nadu
Tirumeshi,Tamil Nadu,13.05339,80.05998,19733,Asia/Kolkata,tirumeshi tamil nadu
Kerūr,Karnataka,16.01384,75.54631,19731,Asia/Kolkata,kerūr karnataka
Verukulambu,Tamil Nadu,8.29531,77.29387,19730,Asia/Kolkata,verukulambu tamil nadu
Shāhpur,Madhya Pradesh,21.23742,76.22558,19719,Asia/Kolkata,shāhpur madhya pradesh
Jhinjhāna,Uttar Pradesh,29.52118,77.2247,19711,Asia/Kolkata,jhinjhāna uttar pradesh
Kumbhrāj,Madhya Pradesh,24.37338,77.04841,19707,Asia/Kolkata,kumbhrāj madhya pradesh
Bareja,Goa,22.84863,72.59137,19690,Asia/Kolkata,bareja goa
Vadakku Viravanallur,Tamil Nadu,8.69786,77.51916,19689,Asia/Kolkata,vadakku viravanallur tamil nadu
Mokēri,Kerala,11.77759,75.57309,19684,Asia/Kolkata,mokēri kerala
Samrāla,Punjab,30.83601,76.19324,19678,Asia/Kolkata,samrāla punjab
Jūnāgarh,Unknown,19.85993,82.93385,19656,Asia/Kolkata,jūnāgarh unknown
Nalco,Odisha,20.86544,85.18283,19644,Asia/Kolkata,nalco odisha
Badi,Madhya Pradesh,23.03667,78.08417,19603,Asia/Kolkata,badi madhya pradesh
Charipara,Tripura,23.80914,91.24805,19598,Asia/Kolkata,charipara tripura
Resubelpara,Meghalaya,25.90404,90.60747,19595,Asia/Kolkata,resubelpara meghalaya
Kalmeshwar,Maharashtra,21.23219,78.91988,19578,Asia/Kolkata,kalmeshwar maharashtra
Jharoda Kalān,Delhi,28.65264,76.95208,19578,Asia/Kolkata,jharoda kalān delhi
Lāwar Khās,Uttar Pradesh,29.11091,77.77767,19556,Asia/Kolkata,lāwar khās uttar pradesh
Srīrāmnagar,Telangana,17.26652,78.25544,19550,Asia/Kolkata,srīrāmnagar telangana
Mulakumūd,Tamil Nadu,8.26809,77.28599,19538,Asia/Kolkata,mulakumūd tamil nadu
Pattan,Jammu and Kashmir,34.16125,74.55634,19538,Asia/Kolkata,pattan jammu and kashmir
Bāgbahra,Unknown,21.04606,82.3864,19529,Asia/Kolkata,bāgbahra unknown
Vīsāvadar,Goa,21.33954,70.74966,19515,Asia/Kolkata,vīsāvadar goa
Pināhat,Uttar Pradesh,26.88487,78.37647,19511,Asia/Kolkata,pināhat uttar pradesh
Pennādam,Tamil Nadu,11.40389,79.24156,19494,Asia/Kolkata,pennādam tamil nadu
Nainwa,Rajasthan,25.77145,75.84978,19485,Asia/Kolkata,nainwa rajasthan
Rameswaram,Andhra Pradesh,14.74006,78.54259,19483,Asia/Kolkata,rameswaram andhra pradesh
Jānsath,Uttar Pradesh,29.32502,77.85044,19467,Asia/Kolkata,jānsath uttar pradesh
Santrampur,Goa,23.19019,73.89526,19465,Asia/Kolkata,santrampur goa
Richha,Uttar Pradesh,28.69467,79.52284,19459,Asia/Kolkata,richha uttar pradesh
Bhāyāvadar,Goa,21.85523,70.24791,19458,Asia/Kolkata,bhāyāvadar goa
Aistala,West Bengal,23.18,88.58,19425,Asia/Kolkata,aistala west bengal
Methukummal,Tamil Nadu,8.30746,77.15205,19417,Asia/Kolkata,methukummal tamil nadu
Gannavaram,Andhra Pradesh,16.54092,80.80213,19410,Asia/Kolkata,gannavaram andhra pradesh
Amarpātan,Madhya Pradesh,24.31371,80.97703,19409,Asia/Kolkata,amarpātan madhya pradesh
Sojītra,Goa,22.53884,72.71984,19403,Asia/Kolkata,sojītra goa
Singur,West Bengal,22.80917,88.22944,19402,Asia/Kolkata,singur west bengal
Singarāyakonda,Andhra Pradesh,15.23046,80.02794,19400,Asia/Kolkata,singarāyakonda andhra pradesh
Punnayūr,Kerala,10.65207,75.99512,19387,Asia/Kolkata,punnayūr kerala
Konnūr,Karnataka,16.20138,74.74886,19386,Asia/Kolkata,konnūr karnataka
Weir,Rajasthan,27.0186,77.17636,19385,Asia/Kolkata,weir rajasthan
Narwar,Madhya Pradesh,25.6439,77.9129,19385,Asia/Kolkata,narwar madhya pradesh
Wazīrganj,Uttar Pradesh,28.21145,79.05665,19372,Asia/Kolkata,wazīrganj uttar pradesh
Kakdwip,West Bengal,21.87914,88.1913,19368,Asia/Kolkata,kakdwip west bengal
Tamenglong,Manipur,25.0164,93.48545,19363,Asia/Kolkata,tamenglong manipur
Jalochi,Maharashtra,18.15662,74.60708,19346,Asia/Kolkata,jalochi maharashtra
Maholi,Uttar Pradesh,27.66368,80.47371,19343,Asia/Kolkata,maholi uttar pradesh
Kaimur,Madhya Pradesh,24.05441,80.6136,19343,Asia/Kolkata,kaimur madhya pradesh
Bilhaur,Uttar Pradesh,26.84345,80.06388,19333,Asia/Kolkata,bilhaur uttar pradesh
Mangalam,Andhra Pradesh,13.65754,79.46258,19318,Asia/Kolkata,mangalam andhra pradesh
Raja Pur Khurd,Delhi,28.63517,77.03303,19312,Asia/Kolkata,raja pur khurd delhi
Khānāpur,Karnataka,15.63969,74.50847,19309,Asia/Kolkata,khānāpur karnataka
Tiruppālai,Tamil Nadu,9.97792,78.13294,19305,Asia/Kolkata,tiruppālai tamil nadu
Nimāparha,Odisha,20.05756,86.00436,19289,Asia/Kolkata,nimāparha odisha
Burhar,Madhya Pradesh,23.21494,81.53204,19289,Asia/Kolkata,burhar madhya pradesh
Deoli,Maharashtra,20.6492,78.48023,19288,Asia/Kolkata,deoli maharashtra
Devadanapatti,Tamil Nadu,10.14673,77.6439,19285,Asia/Kolkata,devadanapatti tamil nadu
Hamīrpur,Haryana,31.68411,76.52506,19280,Asia/Kolkata,hamīrpur haryana
Laksar,Uttarakhand,29.7587,78.04148,19270,Asia/Kolkata,laksar uttarakhand
Vakkam,Kerala,8.68447,76.76755,19267,Asia/Kolkata,vakkam kerala
Ezhome,Kerala,12.02999,75.28193,19261,Asia/Kolkata,ezhome kerala
Ammainaickanur,Tamil Nadu,10.16707,77.91318,19257,Asia/Kolkata,ammainaickanur tamil nadu
Kesinga,Odisha,20.18778,83.21949,19239,Asia/Kolkata,kesinga odisha
Chhaprauli,Uttar Pradesh,29.20989,77.17454,19224,Asia/Kolkata,chhaprauli uttar pradesh
Sardulgarh,Punjab,29.69224,75.23608,19219,Asia/Kolkata,sardulgarh punjab
Maduraivayal,Tamil Nadu,13.06306,80.17194,19208,Asia/Kolkata,maduraivayal tamil nadu
Hirekerūr,Karnataka,14.45506,75.3952,19191,Asia/Kolkata,hirekerūr karnataka
Kōttayam,Kerala,11.82519,75.54779,19176,Asia/Kolkata,kōttayam kerala
Shehera,Goa,22.95084,73.63118,19175,Asia/Kolkata,shehera goa
Suriānwān,Uttar Pradesh,25.46387,82.41922,19157,Asia/Kolkata,suriānwān uttar pradesh
Rijokri,Delhi,28.51387,77.1151,19148,Asia/Kolkata,rijokri delhi
Kadikkād,Kerala,10.67052,75.97975,19147,Asia/Kolkata,kadikkād kerala
Biswanath Chariali,Arunachal Pradesh,26.72577,93.14659,19145,Asia/Kolkata,biswanath chariali arunachal pradesh
Siwāni,Gujarat,28.90909,75.61469,19143,Asia/Kolkata,siwāni gujarat
Honnavar,Karnataka,14.28088,74.44497,19109,Asia/Kolkata,honnavar karnataka
Torūr,Telangana,17.5835,79.65857,19100,Asia/Kolkata,torūr telangana
Jalladiampet,Tamil Nadu,12.92028,80.20806,19100,Asia/Kolkata,jalladiampet tamil nadu
Mir Pur Turk,Delhi,28.70493,77.26424,19098,Asia/Kolkata,mir pur turk delhi
Bhitarwār,Madhya Pradesh,25.79216,78.11085,19096,Asia/Kolkata,bhitarwār madhya pradesh
Kallukuttam,Tamil Nadu,8.18868,77.28781,19093,Asia/Kolkata,kallukuttam tamil nadu
Chautāpal,Telangana,17.25799,78.89776,19092,Asia/Kolkata,chautāpal telangana
Arang,Unknown,21.19639,81.96912,19091,Asia/Kolkata,arang unknown
Dharmkot,Punjab,30.94559,75.23239,19057,Asia/Kolkata,dharmkot punjab
Kirandul,Unknown,18.63649,81.25827,19053,Asia/Kolkata,kirandul unknown
Kothakota,Telangana,16.38002,77.94004,19042,Asia/Kolkata,kothakota telangana
Katangi,Madhya Pradesh,23.44124,79.79621,19040,Asia/Kolkata,katangi madhya pradesh
Āmlāgora,West Bengal,22.84616,87.33559,19038,Asia/Kolkata,āmlāgora west bengal
Karthikappally,Kerala,9.2568,76.44871,19021,Asia/Kolkata,karthikappally kerala
Anshing,Maharashtra,20.0409,77.31501,19000,Asia/Kolkata,anshing maharashtra
Parīchhatgarh,Uttar Pradesh,28.97841,77.93422,18990,Asia/Kolkata,parīchhatgarh uttar pradesh
Tiruvattār,Tamil Nadu,8.33069,77.26732,18985,Asia/Kolkata,tiruvattār tamil nadu
Kesariyā,Bihar,26.34992,84.87086,18984,Asia/Kolkata,kesariyā bihar
Bhor,Maharashtra,18.14861,73.84336,18982,Asia/Kolkata,bhor maharashtra
Kadachira,Kerala,11.83695,75.44904,18979,Asia/Kolkata,kadachira kerala
Kulpahār,Uttar Pradesh,25.32007,79.63931,18976,Asia/Kolkata,kulpahār uttar pradesh
Khariar Road,Odisha,20.89872,82.50893,18967,Asia/Kolkata,khariar road odisha
Punjai Puliyampatti,Tamil Nadu,11.35163,77.16671,18967,Asia/Kolkata,punjai puliyampatti tamil nadu
Kharsia,Unknown,21.98953,83.10476,18939,Asia/Kolkata,kharsia unknown
Nahorkatiya,Arunachal Pradesh,27.286,95.328,18937,Asia/Kolkata,nahorkatiya arunachal pradesh
Mulgund,Karnataka,15.2807,75.52132,18928,Asia/Kolkata,mulgund karnataka
Khilchipur,Madhya Pradesh,24.03943,76.578,18928,Asia/Kolkata,khilchipur madhya pradesh
Kansāpur,Gujarat,30.14546,77.26633,18909,Asia/Kolkata,kansāpur gujarat
Somandepalle,Andhra Pradesh,14.00774,77.60846,18895,Asia/Kolkata,somandepalle andhra pradesh
Sriramnagar,Andhra Pradesh,18.28329,83.53422,18893,Asia/Kolkata,sriramnagar andhra pradesh
Gummidipundi,Tamil Nadu,13.40765,80.10879,18891,Asia/Kolkata,gummidipundi tamil nadu
Koāth,Bihar,25.32643,84.25983,18890,Asia/Kolkata,koāth bihar
Martūru,Kerala,10.17171,76.42641,18890,Asia/Kolkata,martūru kerala
Manchar,Maharashtra,19.00436,73.94346,18876,Asia/Kolkata,manchar maharashtra
Shāhpur,Uttar Pradesh,29.3501,77.5516,18874,Asia/Kolkata,shāhpur uttar pradesh
Mārahra,Uttar Pradesh,27.7368,78.56891,18873,Asia/Kolkata,mārahra uttar pradesh
Mundgod,Karnataka,14.97144,75.03658,18866,Asia/Kolkata,mundgod karnataka
Chicholi,Maharashtra,21.46926,79.70151,18864,Asia/Kolkata,chicholi maharashtra
Bhati,Delhi,28.42953,77.22569,18864,Asia/Kolkata,bhati delhi
Mālvan,Maharashtra,16.05981,73.4629,18858,Asia/Kolkata,mālvan maharashtra
Pahāsu,Uttar Pradesh,28.1722,78.06376,18854,Asia/Kolkata,pahāsu uttar pradesh
Lateri,Madhya Pradesh,24.06091,77.41044,18844,Asia/Kolkata,lateri madhya pradesh
Tādikombu,Tamil Nadu,10.43904,77.95459,18838,Asia/Kolkata,tādikombu tamil nadu
Chhipa Barod,Rajasthan,24.62361,76.70783,18837,Asia/Kolkata,chhipa barod rajasthan
Maithon,Unknown,23.78,86.81,18830,Asia/Kolkata,maithon unknown
Chhiri,Goa,20.37782,72.9411,18829,Asia/Kolkata,chhiri goa
Mallasamudram,Tamil Nadu,11.49333,78.03119,18820,Asia/Kolkata,mallasamudram tamil nadu
Rānīpur,Uttar Pradesh,25.25034,79.06204,18820,Asia/Kolkata,rānīpur uttar pradesh
Gadhra,Unknown,22.74668,86.24546,18801,Asia/Kolkata,gadhra unknown
Solsumba,Goa,20.15749,72.78913,18796,Asia/Kolkata,solsumba goa
Chāndūr Bāzār,Maharashtra,21.23853,77.74713,18780,Asia/Kolkata,chāndūr bāzār maharashtra
Sompeta,Andhra Pradesh,18.94419,84.58449,18778,Asia/Kolkata,sompeta andhra pradesh
Chanod,Goa,20.34673,72.92825,18776,Asia/Kolkata,chanod goa
Banūr,Punjab,30.55407,76.71948,18775,Asia/Kolkata,banūr punjab
Paranda,Maharashtra,18.26321,75.46316,18758,Asia/Kolkata,paranda maharashtra
Shādīpur Julāna,Gujarat,29.12368,76.40516,18755,Asia/Kolkata,shādīpur julāna gujarat
Rakkiyapālaiyam,Tamil Nadu,11.10607,76.94253,18749,Asia/Kolkata,rakkiyapālaiyam tamil nadu
Kammivapettai,Tamil Nadu,11.753,79.74567,18745,Asia/Kolkata,kammivapettai tamil nadu
Amod,Goa,21.99317,72.87047,18742,Asia/Kolkata,amod goa
Rangāpāra,Arunachal Pradesh,26.83772,92.66876,18739,Asia/Kolkata,rangāpāra arunachal pradesh
Nanauta,Uttar Pradesh,29.71215,77.41728,18738,Asia/Kolkata,nanauta uttar pradesh
Raybag,Karnataka,16.49178,74.77391,18736,Asia/Kolkata,raybag karnataka
Kundgol,Karnataka,15.25612,75.24735,18726,Asia/Kolkata,kundgol karnataka
Murbād,Maharashtra,19.25395,73.38993,18725,Asia/Kolkata,murbād maharashtra
Lonand,Maharashtra,18.04041,74.18719,18723,Asia/Kolkata,lonand maharashtra
Tiruvankod,Tamil Nadu,8.24521,77.301,18723,Asia/Kolkata,tiruvankod tamil nadu
Una,Haryana,31.46493,76.26914,18722,Asia/Kolkata,una haryana
Pālda,Madhya Pradesh,22.68004,75.89391,18697,Asia/Kolkata,pālda madhya pradesh
Haldaur,Uttar Pradesh,29.28988,78.28437,18686,Asia/Kolkata,haldaur uttar pradesh
Srirāmpur,West Bengal,22.94849,88.01954,18682,Asia/Kolkata,srirāmpur west bengal
Valabhīpur,Goa,21.88868,71.87935,18663,Asia/Kolkata,valabhīpur goa
Kardhān,Gujarat,30.31768,76.86596,18662,Asia/Kolkata,kardhān gujarat
Kalāyat,Gujarat,29.67665,76.25561,18660,Asia/Kolkata,kalāyat gujarat
Kurumathur,Kerala,12.03973,75.41136,18641,Asia/Kolkata,kurumathur kerala
Kim,Goa,21.40081,72.92682,18638,Asia/Kolkata,kim goa
Mamsapuram,Tamil Nadu,9.49959,77.58786,18635,Asia/Kolkata,mamsapuram tamil nadu
Mangattidam,Kerala,11.84326,75.54368,18627,Asia/Kolkata,mangattidam kerala
Silvāni,Madhya Pradesh,23.3026,78.44076,18623,Asia/Kolkata,silvāni madhya pradesh
Tyāgadurgam,Tamil Nadu,11.74114,79.07698,18605,Asia/Kolkata,tyāgadurgam tamil nadu
Khārupatia,Arunachal Pradesh,26.51839,92.14722,18599,Asia/Kolkata,khārupatia arunachal pradesh
Palappallam,Tamil Nadu,8.20946,77.24761,18589,Asia/Kolkata,palappallam tamil nadu
Pālaiyampatti,Tamil Nadu,9.53921,78.09843,18576,Asia/Kolkata,pālaiyampatti tamil nadu
Nadim Tiruvuru,Andhra Pradesh,17.11209,80.6088,18567,Asia/Kolkata,nadim tiruvuru andhra pradesh
Jadugora,Unknown,22.65361,86.35595,18563,Asia/Kolkata,jadugora unknown
Bhadaur,Punjab,30.47651,75.33049,18561,Asia/Kolkata,bhadaur punjab
Durgāpur,Maharashtra,20.0054,79.30273,18561,Asia/Kolkata,durgāpur maharashtra
Bhoom,Maharashtra,18.45908,75.65877,18561,Asia/Kolkata,bhoom maharashtra
Chandili,Odisha,19.24665,83.40577,18552,Asia/Kolkata,chandili odisha
Phalauda,Uttar Pradesh,29.18824,77.82996,18545,Asia/Kolkata,phalauda uttar pradesh
Bānk,Madhya Pradesh,22.70296,75.8039,18534,Asia/Kolkata,bānk madhya pradesh
Harpālpur,Madhya Pradesh,25.28773,79.33279,18529,Asia/Kolkata,harpālpur madhya pradesh
Rāmpura,Madhya Pradesh,24.467,75.43996,18495,Asia/Kolkata,rāmpura madhya pradesh
Jogipet,Telangana,17.83564,78.06811,18494,Asia/Kolkata,jogipet telangana
Alang,Goa,21.39878,72.17544,18480,Asia/Kolkata,alang goa
Barkā Kānā,Unknown,23.62118,85.46748,18475,Asia/Kolkata,barkā kānā unknown
Ūttangarai,Tamil Nadu,12.26713,78.53783,18470,Asia/Kolkata,ūttangarai tamil nadu
Deshnoke,Rajasthan,27.79836,73.34297,18470,Asia/Kolkata,deshnoke rajasthan
Mukandgarh,Rajasthan,27.95208,75.22431,18469,Asia/Kolkata,mukandgarh rajasthan
Sāvli,Goa,22.56188,73.22317,18467,Asia/Kolkata,sāvli goa
Tondi,Tamil Nadu,9.74173,79.01774,18465,Asia/Kolkata,tondi tamil nadu
Kannapuram,Kerala,11.98434,75.30414,18459,Asia/Kolkata,kannapuram kerala
Pottanūr,Tamil Nadu,11.10983,77.98883,18455,Asia/Kolkata,pottanūr tamil nadu
Padampur,Rajasthan,29.70885,73.62539,18454,Asia/Kolkata,padampur rajasthan
Gubbi,Karnataka,13.31216,76.94102,18446,Asia/Kolkata,gubbi karnataka
Unchahra,Madhya Pradesh,24.38251,80.78088,18442,Asia/Kolkata,unchahra madhya pradesh
Baroda,Madhya Pradesh,25.5,76.65,18437,Asia/Kolkata,baroda madhya pradesh
Khali Kachigam,52,20.38333,72.86667,18434,Asia/Kolkata,khali kachigam 52
Nāmrup,Arunachal Pradesh,27.19395,95.31929,18432,Asia/Kolkata,nāmrup arunachal pradesh
Neral,Maharashtra,19.02475,73.31688,18429,Asia/Kolkata,neral maharashtra
Sirgittī,Unknown,22.04713,82.14871,18428,Asia/Kolkata,sirgittī unknown
Mandapam,Tamil Nadu,9.27571,79.12362,18427,Asia/Kolkata,mandapam tamil nadu
Along,Arunachal Pradesh,28.16951,94.8006,18425,Asia/Kolkata,along arunachal pradesh
Kotā,Unknown,22.29507,82.02366,18405,Asia/Kolkata,kotā unknown
Moram,Maharashtra,17.78812,76.47077,18371,Asia/Kolkata,moram maharashtra
Kādīpur,Delhi,28.77404,77.16308,18369,Asia/Kolkata,kādīpur delhi
Chhoti Sādri,Rajasthan,24.38145,74.7012,18360,Asia/Kolkata,chhoti sādri rajasthan
Vāzhakulam,Kerala,10.0938,76.4198,18358,Asia/Kolkata,vāzhakulam kerala
Fort Gloster,West Bengal,22.50444,88.18333,18350,Asia/Kolkata,fort gloster west bengal
Seppa,Arunachal Pradesh,27.36173,93.03991,18350,Asia/Kolkata,seppa arunachal pradesh
Majhiāon Kalān,Unknown,24.32431,83.81613,18349,Asia/Kolkata,majhiāon kalān unknown
Thākurganj,Bihar,26.42742,88.13112,18348,Asia/Kolkata,thākurganj bihar
Naldurg,Maharashtra,17.81667,76.28182,18341,Asia/Kolkata,naldurg maharashtra
Thāsra,Goa,22.79831,73.21174,18337,Asia/Kolkata,thāsra goa
Bada Malhera,Madhya Pradesh,24.56412,79.30712,18335,Asia/Kolkata,bada malhera madhya pradesh
Kākori,Uttar Pradesh,26.868,80.7857,18332,Asia/Kolkata,kākori uttar pradesh
Cheranmahadevi,Tamil Nadu,8.67547,77.56957,18327,Asia/Kolkata,cheranmahadevi tamil nadu
Alangāyam,Tamil Nadu,12.62235,78.75207,18327,Asia/Kolkata,alangāyam tamil nadu
Rāmjībanpur,West Bengal,22.82815,87.60888,18318,Asia/Kolkata,rāmjībanpur west bengal
Hutagalli,Karnataka,12.34172,76.58629,18308,Asia/Kolkata,hutagalli karnataka
Howli,Arunachal Pradesh,26.42237,90.98004,18301,Asia/Kolkata,howli arunachal pradesh
Talod,Goa,23.3514,72.94999,18298,Asia/Kolkata,talod goa
Daboh,Madhya Pradesh,26.00239,78.87658,18298,Asia/Kolkata,daboh madhya pradesh
Palugal,Tamil Nadu,8.35362,77.1859,18276,Asia/Kolkata,palugal tamil nadu
Inam Maniyachi,Tamil Nadu,9.17056,77.85115,18258,Asia/Kolkata,inam maniyachi tamil nadu
Ghogardīha,Bihar,26.27986,86.47001,18257,Asia/Kolkata,ghogardīha bihar
Vengikkal,Tamil Nadu,12.26416,79.06745,18244,Asia/Kolkata,vengikkal tamil nadu
Udaipura,Madhya Pradesh,23.07434,78.51108,18236,Asia/Kolkata,udaipura madhya pradesh
Behat,Uttar Pradesh,30.1718,77.6139,18223,Asia/Kolkata,behat uttar pradesh
Khetri,Rajasthan,28.00069,75.78644,18209,Asia/Kolkata,khetri rajasthan
Kheri Nāngal,Gujarat,29.35436,76.97737,18195,Asia/Kolkata,kheri nāngal gujarat
Pasthal,Maharashtra,19.82018,72.72959,18194,Asia/Kolkata,pasthal maharashtra
Kariapatti,Tamil Nadu,9.67505,78.09992,18191,Asia/Kolkata,kariapatti tamil nadu
Tezu,Arunachal Pradesh,27.91256,96.12882,18184,Asia/Kolkata,tezu arunachal pradesh
Gairtganj,Madhya Pradesh,23.41022,78.22082,18184,Asia/Kolkata,gairtganj madhya pradesh
Jalālī,Uttar Pradesh,27.8668,78.25267,18177,Asia/Kolkata,jalālī uttar pradesh
Gaurela,Unknown,22.75449,81.90107,18165,Asia/Kolkata,gaurela unknown
Singampunari,Tamil Nadu,10.1862,78.415,18143,Asia/Kolkata,singampunari tamil nadu
Moonak,Punjab,29.82529,75.89055,18141,Asia/Kolkata,moonak punjab
Palayad,Kerala,11.55051,75.62887,18141,Asia/Kolkata,palayad kerala
Vettaikkaranpudur,Tamil Nadu,10.56207,76.91305,18128,Asia/Kolkata,vettaikkaranpudur tamil nadu
Pichor,Madhya Pradesh,25.17555,78.18863,18127,Asia/Kolkata,pichor madhya pradesh
Bakarwāla,Delhi,28.6678,77.02011,18122,Asia/Kolkata,bakarwāla delhi
Māchai,Karnataka,15.79261,74.48414,18073,Asia/Kolkata,māchai karnataka
Eruvādi,Tamil Nadu,8.44393,77.60441,18067,Asia/Kolkata,eruvādi tamil nadu
Namminikara,Kerala,10.43216,76.25418,18067,Asia/Kolkata,namminikara kerala
Thara,Goa,23.97345,71.81922,18060,Asia/Kolkata,thara goa
Jhalidā,West Bengal,23.36545,85.97643,18057,Asia/Kolkata,jhalidā west bengal
Aurangabad Cantonment,Maharashtra,19.87609,75.29161,18051,Asia/Kolkata,aurangabad cantonment maharashtra
Fatehgarh Chūriān,Punjab,31.86431,74.95665,18051,Asia/Kolkata,fatehgarh chūriān punjab
Kunnummal,Kerala,11.68325,75.71078,18031,Asia/Kolkata,kunnummal kerala
Kattur,Kerala,10.37315,76.16678,18017,Asia/Kolkata,kattur kerala
Vadamadurai,Tamil Nadu,10.44081,78.09784,18015,Asia/Kolkata,vadamadurai tamil nadu
Tirumala,Andhra Pradesh,13.68333,79.35,18013,Asia/Kolkata,tirumala andhra pradesh
Patiriyat,Kerala,11.84896,75.51473,18008,Asia/Kolkata,patiriyat kerala
Bhogpur,Punjab,31.55442,75.64271,18008,Asia/Kolkata,bhogpur punjab
Satyāmangala,Karnataka,13.01927,76.12434,18002,Asia/Kolkata,satyāmangala karnataka
Bhattiprolu,Andhra Pradesh,16.1026,80.78074,18001,Asia/Kolkata,bhattiprolu andhra pradesh
Barjala,Tripura,23.6182,91.35596,17998,Asia/Kolkata,barjala tripura
Nalloor,Tamil Nadu,8.30638,77.22398,17989,Asia/Kolkata,nalloor tamil nadu
Mahīshādal,West Bengal,22.18616,87.98072,17988,Asia/Kolkata,mahīshādal west bengal
Sir Muttra,Rajasthan,26.51501,77.37212,17988,Asia/Kolkata,sir muttra rajasthan
Dumjor,West Bengal,22.61993,88.24566,17972,Asia/Kolkata,dumjor west bengal
Jadcherla,Telangana,16.77381,78.13666,17958,Asia/Kolkata,jadcherla telangana
Noāmundi,Unknown,22.16094,85.50416,17954,Asia/Kolkata,noāmundi unknown
Barwala,Goa,22.21983,72.06755,17951,Asia/Kolkata,barwala goa
Narauli,Uttar Pradesh,28.48547,78.71484,17945,Asia/Kolkata,narauli uttar pradesh
Arukutti,Kerala,9.86667,76.35,17944,Asia/Kolkata,arukutti kerala
Nīlokheri,Gujarat,29.83671,76.93191,17938,Asia/Kolkata,nīlokheri gujarat
Nāteputa,Maharashtra,17.89895,74.75222,17930,Asia/Kolkata,nāteputa maharashtra
Honnāli,Karnataka,14.23976,75.64507,17928,Asia/Kolkata,honnāli karnataka
Titabor Town,Arunachal Pradesh,26.59185,94.19445,17920,Asia/Kolkata,titabor town arunachal pradesh
Samdari,Rajasthan,25.81299,72.57879,17915,Asia/Kolkata,samdari rajasthan
Saiyad-ul-ajaib,Delhi,28.51923,77.20352,17914,Asia/Kolkata,saiyad-ul-ajaib delhi
Pudunagaram,Kerala,10.68018,76.68363,17892,Asia/Kolkata,pudunagaram kerala
Bayad,Goa,23.2234,73.21491,17886,Asia/Kolkata,bayad goa
Vadlapūdi,Andhra Pradesh,14.31119,79.8043,17881,Asia/Kolkata,vadlapūdi andhra pradesh
Kanjari,Goa,22.61243,72.92107,17881,Asia/Kolkata,kanjari goa
Bhindār,Rajasthan,24.50235,74.18551,17878,Asia/Kolkata,bhindār rajasthan
Piranvādi,Karnataka,15.80202,74.48012,17874,Asia/Kolkata,piranvādi karnataka
V.S.K.Valasai (Dindigul-Dist.),Tamil Nadu,10.31549,78.15141,17865,Asia/Kolkata,v.s.k.valasai (dindigul-dist.) tamil nadu
Handiā,Uttar Pradesh,25.36379,82.18655,17861,Asia/Kolkata,handiā uttar pradesh
Avalēpalli,Tamil Nadu,12.77137,77.85941,17859,Asia/Kolkata,avalēpalli tamil nadu
Narasimhanaickenpalayam,Tamil Nadu,11.11732,76.93631,17858,Asia/Kolkata,narasimhanaickenpalayam tamil nadu
Adiyanuthu,Tamil Nadu,10.33075,77.98118,17851,Asia/Kolkata,adiyanuthu tamil nadu
Sarāi Mīr,Uttar Pradesh,26.02705,82.91843,17849,Asia/Kolkata,sarāi mīr uttar pradesh
Trāl,Jammu and Kashmir,33.92708,75.11585,17844,Asia/Kolkata,trāl jammu and kashmir
Akalkuva,Maharashtra,21.5543,74.01922,17840,Asia/Kolkata,akalkuva maharashtra
Bhīkhi,Punjab,30.05918,75.535,17825,Asia/Kolkata,bhīkhi punjab
Sīlappādi,Tamil Nadu,10.39397,78.00781,17824,Asia/Kolkata,sīlappādi tamil nadu
Kulattuppālaiyam,Tamil Nadu,10.76133,77.58425,17819,Asia/Kolkata,kulattuppālaiyam tamil nadu
Rāmachettipālaiyam,Tamil Nadu,10.95818,76.92013,17809,Asia/Kolkata,rāmachettipālaiyam tamil nadu
Bilgi,Karnataka,16.34714,75.61804,17792,Asia/Kolkata,bilgi karnataka
Nāgamangala,Karnataka,12.81939,76.75456,17776,Asia/Kolkata,nāgamangala karnataka
Shāhpur,Bihar,25.60293,84.40412,17767,Asia/Kolkata,shāhpur bihar
Dāmnagar,Goa,21.69232,71.51747,17766,Asia/Kolkata,dāmnagar goa
Manalur,Kerala,10.49285,76.10267,17757,Asia/Kolkata,manalur kerala
Ambaji,Goa,24.33174,72.84564,17753,Asia/Kolkata,ambaji goa
Kannod,Madhya Pradesh,22.66764,76.74286,17744,Asia/Kolkata,kannod madhya pradesh
Jagiroad,Arunachal Pradesh,26.12017,92.19772,17739,Asia/Kolkata,jagiroad arunachal pradesh
Patdi,Goa,23.19602,71.79171,17725,Asia/Kolkata,patdi goa
Mahudha,Goa,22.82082,72.94032,17722,Asia/Kolkata,mahudha goa
Chettināyakkanpatti,Tamil Nadu,10.39399,77.9754,17701,Asia/Kolkata,chettināyakkanpatti tamil nadu
Gotan,Rajasthan,26.65551,73.7371,17700,Asia/Kolkata,gotan rajasthan
Mangalam,Tamil Nadu,11.10052,77.27124,17699,Asia/Kolkata,mangalam tamil nadu
Peddanāyakkanpālaiyam,Tamil Nadu,11.65104,78.50872,17678,Asia/Kolkata,peddanāyakkanpālaiyam tamil nadu
Bhuwāna,Rajasthan,24.62143,73.70818,17665,Asia/Kolkata,bhuwāna rajasthan
Kothanallur,Tamil Nadu,8.27911,77.30958,17662,Asia/Kolkata,kothanallur tamil nadu
Bālugān,Odisha,19.73333,85.21667,17645,Asia/Kolkata,bālugān odisha
Kherli,Rajasthan,27.27359,76.98613,17634,Asia/Kolkata,kherli rajasthan
Rahimatpur,Maharashtra,17.5921,74.19966,17633,Asia/Kolkata,rahimatpur maharashtra
Nangavaram,Tamil Nadu,10.86924,78.53924,17629,Asia/Kolkata,nangavaram tamil nadu
Padmapur,Odisha,21,83.06667,17625,Asia/Kolkata,padmapur odisha
Pipili,Odisha,20.11357,85.83147,17623,Asia/Kolkata,pipili odisha
Vittal,Karnataka,12.76325,75.09896,17618,Asia/Kolkata,vittal karnataka
Koratti,Kerala,10.26597,76.34767,17618,Asia/Kolkata,koratti kerala
Shirhatti,Karnataka,15.23352,75.57996,17610,Asia/Kolkata,shirhatti karnataka
Devgarh,Rajasthan,25.52533,73.90812,17604,Asia/Kolkata,devgarh rajasthan
Bargi,Madhya Pradesh,22.99138,79.8755,17588,Asia/Kolkata,bargi madhya pradesh
Jarwal,Uttar Pradesh,27.1629,81.54179,17576,Asia/Kolkata,jarwal uttar pradesh
Nichlaul,Uttar Pradesh,27.31247,83.7253,17567,Asia/Kolkata,nichlaul uttar pradesh
Kānke,Unknown,23.43478,85.32059,17560,Asia/Kolkata,kānke unknown
Vazhapadi,Tamil Nadu,11.65541,78.40117,17559,Asia/Kolkata,vazhapadi tamil nadu
Achhībal,Jammu and Kashmir,33.68409,75.21835,17556,Asia/Kolkata,achhībal jammu and kashmir
Papanasam,Tamil Nadu,10.92687,79.27056,17548,Asia/Kolkata,papanasam tamil nadu
Raipur,Rajasthan,26.04259,74.02373,17537,Asia/Kolkata,raipur rajasthan
Tājpur,Uttar Pradesh,29.16242,78.48458,17529,Asia/Kolkata,tājpur uttar pradesh
Bānki,Odisha,20.37912,85.52953,17521,Asia/Kolkata,bānki odisha
Settiyārpatti,Tamil Nadu,9.3935,77.49348,17520,Asia/Kolkata,settiyārpatti tamil nadu
North Guwāhāti,Arunachal Pradesh,26.19749,91.7202,17516,Asia/Kolkata,north guwāhāti arunachal pradesh
Madhuban,Bihar,26.43864,85.13573,17510,Asia/Kolkata,madhuban bihar
Bānapur,Odisha,19.77889,85.17033,17499,Asia/Kolkata,bānapur odisha
Jatāra,Madhya Pradesh,25.00964,79.04869,17499,Asia/Kolkata,jatāra madhya pradesh
Palera,Madhya Pradesh,25.02013,79.22818,17493,Asia/Kolkata,palera madhya pradesh
Indri,Gujarat,29.87999,77.05972,17487,Asia/Kolkata,indri gujarat
Bodrī,Unknown,22.02346,82.11357,17481,Asia/Kolkata,bodrī unknown
Pennāgaram,Tamil Nadu,12.13433,77.89525,17480,Asia/Kolkata,pennāgaram tamil nadu
Kallūr Tekkumuri,Kerala,10.24009,76.32359,17480,Asia/Kolkata,kallūr tekkumuri kerala
Dharmapuram,Tamil Nadu,8.12027,77.38904,17476,Asia/Kolkata,dharmapuram tamil nadu
Depālpur,Madhya Pradesh,22.85095,75.54224,17474,Asia/Kolkata,depālpur madhya pradesh
Mūndwa,Rajasthan,27.0631,73.82304,17465,Asia/Kolkata,mūndwa rajasthan
Tādigadapa,Andhra Pradesh,16.47129,80.69695,17462,Asia/Kolkata,tādigadapa andhra pradesh
Auhammadpur Mājri,Delhi,28.72922,77.03827,17462,Asia/Kolkata,auhammadpur mājri delhi
Calangute,Goa,15.5439,73.7553,17446,Asia/Kolkata,calangute goa
Sarāi Ākil,Uttar Pradesh,25.3789,81.51035,17443,Asia/Kolkata,sarāi ākil uttar pradesh
Panoor,Kerala,11.75938,75.57835,17438,Asia/Kolkata,panoor kerala
Nīsang,Gujarat,29.69229,76.75464,17438,Asia/Kolkata,nīsang gujarat
Amet,Rajasthan,25.30609,73.9258,17434,Asia/Kolkata,amet rajasthan
Bareta,Punjab,29.86352,75.69644,17432,Asia/Kolkata,bareta punjab
Kavisuryanagar,Odisha,19.58148,84.76006,17430,Asia/Kolkata,kavisuryanagar odisha
Puthūr,Kerala,10.4874,76.27929,17430,Asia/Kolkata,puthūr kerala
Hāt Piplia,Madhya Pradesh,22.76948,76.29992,17419,Asia/Kolkata,hāt piplia madhya pradesh
Bhundsi,Gujarat,28.35051,77.06144,17410,Asia/Kolkata,bhundsi gujarat
Naregal,Karnataka,15.57316,75.80805,17403,Asia/Kolkata,naregal karnataka
Bermo,Unknown,23.78781,85.93526,17401,Asia/Kolkata,bermo unknown
Khongapani,Unknown,23.1912,82.16265,17400,Asia/Kolkata,khongapani unknown
Bagdogra,West Bengal,26.69929,88.31177,17372,Asia/Kolkata,bagdogra west bengal
Indergarh,Uttar Pradesh,26.93521,79.6712,17366,Asia/Kolkata,indergarh uttar pradesh
Lāsalgaon,Maharashtra,20.1427,74.23946,17360,Asia/Kolkata,lāsalgaon maharashtra
Phirangipuram,Andhra Pradesh,16.29078,80.26233,17335,Asia/Kolkata,phirangipuram andhra pradesh
Edakkazhiyūr,Kerala,10.62276,75.99651,17335,Asia/Kolkata,edakkazhiyūr kerala
Nārsala,Maharashtra,21.08973,79.13586,17330,Asia/Kolkata,nārsala maharashtra
Keezhkulam,Tamil Nadu,8.23073,77.18626,17327,Asia/Kolkata,keezhkulam tamil nadu
Jalalpore,Goa,20.94896,72.89829,17325,Asia/Kolkata,jalalpore goa
Chhala,Goa,23.30779,72.77404,17323,Asia/Kolkata,chhala goa
Sivagirippatti,Tamil Nadu,10.45015,77.53035,17306,Asia/Kolkata,sivagirippatti tamil nadu
Āthagarh,Odisha,20.51999,85.62965,17304,Asia/Kolkata,āthagarh odisha
Lakhnādon,Madhya Pradesh,22.60049,79.60094,17302,Asia/Kolkata,lakhnādon madhya pradesh
Takhatgarh,Rajasthan,25.32235,73.00487,17285,Asia/Kolkata,takhatgarh rajasthan
Talwandi Bhai,Punjab,30.85584,74.92979,17285,Asia/Kolkata,talwandi bhai punjab
Mūlki,Karnataka,13.09101,74.79353,17274,Asia/Kolkata,mūlki karnataka
Kāttatturai,Tamil Nadu,8.28486,77.27551,17271,Asia/Kolkata,kāttatturai tamil nadu
Bhānpurī,Unknown,21.0919,80.93218,17270,Asia/Kolkata,bhānpurī unknown
Kulasegaram,Tamil Nadu,8.36319,77.29777,17267,Asia/Kolkata,kulasegaram tamil nadu
Deori,Unknown,22.09901,82.2664,17265,Asia/Kolkata,deori unknown
Nilagiri,Odisha,21.46235,86.76794,17264,Asia/Kolkata,nilagiri odisha
Mannarai,Tamil Nadu,11.11723,77.37256,17261,Asia/Kolkata,mannarai tamil nadu
Jagalūr,Karnataka,14.51957,76.33915,17257,Asia/Kolkata,jagalūr karnataka
Bhikshāndārkovil,Tamil Nadu,10.88266,78.70456,17257,Asia/Kolkata,bhikshāndārkovil tamil nadu
Ajara,Maharashtra,16.11601,74.21097,17257,Asia/Kolkata,ajara maharashtra
Palangarai,Tamil Nadu,11.19782,77.30583,17248,Asia/Kolkata,palangarai tamil nadu
Virajpet,Karnataka,12.19644,75.80512,17246,Asia/Kolkata,virajpet karnataka
Nārnaund,Gujarat,29.22047,76.14278,17242,Asia/Kolkata,nārnaund gujarat
Pudūr,Tamil Nadu,11.436,77.67603,17240,Asia/Kolkata,pudūr tamil nadu
Bālugaon,Odisha,20.17838,85.11327,17238,Asia/Kolkata,bālugaon odisha
Irivēri,Kerala,11.85586,75.47362,17231,Asia/Kolkata,irivēri kerala
Bilthra,Uttar Pradesh,26.12705,83.89148,17228,Asia/Kolkata,bilthra uttar pradesh
Alnāvar,Karnataka,15.42727,74.74111,17228,Asia/Kolkata,alnāvar karnataka
Anaimalai,Tamil Nadu,10.58303,76.93441,17208,Asia/Kolkata,anaimalai tamil nadu
Guru Har Sahāi,Punjab,30.70862,74.40407,17192,Asia/Kolkata,guru har sahāi punjab
Tangla,Arunachal Pradesh,26.65693,91.91381,17183,Asia/Kolkata,tangla arunachal pradesh
Mendarda,Goa,21.32112,70.44078,17166,Asia/Kolkata,mendarda goa
Taleigao,Goa,15.46915,73.83285,17148,Asia/Kolkata,taleigao goa
Jāwad,Madhya Pradesh,24.59916,74.86261,17129,Asia/Kolkata,jāwad madhya pradesh
Uttarkāshi,Uttarakhand,30.72986,78.44342,17123,Asia/Kolkata,uttarkāshi uttarakhand
Basukinath,Unknown,24.39446,87.08643,17123,Asia/Kolkata,basukinath unknown
Ayyalur,Tamil Nadu,10.48185,78.15639,17100,Asia/Kolkata,ayyalur tamil nadu
Kolaccheri,Kerala,11.97634,75.41675,17095,Asia/Kolkata,kolaccheri kerala
Nāranammālpuram,Tamil Nadu,8.75985,77.73986,17094,Asia/Kolkata,nāranammālpuram tamil nadu
Shaktinagar,Karnataka,16.36491,77.35863,17088,Asia/Kolkata,shaktinagar karnataka
Chālakilakākara,Kerala,11.85404,75.43869,17088,Asia/Kolkata,chālakilakākara kerala
Amroli,Goa,21.25084,72.83878,17082,Asia/Kolkata,amroli goa
Chalāla,Goa,21.41073,71.16621,17081,Asia/Kolkata,chalāla goa
Samālka,Delhi,28.53499,77.09079,17076,Asia/Kolkata,samālka delhi
Mēppādam,Kerala,9.32416,76.4934,17067,Asia/Kolkata,mēppādam kerala
Madambakkam,Tamil Nadu,12.8525,80.04667,17058,Asia/Kolkata,madambakkam tamil nadu
Nongpoh,Meghalaya,25.9023,91.87694,17055,Asia/Kolkata,nongpoh meghalaya
Mahiari,West Bengal,22.58826,88.23544,17051,Asia/Kolkata,mahiari west bengal
Naraina,Rajasthan,26.79069,75.20608,17048,Asia/Kolkata,naraina rajasthan
Kokōtamangalam South,Kerala,9.67948,76.35889,17047,Asia/Kolkata,kokōtamangalam south kerala
Teonthar,Madhya Pradesh,24.98207,81.64194,17039,Asia/Kolkata,teonthar madhya pradesh
Jigani,Karnataka,12.78612,77.63855,17036,Asia/Kolkata,jigani karnataka
Nayāgarh,Odisha,20.12882,85.09626,17030,Asia/Kolkata,nayāgarh odisha
Kusum Pur,Delhi,28.55472,77.1573,17028,Asia/Kolkata,kusum pur delhi
Eravattūr,Kerala,11.58006,75.73841,17016,Asia/Kolkata,eravattūr kerala
Maghar,Uttar Pradesh,26.75586,83.12773,17011,Asia/Kolkata,maghar uttar pradesh
Varam,Kerala,11.89959,75.41323,17008,Asia/Kolkata,varam kerala
Ongallur-I,Kerala,10.80268,76.21855,16998,Asia/Kolkata,ongallur-i kerala
Bicholim,Goa,15.59319,73.94571,16986,Asia/Kolkata,bicholim goa
Hukumpeta,Andhra Pradesh,16.98874,81.8017,16985,Asia/Kolkata,hukumpeta andhra pradesh
Valvachatottam,Tamil Nadu,8.28031,77.25612,16965,Asia/Kolkata,valvachatottam tamil nadu
Bijaipur,Madhya Pradesh,26.05052,77.37138,16964,Asia/Kolkata,bijaipur madhya pradesh
Garhshankar,Punjab,31.21537,76.14149,16955,Asia/Kolkata,garhshankar punjab
Dirba,Punjab,30.07222,75.99607,16952,Asia/Kolkata,dirba punjab
Rānpur,Goa,22.35161,71.71179,16944,Asia/Kolkata,rānpur goa
Dukli,Tripura,23.7984,91.29642,16941,Asia/Kolkata,dukli tripura
Manjhanpur,Uttar Pradesh,25.53046,81.37566,16939,Asia/Kolkata,manjhanpur uttar pradesh
Mihona,Madhya Pradesh,26.28373,78.98048,16935,Asia/Kolkata,mihona madhya pradesh
Gothara,Rajasthan,28.0662,75.81772,16933,Asia/Kolkata,gothara rajasthan
Mākum,Arunachal Pradesh,27.48652,95.43646,16923,Asia/Kolkata,mākum arunachal pradesh
Kalghatgi,Karnataka,15.18315,74.97099,16917,Asia/Kolkata,kalghatgi karnataka
Tanakpur,Uttarakhand,29.074,80.11139,16905,Asia/Kolkata,tanakpur uttarakhand
Eruvatti,Kerala,11.80621,75.53023,16905,Asia/Kolkata,eruvatti kerala
Merta Road,Rajasthan,26.72269,73.91762,16905,Asia/Kolkata,merta road rajasthan
Undera,Goa,22.34835,73.13313,16902,Asia/Kolkata,undera goa
Khed,Maharashtra,17.71888,73.39693,16892,Asia/Kolkata,khed maharashtra
Sultanpur,Punjab,31.21468,75.19602,16877,Asia/Kolkata,sultanpur punjab
Kutiyāna,Goa,21.6241,69.98494,16877,Asia/Kolkata,kutiyāna goa
Ahor,Rajasthan,25.3687,72.78038,16867,Asia/Kolkata,ahor rajasthan
Sirālkoppa,Karnataka,14.3807,75.25007,16864,Asia/Kolkata,sirālkoppa karnataka
Sithurajapuram,Tamil Nadu,9.42137,77.78732,16860,Asia/Kolkata,sithurajapuram tamil nadu
Vandalūr,Tamil Nadu,12.8924,80.08079,16852,Asia/Kolkata,vandalūr tamil nadu
Moreh,Manipur,24.2508,94.30073,16847,Asia/Kolkata,moreh manipur
Chelamartam,Kerala,10.13711,76.45696,16844,Asia/Kolkata,chelamartam kerala
Challapalle,Andhra Pradesh,16.11756,80.93139,16841,Asia/Kolkata,challapalle andhra pradesh
Konārka,Odisha,19.89021,86.09761,16834,Asia/Kolkata,konārka odisha
Gandevi,Goa,20.81214,72.99811,16827,Asia/Kolkata,gandevi goa
Āchāripallam Vāniyakudi,Tamil Nadu,8.17428,77.38486,16822,Asia/Kolkata,āchāripallam vāniyakudi tamil nadu
Peralassery,Kerala,11.83223,75.48252,16821,Asia/Kolkata,peralassery kerala
Bara Uchāna,Gujarat,29.46747,76.17798,16815,Asia/Kolkata,bara uchāna gujarat
Kāmākhyānagar,Odisha,20.93385,85.54489,16810,Asia/Kolkata,kāmākhyānagar odisha
Arkalgūd,Karnataka,12.76171,76.06035,16810,Asia/Kolkata,arkalgūd karnataka
Budhni,Madhya Pradesh,22.78659,77.68109,16808,Asia/Kolkata,budhni madhya pradesh
Pinarāyi,Kerala,11.8049,75.481,16801,Asia/Kolkata,pinarāyi kerala
Pāchchal,Tamil Nadu,12.51115,78.55524,16789,Asia/Kolkata,pāchchal tamil nadu
Navalpattu,Tamil Nadu,10.75051,78.77626,16788,Asia/Kolkata,navalpattu tamil nadu
Vathirairuppu,Tamil Nadu,9.63528,77.63889,16784,Asia/Kolkata,vathirairuppu tamil nadu
Bāwal,Gujarat,28.07184,76.58312,16776,Asia/Kolkata,bāwal gujarat
Hanumana,Madhya Pradesh,24.77888,82.096,16771,Asia/Kolkata,hanumana madhya pradesh
Porathissery,Kerala,10.37638,76.20149,16768,Asia/Kolkata,porathissery kerala
Vallam,Tamil Nadu,10.71988,79.05981,16758,Asia/Kolkata,vallam tamil nadu
Āmta,West Bengal,22.58344,88.01039,16753,Asia/Kolkata,āmta west bengal
Vāda,Maharashtra,19.65347,73.14811,16750,Asia/Kolkata,vāda maharashtra
Kadod,Goa,21.21717,73.21972,16747,Asia/Kolkata,kadod goa
Valavanur,Tamil Nadu,11.92094,79.58239,16745,Asia/Kolkata,valavanur tamil nadu
Khapat,Goa,21.65414,69.61259,16744,Asia/Kolkata,khapat goa
Bābai,Madhya Pradesh,22.70256,77.93494,16741,Asia/Kolkata,bābai madhya pradesh
Andada,Goa,21.65588,73.02151,16730,Asia/Kolkata,andada goa
Beri Khās,Gujarat,28.70146,76.57708,16727,Asia/Kolkata,beri khās gujarat
Dera Māndi,Delhi,28.43597,77.17601,16725,Asia/Kolkata,dera māndi delhi
Chanaje,Maharashtra,18.86131,72.95257,16714,Asia/Kolkata,chanaje maharashtra
Sāmbūrvadakara,Tamil Nadu,8.99856,77.38763,16709,Asia/Kolkata,sāmbūrvadakara tamil nadu
Thorapadi,Tamil Nadu,12.89154,79.12381,16700,Asia/Kolkata,thorapadi tamil nadu
Karingal,Tamil Nadu,8.23634,77.24256,16691,Asia/Kolkata,karingal tamil nadu
Nal Khera,Madhya Pradesh,23.83602,76.24316,16690,Asia/Kolkata,nal khera madhya pradesh
Piriyāpatna,Karnataka,12.33497,76.10073,16685,Asia/Kolkata,piriyāpatna karnataka
Nohsa,Bihar,25.56528,85.05599,16680,Asia/Kolkata,nohsa bihar
Phaphūnd,Uttar Pradesh,26.59888,79.46437,16675,Asia/Kolkata,phaphūnd uttar pradesh
Sarangpore,Goa,21.63585,73.04752,16671,Asia/Kolkata,sarangpore goa
Babrāla,Uttar Pradesh,28.26419,78.4056,16670,Asia/Kolkata,babrāla uttar pradesh
Vīrnūr,Tamil Nadu,11.84433,77.8473,16665,Asia/Kolkata,vīrnūr tamil nadu
Ajaigarh,Madhya Pradesh,24.89879,80.25921,16656,Asia/Kolkata,ajaigarh madhya pradesh
Baihar,Madhya Pradesh,22.10133,80.54967,16650,Asia/Kolkata,baihar madhya pradesh
Malīhābād,Uttar Pradesh,26.92223,80.71078,16649,Asia/Kolkata,malīhābād uttar pradesh
Jhūsi,Uttar Pradesh,25.43745,81.9055,16642,Asia/Kolkata,jhūsi uttar pradesh
Trajpar,Goa,22.81567,70.86653,16637,Asia/Kolkata,trajpar goa
Pudusseri,Kerala,10.75824,76.78594,16629,Asia/Kolkata,pudusseri kerala
Pattamadai,Tamil Nadu,8.67258,77.58447,16625,Asia/Kolkata,pattamadai tamil nadu
Cuncolim,Goa,15.1773,73.99392,16623,Asia/Kolkata,cuncolim goa
Pathalgaon,Unknown,22.55656,83.46355,16613,Asia/Kolkata,pathalgaon unknown
Āsind,Rajasthan,25.7342,74.33278,16611,Asia/Kolkata,āsind rajasthan
Baliguda,Odisha,20.19966,83.90938,16611,Asia/Kolkata,baliguda odisha
Vāghodia,Goa,22.30505,73.40016,16604,Asia/Kolkata,vāghodia goa
Nazareth,Tamil Nadu,8.56102,77.97214,16584,Asia/Kolkata,nazareth tamil nadu
Samurou,Manipur,24.70095,93.90332,16582,Asia/Kolkata,samurou manipur
Madhuban,Tripura,23.78152,91.28579,16579,Asia/Kolkata,madhuban tripura
Lālpettai,Tamil Nadu,11.30088,79.55612,16561,Asia/Kolkata,lālpettai tamil nadu
Sālūmbar,Rajasthan,24.13524,74.04442,16557,Asia/Kolkata,sālūmbar rajasthan
Sonkach,Madhya Pradesh,22.97166,76.34667,16545,Asia/Kolkata,sonkach madhya pradesh
Jāmbai,Tamil Nadu,11.46775,77.64339,16522,Asia/Kolkata,jāmbai tamil nadu
Chāndāmeta,Madhya Pradesh,22.19093,78.73032,16497,Asia/Kolkata,chāndāmeta madhya pradesh
Khātra,West Bengal,22.97617,86.85462,16484,Asia/Kolkata,khātra west bengal
Gorāya,Punjab,31.12411,75.7724,16462,Asia/Kolkata,gorāya punjab
Sundakkāmpālaiyam,Tamil Nadu,10.56659,77.21354,16459,Asia/Kolkata,sundakkāmpālaiyam tamil nadu
Sindkhed Raja,Maharashtra,19.95363,76.12637,16434,Asia/Kolkata,sindkhed raja maharashtra
Susner,Madhya Pradesh,23.94667,76.08825,16432,Asia/Kolkata,susner madhya pradesh
Bharwāri,Uttar Pradesh,25.56078,81.49164,16411,Asia/Kolkata,bharwāri uttar pradesh
Chendrappini,Kerala,10.35552,76.1282,16404,Asia/Kolkata,chendrappini kerala
Rāni Khera,Delhi,28.70604,77.02584,16402,Asia/Kolkata,rāni khera delhi
Bhainsdehi,Madhya Pradesh,21.64491,77.63023,16400,Asia/Kolkata,bhainsdehi madhya pradesh
Kankauli,Maharashtra,16.26609,73.71217,16398,Asia/Kolkata,kankauli maharashtra
Gokavaram,Andhra Pradesh,17.25823,81.84985,16389,Asia/Kolkata,gokavaram andhra pradesh
Padampur,Odisha,20.99932,83.06325,16387,Asia/Kolkata,padampur odisha
Curti,Goa,15.41667,74.01667,16385,Asia/Kolkata,curti goa
Nambiyūr,Tamil Nadu,11.35811,77.32115,16379,Asia/Kolkata,nambiyūr tamil nadu
Lochapada,Odisha,19.32873,84.80065,16377,Asia/Kolkata,lochapada odisha
Bargūr,Tamil Nadu,12.54288,78.35735,16366,Asia/Kolkata,bargūr tamil nadu
Dharampuri,Madhya Pradesh,22.14951,75.34439,16363,Asia/Kolkata,dharampuri madhya pradesh
Shopian,Jammu and Kashmir,33.71723,74.83413,16360,Asia/Kolkata,shopian jammu and kashmir
Mūllānpur,Punjab,30.85457,75.66089,16356,Asia/Kolkata,mūllānpur punjab
Ūttukuli,Tamil Nadu,10.65193,76.9778,16354,Asia/Kolkata,ūttukuli tamil nadu
Kandāri,Maharashtra,21.06076,75.8098,16353,Asia/Kolkata,kandāri maharashtra
Khada,Uttar Pradesh,27.18333,83.88333,16350,Asia/Kolkata,khada uttar pradesh
Jasidih,Unknown,24.51379,86.64576,16338,Asia/Kolkata,jasidih unknown
Kargil,Ladakh,34.55765,76.12622,16338,Asia/Kolkata,kargil ladakh
Kotapārh,Unknown,19.14256,82.32536,16326,Asia/Kolkata,kotapārh unknown
Tikri Kalān,Delhi,28.68355,76.97007,16313,Asia/Kolkata,tikri kalān delhi
Chākuliā,Unknown,22.48301,86.71793,16306,Asia/Kolkata,chākuliā unknown
Shāhgarh,Madhya Pradesh,24.31365,79.11806,16300,Asia/Kolkata,shāhgarh madhya pradesh
Kadamakudi,Kerala,10.06416,76.24565,16295,Asia/Kolkata,kadamakudi kerala
Annāmalainagar,Tamil Nadu,11.4,79.73333,16289,Asia/Kolkata,annāmalainagar tamil nadu
Āmbāsa,Tripura,23.936,91.85436,16285,Asia/Kolkata,āmbāsa tripura
Arumanai,Tamil Nadu,8.36696,77.24333,16283,Asia/Kolkata,arumanai tamil nadu
Anandpur,Punjab,31.23926,76.50253,16282,Asia/Kolkata,anandpur punjab
Omalur,Tamil Nadu,11.74099,78.04559,16279,Asia/Kolkata,omalur tamil nadu
Hatti,Karnataka,16.19836,76.66037,16278,Asia/Kolkata,hatti karnataka
Chennimalai,Tamil Nadu,11.16378,77.60388,16268,Asia/Kolkata,chennimalai tamil nadu
Madukkūr,Tamil Nadu,10.48098,79.39939,16266,Asia/Kolkata,madukkūr tamil nadu
Bahula,West Bengal,23.65176,87.16475,16264,Asia/Kolkata,bahula west bengal
Ayyampettāi,Tamil Nadu,10.90141,79.17984,16263,Asia/Kolkata,ayyampettāi tamil nadu
Naroli,52,20.27354,72.94167,16260,Asia/Kolkata,naroli 52
Nūh,Gujarat,28.10296,77.00144,16260,Asia/Kolkata,nūh gujarat
Thimiri,Tamil Nadu,12.82828,79.30792,16246,Asia/Kolkata,thimiri tamil nadu
Ellakkudi,Tamil Nadu,10.80603,78.75031,16244,Asia/Kolkata,ellakkudi tamil nadu
Kamalganj,Uttar Pradesh,27.26181,79.63134,16222,Asia/Kolkata,kamalganj uttar pradesh
Bhikangaon,Madhya Pradesh,21.86764,75.96391,16217,Asia/Kolkata,bhikangaon madhya pradesh
Neelagiri,Tamil Nadu,10.75943,79.09337,16197,Asia/Kolkata,neelagiri tamil nadu
Jalakandapuram,Tamil Nadu,11.69779,77.87298,16184,Asia/Kolkata,jalakandapuram tamil nadu
Mullānwāla,Punjab,31.06189,74.82277,16183,Asia/Kolkata,mullānwāla punjab
Pandaria,Unknown,22.22495,81.40994,16165,Asia/Kolkata,pandaria unknown
Thiruvaiyaru,Tamil Nadu,10.88405,79.10362,16164,Asia/Kolkata,thiruvaiyaru tamil nadu
Elandakuttai,Tamil Nadu,11.40598,77.77501,16160,Asia/Kolkata,elandakuttai tamil nadu
Sānwer,Madhya Pradesh,22.97415,75.8271,16150,Asia/Kolkata,sānwer madhya pradesh
Nallavila,Tamil Nadu,8.20549,77.34439,16138,Asia/Kolkata,nallavila tamil nadu
Kāmayakkavundanpatti,Tamil Nadu,9.73861,77.31999,16134,Asia/Kolkata,kāmayakkavundanpatti tamil nadu
Bījāpur,Unknown,18.79387,80.81599,16129,Asia/Kolkata,bījāpur unknown
Kuthalam,Tamil Nadu,11.07431,79.56222,16125,Asia/Kolkata,kuthalam tamil nadu
Chengalam,Kerala,9.59657,76.46776,16111,Asia/Kolkata,chengalam kerala
Cherukunnu,Kerala,11.99564,75.28717,16111,Asia/Kolkata,cherukunnu kerala
Kuda,Nagaland,25.89086,93.7388,16108,Asia/Kolkata,kuda nagaland
Chevvoor,Kerala,10.45862,76.2088,16086,Asia/Kolkata,chevvoor kerala
Vāniyamkulam,Kerala,10.78303,76.33358,16085,Asia/Kolkata,vāniyamkulam kerala
Tevāram,Tamil Nadu,9.89666,77.28092,16079,Asia/Kolkata,tevāram tamil nadu
Bhiloda,Goa,23.7676,73.24704,16074,Asia/Kolkata,bhiloda goa
Shāhi,Uttar Pradesh,28.55023,79.31761,16064,Asia/Kolkata,shāhi uttar pradesh
Kedia,Unknown,23.79454,85.58724,16054,Asia/Kolkata,kedia unknown
Simga,Unknown,21.6281,81.70376,16027,Asia/Kolkata,simga unknown
Kandamkunnu,Kerala,11.86948,75.58079,16025,Asia/Kolkata,kandamkunnu kerala
Kudāl,Maharashtra,16.01148,73.68867,16015,Asia/Kolkata,kudāl maharashtra
Utnūr,Telangana,19.36798,78.77608,16005,Asia/Kolkata,utnūr telangana
Hindoria,Madhya Pradesh,23.90345,79.56861,16001,Asia/Kolkata,hindoria madhya pradesh
Betma,Madhya Pradesh,22.68653,75.61456,15999,Asia/Kolkata,betma madhya pradesh
Vellakkinar,Tamil Nadu,11.07364,76.95663,15998,Asia/Kolkata,vellakkinar tamil nadu
Kappiyara,Tamil Nadu,8.24661,77.26171,15998,Asia/Kolkata,kappiyara tamil nadu
Balaungi,Punjab,30.73058,76.69368,15982,Asia/Kolkata,balaungi punjab
Hājo,Arunachal Pradesh,26.2452,91.52525,15977,Asia/Kolkata,hājo arunachal pradesh
Māliya,Goa,23.09296,70.75885,15964,Asia/Kolkata,māliya goa
Kombai,Tamil Nadu,9.84745,77.29603,15960,Asia/Kolkata,kombai tamil nadu
Asāra,Uttar Pradesh,29.24714,77.30886,15959,Asia/Kolkata,asāra uttar pradesh
Koothappar,Tamil Nadu,10.79709,78.79231,15943,Asia/Kolkata,koothappar tamil nadu
Udalguri,Arunachal Pradesh,26.75367,92.10215,15935,Asia/Kolkata,udalguri arunachal pradesh
Vaso,Goa,22.66079,72.75519,15934,Asia/Kolkata,vaso goa
Chānasma,Goa,23.71472,72.11279,15932,Asia/Kolkata,chānasma goa
Boothapandi,Tamil Nadu,8.26586,77.44606,15931,Asia/Kolkata,boothapandi tamil nadu
Bharanikāvu Tekku,Kerala,9.18485,76.56076,15922,Asia/Kolkata,bharanikāvu tekku kerala
Rura,Uttar Pradesh,26.49001,79.90108,15908,Asia/Kolkata,rura uttar pradesh
Bunjwah,Jammu and Kashmir,33.14584,75.9479,15899,Asia/Kolkata,bunjwah jammu and kashmir
Chandia,Madhya Pradesh,23.65647,80.70911,15891,Asia/Kolkata,chandia madhya pradesh
Vijayapuri North,Telangana,16.58534,79.32046,15887,Asia/Kolkata,vijayapuri north telangana
Khaniādhāna,Madhya Pradesh,25.02983,78.12709,15877,Asia/Kolkata,khaniādhāna madhya pradesh
Kannampālaiyam,Tamil Nadu,10.99544,77.09904,15868,Asia/Kolkata,kannampālaiyam tamil nadu
Pipraich,Uttar Pradesh,26.82745,83.52632,15856,Asia/Kolkata,pipraich uttar pradesh
Abhayāpuri,Arunachal Pradesh,26.32255,90.68526,15847,Asia/Kolkata,abhayāpuri arunachal pradesh
Srivaikuntam,Tamil Nadu,8.62931,77.91281,15847,Asia/Kolkata,srivaikuntam tamil nadu
Sunel,Rajasthan,24.37065,75.95708,15840,Asia/Kolkata,sunel rajasthan
Sisauli,Uttar Pradesh,29.41386,77.4689,15837,Asia/Kolkata,sisauli uttar pradesh
Unhel,Madhya Pradesh,23.33794,75.55931,15837,Asia/Kolkata,unhel madhya pradesh
Marattakara,Kerala,10.47327,76.25577,15817,Asia/Kolkata,marattakara kerala
Vadakkēkkād,Kerala,10.66354,76.00326,15811,Asia/Kolkata,vadakkēkkād kerala
Domchānch,Unknown,24.47484,85.69213,15809,Asia/Kolkata,domchānch unknown
Molakālumuru,Karnataka,14.71783,76.74677,15797,Asia/Kolkata,molakālumuru karnataka
Jalda,Odisha,22.1872,84.84359,15789,Asia/Kolkata,jalda odisha
Jodiya Bandar,Goa,22.71667,70.28333,15788,Asia/Kolkata,jodiya bandar goa
Dera Colliery Township,Odisha,20.95283,85.17174,15787,Asia/Kolkata,dera colliery township odisha
Holalkere,Karnataka,14.04295,76.18496,15783,Asia/Kolkata,holalkere karnataka
Dumra,Bihar,26.56708,85.5204,15778,Asia/Kolkata,dumra bihar
Mennānyam,Kerala,11.5579,75.75964,15768,Asia/Kolkata,mennānyam kerala
Sonpet,Maharashtra,19.02594,76.47394,15765,Asia/Kolkata,sonpet maharashtra
Binika,Odisha,21.02626,83.81197,15765,Asia/Kolkata,binika odisha
Dhārni,Madhya Pradesh,21.55333,76.88972,15761,Asia/Kolkata,dhārni madhya pradesh
Bāngarda,Madhya Pradesh,22.7592,75.79536,15761,Asia/Kolkata,bāngarda madhya pradesh
Thandla,Madhya Pradesh,23.00959,74.57747,15756,Asia/Kolkata,thandla madhya pradesh
Khuldābād,Maharashtra,20.00671,75.19245,15749,Asia/Kolkata,khuldābād maharashtra
Elumalai,Tamil Nadu,9.86501,77.69923,15746,Asia/Kolkata,elumalai tamil nadu
Khetia,Maharashtra,21.67124,74.58535,15744,Asia/Kolkata,khetia maharashtra
Bhudgaon,Maharashtra,16.90742,74.59954,15738,Asia/Kolkata,bhudgaon maharashtra
Khusropur,Bihar,25.48174,85.38492,15731,Asia/Kolkata,khusropur bihar
Yerkhera,Maharashtra,21.21649,79.18545,15727,Asia/Kolkata,yerkhera maharashtra
Khatīma,Uttarakhand,28.92134,79.97075,15714,Asia/Kolkata,khatīma uttarakhand
Dāpoli,Maharashtra,17.75927,73.18816,15713,Asia/Kolkata,dāpoli maharashtra
Bari Sādri,Rajasthan,24.41339,74.47331,15713,Asia/Kolkata,bari sādri rajasthan
Kumārapālaiyam,Tamil Nadu,11.5021,77.25554,15706,Asia/Kolkata,kumārapālaiyam tamil nadu
Kabilpor,Goa,20.95078,72.9583,15699,Asia/Kolkata,kabilpor goa
Periyapatti,Tamil Nadu,11.20516,78.15118,15690,Asia/Kolkata,periyapatti tamil nadu
Yamjāl,Telangana,17.26944,78.57667,15689,Asia/Kolkata,yamjāl telangana
Rāhon,Punjab,31.05275,76.11907,15676,Asia/Kolkata,rāhon punjab
Vadakāncheri,Kerala,10.66039,76.24656,15674,Asia/Kolkata,vadakāncheri kerala
Bagar,Rajasthan,28.18784,75.50012,15670,Asia/Kolkata,bagar rajasthan
Manaveli,Puducherry,11.89091,79.81037,15666,Asia/Kolkata,manaveli puducherry
Manthani,Telangana,18.65087,79.66501,15661,Asia/Kolkata,manthani telangana
Vidyavihar,Rajasthan,28.36812,75.58398,15644,Asia/Kolkata,vidyavihar rajasthan
Neb Sarai,Delhi,28.50841,77.20063,15640,Asia/Kolkata,neb sarai delhi
Lakhipur,Arunachal Pradesh,26.03001,90.30611,15633,Asia/Kolkata,lakhipur arunachal pradesh
Panangad,Kerala,10.27284,76.17475,15630,Asia/Kolkata,panangad kerala
Chokkanāthapuram,Tamil Nadu,9.99207,77.35657,15625,Asia/Kolkata,chokkanāthapuram tamil nadu
Kamatgi,Maharashtra,16.07786,75.81321,15620,Asia/Kolkata,kamatgi maharashtra
Khūtār,Uttar Pradesh,28.20307,80.27046,15618,Asia/Kolkata,khūtār uttar pradesh
Sātalkheri,Rajasthan,24.65218,75.99826,15617,Asia/Kolkata,sātalkheri rajasthan
Maval,Maharashtra,18.75527,73.44428,15612,Asia/Kolkata,maval maharashtra
Kasāra,Maharashtra,19.6451,73.47434,15611,Asia/Kolkata,kasāra maharashtra
Baben,Goa,21.13725,73.09647,15610,Asia/Kolkata,baben goa
Nārāyankher,Telangana,18.03413,77.77284,15610,Asia/Kolkata,nārāyankher telangana
Agaram,Tamil Nadu,10.44325,77.94848,15610,Asia/Kolkata,agaram tamil nadu
Salangaippālaiyam,Tamil Nadu,11.42599,77.57074,15609,Asia/Kolkata,salangaippālaiyam tamil nadu
Baberu,Uttar Pradesh,25.54711,80.70443,15607,Asia/Kolkata,baberu uttar pradesh
Danta,Rajasthan,27.29636,75.18665,15594,Asia/Kolkata,danta rajasthan
Bādshāhpur,Gujarat,28.39317,77.04919,15593,Asia/Kolkata,bādshāhpur gujarat
Haripād,Kerala,9.28358,76.45519,15588,Asia/Kolkata,haripād kerala
Gulgam,Jammu and Kashmir,34.55005,74.21729,15587,Asia/Kolkata,gulgam jammu and kashmir
Kuchinda,Odisha,21.74356,84.34848,15576,Asia/Kolkata,kuchinda odisha
Kompalli,Telangana,17.54499,78.48836,15575,Asia/Kolkata,kompalli telangana
Husainpur,Punjab,31.31185,75.32172,15575,Asia/Kolkata,husainpur punjab
Kalher,Maharashtra,19.24724,73.01515,15573,Asia/Kolkata,kalher maharashtra
Toshām,Gujarat,28.86993,75.9165,15559,Asia/Kolkata,toshām gujarat
Ponmana,Tamil Nadu,8.35525,77.3283,15554,Asia/Kolkata,ponmana tamil nadu
Sanjan,Goa,20.19165,72.81827,15544,Asia/Kolkata,sanjan goa
Bilsanda,Uttar Pradesh,28.24341,79.95135,15538,Asia/Kolkata,bilsanda uttar pradesh
Leteri,Madhya Pradesh,24.05979,77.40858,15519,Asia/Kolkata,leteri madhya pradesh
Vettavalam,Tamil Nadu,12.10769,79.24516,15506,Asia/Kolkata,vettavalam tamil nadu
Mani Mājra,Gujarat,30.71397,76.83824,15489,Asia/Kolkata,mani mājra gujarat
Kurwai,Madhya Pradesh,24.11722,78.03833,15487,Asia/Kolkata,kurwai madhya pradesh
Taranagar,Tripura,23.96877,91.37081,15481,Asia/Kolkata,taranagar tripura
Kosigi,Andhra Pradesh,15.8551,77.24463,15455,Asia/Kolkata,kosigi andhra pradesh
Brāhmanān di Bāri,Jammu and Kashmir,32.64398,74.91099,15453,Asia/Kolkata,brāhmanān di bāri jammu and kashmir
Tindal,Tamil Nadu,11.31691,77.67422,15440,Asia/Kolkata,tindal tamil nadu
Kalugumalai,Tamil Nadu,9.14941,77.70569,15423,Asia/Kolkata,kalugumalai tamil nadu
Tīrthahalli,Karnataka,13.68835,75.24548,15422,Asia/Kolkata,tīrthahalli karnataka
Ajeetgarh,Rajasthan,27.41933,75.82143,15414,Asia/Kolkata,ajeetgarh rajasthan
Parvatsar,Rajasthan,26.88604,74.76602,15405,Asia/Kolkata,parvatsar rajasthan
Kachhwa,Uttar Pradesh,25.20615,82.71442,15381,Asia/Kolkata,kachhwa uttar pradesh
Rāmachandrapuran,Telangana,17.51258,78.28854,15381,Asia/Kolkata,rāmachandrapuran telangana
Rāmpur,Odisha,21.07351,84.34095,15379,Asia/Kolkata,rāmpur odisha
Sāyla,Goa,22.54925,71.48324,15376,Asia/Kolkata,sāyla goa
Seoni Chhapāra,Madhya Pradesh,22.39388,79.54236,15371,Asia/Kolkata,seoni chhapāra madhya pradesh
Purushottampur,Odisha,19.52024,84.88514,15366,Asia/Kolkata,purushottampur odisha
Bāh,Uttar Pradesh,26.86912,78.59385,15359,Asia/Kolkata,bāh uttar pradesh
Kanhirode,Kerala,11.91842,75.4645,15353,Asia/Kolkata,kanhirode kerala
Davorlim,Goa,15.27221,73.99242,15350,Asia/Kolkata,davorlim goa
Dornakal,Telangana,17.44475,80.14905,15350,Asia/Kolkata,dornakal telangana
Morampudi,Andhra Pradesh,16.98005,81.83715,15346,Asia/Kolkata,morampudi andhra pradesh
Penha de França,Goa,15.51705,73.83537,15342,Asia/Kolkata,penha de frança goa
Kanchanpur,Tripura,24.03592,92.19959,15341,Asia/Kolkata,kanchanpur tripura
Badgām,Jammu and Kashmir,34.01524,74.72074,15338,Asia/Kolkata,badgām jammu and kashmir
Pappinivattom,Kerala,10.29372,76.15835,15336,Asia/Kolkata,pappinivattom kerala
Pālaiyam,Tamil Nadu,10.72561,78.13538,15336,Asia/Kolkata,pālaiyam tamil nadu
Mīrganj,Uttar Pradesh,28.54012,79.20817,15335,Asia/Kolkata,mīrganj uttar pradesh
Kushālnagar,Karnataka,12.45795,75.95904,15326,Asia/Kolkata,kushālnagar karnataka
Dārāsuram,Tamil Nadu,10.9499,79.35607,15326,Asia/Kolkata,dārāsuram tamil nadu
Sayan,Goa,21.31977,72.88167,15324,Asia/Kolkata,sayan goa
Bhauri,Rajasthan,24.66094,72.91401,15312,Asia/Kolkata,bhauri rajasthan
Kāthor,Goa,21.28854,72.9407,15311,Asia/Kolkata,kāthor goa
Villukuri,Tamil Nadu,8.2226,77.37323,15304,Asia/Kolkata,villukuri tamil nadu
Bāonlī,Rajasthan,26.32611,76.22829,15300,Asia/Kolkata,bāonlī rajasthan
Bāntva,Goa,21.48815,70.07576,15291,Asia/Kolkata,bāntva goa
Chimbel,Goa,15.49261,73.87474,15289,Asia/Kolkata,chimbel goa
Dalkola,West Bengal,25.87577,87.84009,15285,Asia/Kolkata,dalkola west bengal
Srīvardhan,Maharashtra,18.04592,73.01552,15279,Asia/Kolkata,srīvardhan maharashtra
Vilattikulam,Tamil Nadu,9.13227,78.16635,15277,Asia/Kolkata,vilattikulam tamil nadu
Koratagere,Karnataka,13.522,77.2373,15265,Asia/Kolkata,koratagere karnataka
Thekkumkara,Kerala,10.28194,76.21322,15258,Asia/Kolkata,thekkumkara kerala
Bommasandra Industrial Area,Karnataka,12.81774,77.68415,15254,Asia/Kolkata,bommasandra industrial area karnataka
Kudali,Kerala,11.91982,75.47218,15236,Asia/Kolkata,kudali kerala
Yadagirigutta,Telangana,17.58894,78.94336,15232,Asia/Kolkata,yadagirigutta telangana
Mūlanūr,Tamil Nadu,10.79426,77.7115,15223,Asia/Kolkata,mūlanūr tamil nadu
Ichhāwar,Madhya Pradesh,23.02816,77.01729,15221,Asia/Kolkata,ichhāwar madhya pradesh
Sāram,Unknown,23.76254,85.83003,15212,Asia/Kolkata,sāram unknown
Jugiāl,Punjab,32.36839,75.67819,15210,Asia/Kolkata,jugiāl punjab
Goniāna Mandi,Punjab,30.31679,74.91254,15208,Asia/Kolkata,goniāna mandi punjab
Gangolli,Karnataka,13.65024,74.67072,15200,Asia/Kolkata,gangolli karnataka
R.S. Pora,Jammu and Kashmir,32.60591,74.7334,15197,Asia/Kolkata,r.s. pora jammu and kashmir
Niz-Hajo,Arunachal Pradesh,26.24942,91.5243,15188,Asia/Kolkata,niz-hajo arunachal pradesh
Kīlattingal,Kerala,8.69264,76.79332,15185,Asia/Kolkata,kīlattingal kerala
Kangeyanallur,Tamil Nadu,12.95081,79.15062,15177,Asia/Kolkata,kangeyanallur tamil nadu
Buguda,Odisha,19.80806,84.79084,15176,Asia/Kolkata,buguda odisha
Khāpa,Maharashtra,21.42243,78.98168,15175,Asia/Kolkata,khāpa maharashtra
Petlāwad,Madhya Pradesh,23.01102,74.79772,15174,Asia/Kolkata,petlāwad madhya pradesh
Mahabalipuram,Tamil Nadu,12.62091,80.19331,15172,Asia/Kolkata,mahabalipuram tamil nadu
Ghantapada,Odisha,20.93453,85.18788,15169,Asia/Kolkata,ghantapada odisha
Sultan Pur,Delhi,28.49555,77.16112,15160,Asia/Kolkata,sultan pur delhi
Lormi,Unknown,22.27434,81.70181,15156,Asia/Kolkata,lormi unknown
Ottakkadai,Tamil Nadu,9.95795,78.18863,15152,Asia/Kolkata,ottakkadai tamil nadu
Korwai,Madhya Pradesh,24.11774,78.04007,15136,Asia/Kolkata,korwai madhya pradesh
Kenda,West Bengal,23.1959,86.51499,15131,Asia/Kolkata,kenda west bengal
Pupri,Bihar,26.47079,85.70311,15129,Asia/Kolkata,pupri bihar
Karamuck,Kerala,10.48421,76.10445,15129,Asia/Kolkata,karamuck kerala
Āyikudi,Tamil Nadu,9.00322,77.34494,15129,Asia/Kolkata,āyikudi tamil nadu
Shrivardhan,Maharashtra,18.05318,73.0011,15123,Asia/Kolkata,shrivardhan maharashtra
Saligram,Karnataka,13.49908,74.70943,15123,Asia/Kolkata,saligram karnataka
Garot,Madhya Pradesh,24.32342,75.65204,15122,Asia/Kolkata,garot madhya pradesh
Phek,Manipur,25.66667,94.5,15118,Asia/Kolkata,phek manipur
Sorada,Odisha,19.76082,84.42997,15117,Asia/Kolkata,sorada odisha
Kizhariyūr,Kerala,11.4982,75.68069,15116,Asia/Kolkata,kizhariyūr kerala
Kharhiāl,Odisha,20.28845,82.7606,15087,Asia/Kolkata,kharhiāl odisha
Tirunāgeswaram,Tamil Nadu,10.96464,79.4293,15082,Asia/Kolkata,tirunāgeswaram tamil nadu
Naraini,Madhya Pradesh,25.19033,80.475,15077,Asia/Kolkata,naraini madhya pradesh
Lālpur,Goa,22.19073,69.96351,15076,Asia/Kolkata,lālpur goa
Amīngarh,Karnataka,16.05662,75.94773,15073,Asia/Kolkata,amīngarh karnataka
Panth Pīplia,Madhya Pradesh,24.19511,75.00603,15070,Asia/Kolkata,panth pīplia madhya pradesh
Usehat,Uttar Pradesh,27.79796,79.23763,15068,Asia/Kolkata,usehat uttar pradesh
Ālūr,Tamil Nadu,8.19311,77.36428,15063,Asia/Kolkata,ālūr tamil nadu
Pachperwa,Uttar Pradesh,27.51234,82.64297,15056,Asia/Kolkata,pachperwa uttar pradesh
Sumbal,Jammu and Kashmir,34.23072,74.6472,15041,Asia/Kolkata,sumbal jammu and kashmir
Misrikh,Uttar Pradesh,27.43137,80.53157,15007,Asia/Kolkata,misrikh uttar pradesh
Ūn,Uttar Pradesh,29.58479,77.2554,15007,Asia/Kolkata,ūn uttar pradesh
Kāveripatnam,Tamil Nadu,12.42186,78.2188,15006,Asia/Kolkata,kāveripatnam tamil nadu
Ahwa,Goa,20.75718,73.68626,15004,Asia/Kolkata,ahwa goa
Chakia,Uttar Pradesh,25.04891,83.22155,14999,Asia/Kolkata,chakia uttar pradesh
Loniya,Madhya Pradesh,22.06178,78.91258,14989,Asia/Kolkata,loniya madhya pradesh
Vagator,Goa,15.59766,73.74496,14986,Asia/Kolkata,vagator goa
Mukkūdal,Tamil Nadu,8.74312,77.5225,14983,Asia/Kolkata,mukkūdal tamil nadu
Chingoli,Kerala,9.25035,76.45197,14981,Asia/Kolkata,chingoli kerala
Perole,Kerala,12.25729,75.1393,14965,Asia/Kolkata,perole kerala
Churhat,Madhya Pradesh,24.42743,81.66948,14962,Asia/Kolkata,churhat madhya pradesh
Bhucho Mandi,Punjab,30.21287,75.09688,14961,Asia/Kolkata,bhucho mandi punjab
Pandavarmangalam,Tamil Nadu,9.15332,77.88175,14954,Asia/Kolkata,pandavarmangalam tamil nadu
Sārangarh,Unknown,21.58614,83.0785,14954,Asia/Kolkata,sārangarh unknown
Mohiuddinnagar,Bihar,25.57374,85.66944,14938,Asia/Kolkata,mohiuddinnagar bihar
Chowwara,Kerala,10.12707,76.3871,14933,Asia/Kolkata,chowwara kerala
Yellāreddi,Telangana,18.19433,78.01777,14923,Asia/Kolkata,yellāreddi telangana
Biloli,Maharashtra,18.77385,77.72463,14923,Asia/Kolkata,biloli maharashtra
Kunnumma,Kerala,9.35672,76.41343,14918,Asia/Kolkata,kunnumma kerala
Maurānwān,Uttar Pradesh,26.42876,80.88008,14916,Asia/Kolkata,maurānwān uttar pradesh
Tāl,Madhya Pradesh,23.71979,75.38514,14913,Asia/Kolkata,tāl madhya pradesh
Diyodar,Goa,24.10871,71.77401,14912,Asia/Kolkata,diyodar goa
Thottiyam,Tamil Nadu,10.98998,78.33411,14909,Asia/Kolkata,thottiyam tamil nadu
Shelar,Maharashtra,19.32216,73.0677,14899,Asia/Kolkata,shelar maharashtra
Mehnagar,Uttar Pradesh,25.87889,83.11611,14897,Asia/Kolkata,mehnagar uttar pradesh
New Bongaigaon Railway Colony,Arunachal Pradesh,26.47716,90.53598,14896,Asia/Kolkata,new bongaigaon railway colony arunachal pradesh
Pānchgani,Maharashtra,17.92449,73.8008,14894,Asia/Kolkata,pānchgani maharashtra
Ghitorni,Delhi,28.49478,77.14403,14893,Asia/Kolkata,ghitorni delhi
Nawānshahr,Jammu and Kashmir,32.76505,74.52772,14884,Asia/Kolkata,nawānshahr jammu and kashmir
Bārālotā,Unknown,24.04017,84.08065,14880,Asia/Kolkata,bārālotā unknown
Palanisettipatti,Tamil Nadu,9.99976,77.46407,14879,Asia/Kolkata,palanisettipatti tamil nadu
Wangoi,Manipur,24.67486,93.89994,14878,Asia/Kolkata,wangoi manipur
Kalas,Maharashtra,18.17241,74.79045,14858,Asia/Kolkata,kalas maharashtra
Utrān,Goa,21.23333,72.86667,14855,Asia/Kolkata,utrān goa
Khānpur,Rajasthan,24.73241,76.39601,14854,Asia/Kolkata,khānpur rajasthan
Pelāwāl,Unknown,24.01582,85.33787,14848,Asia/Kolkata,pelāwāl unknown
Fatehgarh,Uttar Pradesh,27.36409,79.63111,14847,Asia/Kolkata,fatehgarh uttar pradesh
Kunjānpālaiyam,Tamil Nadu,11.58633,77.80112,14834,Asia/Kolkata,kunjānpālaiyam tamil nadu
Sādhaura,Gujarat,30.38541,77.22199,14818,Asia/Kolkata,sādhaura gujarat
Sidhpura,Uttar Pradesh,27.63312,78.86918,14815,Asia/Kolkata,sidhpura uttar pradesh
Yelbarga,Karnataka,15.61545,76.01184,14814,Asia/Kolkata,yelbarga karnataka
Khargāpur,Madhya Pradesh,24.823,79.144,14813,Asia/Kolkata,khargāpur madhya pradesh
Sayalgudi,Tamil Nadu,9.16925,78.44702,14801,Asia/Kolkata,sayalgudi tamil nadu
Quepem,Goa,15.2128,74.0772,14795,Asia/Kolkata,quepem goa
Nirsā,Unknown,23.78438,86.70692,14794,Asia/Kolkata,nirsā unknown
Mudukulathur,Tamil Nadu,9.34169,78.51388,14789,Asia/Kolkata,mudukulathur tamil nadu
Bānkner,Delhi,28.85252,77.07869,14788,Asia/Kolkata,bānkner delhi
Somāmpālaiyam,Tamil Nadu,11.04843,76.8973,14787,Asia/Kolkata,somāmpālaiyam tamil nadu
Suhāgi,Madhya Pradesh,23.2206,79.95691,14787,Asia/Kolkata,suhāgi madhya pradesh
Obra,Bihar,24.89103,84.37423,14786,Asia/Kolkata,obra bihar
Thiruvidaimaruthur,Tamil Nadu,10.99857,79.45227,14786,Asia/Kolkata,thiruvidaimaruthur tamil nadu
Soyatkalan,Madhya Pradesh,24.1886,76.1778,14781,Asia/Kolkata,soyatkalan madhya pradesh
Jetalsar,Goa,21.70891,70.57695,14771,Asia/Kolkata,jetalsar goa
Kondalwādi,Maharashtra,18.80727,77.77031,14770,Asia/Kolkata,kondalwādi maharashtra
Siddāpur,Karnataka,14.34322,74.894,14769,Asia/Kolkata,siddāpur karnataka
Kottaiyūr,Tamil Nadu,10.10956,78.7956,14766,Asia/Kolkata,kottaiyūr tamil nadu
Meethari Marwar,Rajasthan,27.57615,74.68661,14760,Asia/Kolkata,meethari marwar rajasthan
Panisagar,Tripura,24.25453,92.1486,14758,Asia/Kolkata,panisagar tripura
Satlapur,Madhya Pradesh,23.113,77.52657,14755,Asia/Kolkata,satlapur madhya pradesh
Kamuthi,Tamil Nadu,9.40732,78.37337,14754,Asia/Kolkata,kamuthi tamil nadu
Mādugula,Andhra Pradesh,17.91589,82.81578,14741,Asia/Kolkata,mādugula andhra pradesh
Kumārapuram,Tamil Nadu,8.29217,77.32145,14728,Asia/Kolkata,kumārapuram tamil nadu
Sakharkherda,Maharashtra,20.20563,76.39756,14719,Asia/Kolkata,sakharkherda maharashtra
Kupwāra,Jammu and Kashmir,34.03056,74.26417,14711,Asia/Kolkata,kupwāra jammu and kashmir
Mohān,Uttar Pradesh,26.78008,80.67497,14709,Asia/Kolkata,mohān uttar pradesh
Amloh,Punjab,30.60837,76.23199,14696,Asia/Kolkata,amloh punjab
Dongargaon,Unknown,20.97172,80.85077,14693,Asia/Kolkata,dongargaon unknown
Khānpur,Uttar Pradesh,28.53446,78.06546,14688,Asia/Kolkata,khānpur uttar pradesh
Nilaiyūr,Tamil Nadu,9.85721,78.05976,14684,Asia/Kolkata,nilaiyūr tamil nadu
Wālājābād,Tamil Nadu,12.79041,79.82358,14684,Asia/Kolkata,wālājābād tamil nadu
Kāmalāpuram,Andhra Pradesh,14.5983,78.66948,14677,Asia/Kolkata,kāmalāpuram andhra pradesh
Bhalpara,Goa,20.91369,70.38703,14676,Asia/Kolkata,bhalpara goa
Mānantheri,Kerala,11.84085,75.60932,14667,Asia/Kolkata,mānantheri kerala
Chhāwāla,Delhi,28.56277,77.00334,14662,Asia/Kolkata,chhāwāla delhi
Makhu,Punjab,31.10335,74.99631,14658,Asia/Kolkata,makhu punjab
Kandānisshēri,Kerala,10.59787,76.07583,14645,Asia/Kolkata,kandānisshēri kerala
Kodavasal,Tamil Nadu,10.86163,79.47965,14639,Asia/Kolkata,kodavasal tamil nadu
Sākoli,Maharashtra,21.08705,79.99145,14636,Asia/Kolkata,sākoli maharashtra
Kota,Uttar Pradesh,24.44643,83.13063,14632,Asia/Kolkata,kota uttar pradesh
Rajopatti urf Kota Bazar,Bihar,26.58406,85.50506,14631,Asia/Kolkata,rajopatti urf kota bazar bihar
Karambakkudi,Tamil Nadu,10.45866,79.14101,14626,Asia/Kolkata,karambakkudi tamil nadu
Pātan,Madhya Pradesh,23.28636,79.68962,14624,Asia/Kolkata,pātan madhya pradesh
Kankipādu,Andhra Pradesh,16.4353,80.76715,14616,Asia/Kolkata,kankipādu andhra pradesh
Ahiri,Maharashtra,19.41386,80.00359,14609,Asia/Kolkata,ahiri maharashtra
Gurh,Madhya Pradesh,24.50265,81.50037,14608,Asia/Kolkata,gurh madhya pradesh
Mauda,Maharashtra,21.14575,79.39794,14606,Asia/Kolkata,mauda maharashtra
Samsikāpuram,Tamil Nadu,9.41562,77.59173,14601,Asia/Kolkata,samsikāpuram tamil nadu
Chandāpuram,Tamil Nadu,8.15839,77.36458,14598,Asia/Kolkata,chandāpuram tamil nadu
Thazhakara,Kerala,9.25021,76.56741,14596,Asia/Kolkata,thazhakara kerala
Bariārpur,Bihar,25.28791,86.57643,14595,Asia/Kolkata,bariārpur bihar
Gautampura,Madhya Pradesh,22.98664,75.51921,14584,Asia/Kolkata,gautampura madhya pradesh
Kāveripāk,Tamil Nadu,12.90855,79.46222,14583,Asia/Kolkata,kāveripāk tamil nadu
Gamdi,Goa,22.5722,72.96818,14582,Asia/Kolkata,gamdi goa
Deorī,Maharashtra,21.06765,80.36746,14579,Asia/Kolkata,deorī maharashtra
Ammāpettai,Tamil Nadu,10.79476,79.31986,14572,Asia/Kolkata,ammāpettai tamil nadu
Gandhigram,Tripura,23.89198,91.28156,14572,Asia/Kolkata,gandhigram tripura
Vennandur,Tamil Nadu,11.51518,78.09073,14568,Asia/Kolkata,vennandur tamil nadu
Rājāsingamangalam,Tamil Nadu,9.63574,78.84613,14565,Asia/Kolkata,rājāsingamangalam tamil nadu
Nūrmahal,Punjab,31.09662,75.59386,14560,Asia/Kolkata,nūrmahal punjab
Vanthli,Goa,21.4774,70.33115,14554,Asia/Kolkata,vanthli goa
Sudnā,Unknown,24.05255,84.07202,14552,Asia/Kolkata,sudnā unknown
Deolimet,Maharashtra,21.15799,78.9679,14545,Asia/Kolkata,deolimet maharashtra
Tengampudūr,Tamil Nadu,8.11581,77.45789,14538,Asia/Kolkata,tengampudūr tamil nadu
Lakhtar,Goa,22.85683,71.78844,14534,Asia/Kolkata,lakhtar goa
Kākalūr,Tamil Nadu,13.13942,79.92872,14528,Asia/Kolkata,kākalūr tamil nadu
Jejūri,Maharashtra,18.27658,74.16008,14515,Asia/Kolkata,jejūri maharashtra
Rāya,Punjab,31.54235,75.23568,14506,Asia/Kolkata,rāya punjab
Majītha,Punjab,31.75711,74.95891,14503,Asia/Kolkata,majītha punjab
Bodri,Madhya Pradesh,23.16524,81.43262,14491,Asia/Kolkata,bodri madhya pradesh
Shāhkot,Punjab,31.08173,75.33708,14488,Asia/Kolkata,shāhkot punjab
Dariya,Bihar,30.69864,76.81759,14470,Asia/Kolkata,dariya bihar
Bhagta,Punjab,30.47566,75.0981,14467,Asia/Kolkata,bhagta punjab
Pawai,Madhya Pradesh,24.26635,80.16196,14465,Asia/Kolkata,pawai madhya pradesh
Karmeta,Madhya Pradesh,23.20725,79.89623,14452,Asia/Kolkata,karmeta madhya pradesh
Dhasa,Goa,21.80488,71.51589,14448,Asia/Kolkata,dhasa goa
Abhanpur,Unknown,21.05309,81.74088,14432,Asia/Kolkata,abhanpur unknown
Baqiabad,Delhi,28.7325,77.24688,14429,Asia/Kolkata,baqiabad delhi
Hattīn,Gujarat,28.04234,77.24049,14421,Asia/Kolkata,hattīn gujarat
Bilkha,Goa,21.4415,70.60063,14421,Asia/Kolkata,bilkha goa
Garacharma,Andaman and Nicobar Islands,11.61374,92.70358,14419,Asia/Kolkata,garacharma andaman and nicobar islands
Mānikpur,Uttar Pradesh,25.06083,81.09961,14415,Asia/Kolkata,mānikpur uttar pradesh
Chik Bānavar,Karnataka,13.08217,77.50191,14409,Asia/Kolkata,chik bānavar karnataka
Karārī,Uttar Pradesh,25.45241,81.42675,14403,Asia/Kolkata,karārī uttar pradesh
Tendūkheda,Madhya Pradesh,23.3962,79.53947,14399,Asia/Kolkata,tendūkheda madhya pradesh
Jāndli,Gujarat,30.3571,76.79639,14397,Asia/Kolkata,jāndli gujarat
Bhīmnagar,Maharashtra,20.72434,78.58437,14394,Asia/Kolkata,bhīmnagar maharashtra
Alapakam,Tamil Nadu,12.89444,80.11111,14390,Asia/Kolkata,alapakam tamil nadu
Brahmakulam,Kerala,10.58145,76.06926,14390,Asia/Kolkata,brahmakulam kerala
Manjathala,Tamil Nadu,11.36238,76.77894,14383,Asia/Kolkata,manjathala tamil nadu
Lānja,Maharashtra,16.86086,73.54993,14377,Asia/Kolkata,lānja maharashtra
Dewā,Uttar Pradesh,27.03621,81.16692,14375,Asia/Kolkata,dewā uttar pradesh
Mairang,Meghalaya,25.56165,91.63602,14363,Asia/Kolkata,mairang meghalaya
Chinchani,Maharashtra,19.87458,72.6851,14357,Asia/Kolkata,chinchani maharashtra
Dharamjaigarh,Unknown,22.46376,83.21127,14354,Asia/Kolkata,dharamjaigarh unknown
Bilpura,Madhya Pradesh,23.22161,79.99174,14349,Asia/Kolkata,bilpura madhya pradesh
Birsinghpur,Madhya Pradesh,24.798,80.9729,14339,Asia/Kolkata,birsinghpur madhya pradesh
Pallikere,Kerala,12.40598,75.03973,14334,Asia/Kolkata,pallikere kerala
Kurumpilavu,Kerala,10.411,76.1682,14329,Asia/Kolkata,kurumpilavu kerala
Tanakkangulam,Tamil Nadu,9.88769,78.0397,14328,Asia/Kolkata,tanakkangulam tamil nadu
Valayam,Kerala,11.72559,75.64921,14328,Asia/Kolkata,valayam kerala
Chammanād,Kerala,12.48023,75.00726,14323,Asia/Kolkata,chammanād kerala
Kottavalasa,Andhra Pradesh,17.89044,83.1907,14321,Asia/Kolkata,kottavalasa andhra pradesh
Vilavūr,Tamil Nadu,8.26692,77.30522,14320,Asia/Kolkata,vilavūr tamil nadu
Taloje,Maharashtra,19.08555,73.09837,14318,Asia/Kolkata,taloje maharashtra
Mohanūr,Tamil Nadu,11.05936,78.13965,14315,Asia/Kolkata,mohanūr tamil nadu
Heggadadevankote,Karnataka,12.08809,76.32957,14313,Asia/Kolkata,heggadadevankote karnataka
Salon,Uttar Pradesh,26.02857,81.45403,14312,Asia/Kolkata,salon uttar pradesh
Sendārappatti,Tamil Nadu,11.43729,78.52146,14308,Asia/Kolkata,sendārappatti tamil nadu
Bhānumukkala,Andhra Pradesh,15.31189,78.22772,14307,Asia/Kolkata,bhānumukkala andhra pradesh
Aliyābād,Tamil Nadu,12.63168,79.21636,14304,Asia/Kolkata,aliyābād tamil nadu
Huliyār,Karnataka,13.5836,76.5423,14304,Asia/Kolkata,huliyār karnataka
Ambahta,Uttar Pradesh,29.85706,77.33583,14303,Asia/Kolkata,ambahta uttar pradesh
Nāzirā,Arunachal Pradesh,26.91649,94.73611,14302,Asia/Kolkata,nāzirā arunachal pradesh
Rāja Sānsi,Punjab,31.72021,74.8008,14298,Asia/Kolkata,rāja sānsi punjab
Ambikapur Part-X,Arunachal Pradesh,24.79925,92.79196,14283,Asia/Kolkata,ambikapur part-x arunachal pradesh
Bānsgāon,Uttar Pradesh,26.55032,83.34503,14282,Asia/Kolkata,bānsgāon uttar pradesh
Sivandipuram,Tamil Nadu,8.70667,77.40005,14281,Asia/Kolkata,sivandipuram tamil nadu
Bhairāpura,Karnataka,12.21998,76.89869,14276,Asia/Kolkata,bhairāpura karnataka
Telo,Unknown,23.81793,86.12093,14274,Asia/Kolkata,telo unknown
Hadgood,Goa,22.52818,72.97853,14262,Asia/Kolkata,hadgood goa
Rājnagar,Madhya Pradesh,24.88929,79.91178,14253,Asia/Kolkata,rājnagar madhya pradesh
Saraikela,Unknown,22.69963,85.93126,14252,Asia/Kolkata,saraikela unknown
Namsai,Arunachal Pradesh,27.66904,95.86395,14246,Asia/Kolkata,namsai arunachal pradesh
Nārāyanapuram,Andhra Pradesh,14.70404,77.578,14227,Asia/Kolkata,nārāyanapuram andhra pradesh
Ikauna,Uttar Pradesh,27.53097,81.96917,14217,Asia/Kolkata,ikauna uttar pradesh
Bakewar,Uttar Pradesh,26.66226,79.17625,14217,Asia/Kolkata,bakewar uttar pradesh
Mailāni,Uttar Pradesh,28.29088,80.3438,14212,Asia/Kolkata,mailāni uttar pradesh
Rāzole,Andhra Pradesh,16.47608,81.83912,14204,Asia/Kolkata,rāzole andhra pradesh
Turuvekere,Karnataka,13.16374,76.66641,14194,Asia/Kolkata,turuvekere karnataka
Sathankulam,Tamil Nadu,8.44164,77.91349,14193,Asia/Kolkata,sathankulam tamil nadu
Kyelang,Haryana,32.5717,77.02448,14182,Asia/Kolkata,kyelang haryana
Bālasamudram,Tamil Nadu,10.41905,77.49916,14179,Asia/Kolkata,bālasamudram tamil nadu
Adigaratti,Tamil Nadu,11.33442,76.69705,14178,Asia/Kolkata,adigaratti tamil nadu
Thurayur,Kerala,11.52802,75.67089,14176,Asia/Kolkata,thurayur kerala
Pirangut,Maharashtra,18.5084,73.68924,14174,Asia/Kolkata,pirangut maharashtra
Bhulwāl,Jammu and Kashmir,32.83713,74.81932,14174,Asia/Kolkata,bhulwāl jammu and kashmir
Madayikonam,Kerala,10.37155,76.22538,14155,Asia/Kolkata,madayikonam kerala
Chirgaon,Uttar Pradesh,25.57198,78.81432,14147,Asia/Kolkata,chirgaon uttar pradesh
Mukāsi Pidāriyūr,Tamil Nadu,11.19554,77.60271,14143,Asia/Kolkata,mukāsi pidāriyūr tamil nadu
Amarwāra,Madhya Pradesh,22.2978,79.16943,14141,Asia/Kolkata,amarwāra madhya pradesh
Bijolia,Rajasthan,25.16095,75.32328,14140,Asia/Kolkata,bijolia rajasthan
Shankargarh,Uttar Pradesh,25.182,81.61769,14137,Asia/Kolkata,shankargarh uttar pradesh
Iluppūr,Tamil Nadu,10.51347,78.62357,14127,Asia/Kolkata,iluppūr tamil nadu
Pendra,Unknown,22.77548,81.95968,14120,Asia/Kolkata,pendra unknown
Satwās,Madhya Pradesh,22.53628,76.68452,14108,Asia/Kolkata,satwās madhya pradesh
Manoharpur,Tripura,23.72154,91.21257,14105,Asia/Kolkata,manoharpur tripura
Haldībāri,West Bengal,26.33887,88.7822,14099,Asia/Kolkata,haldībāri west bengal
Pakhi Khanauri,Punjab,29.84274,76.11372,14096,Asia/Kolkata,pakhi khanauri punjab
Olpād,Goa,21.33649,72.75161,14091,Asia/Kolkata,olpād goa
Rājim,Unknown,20.96351,81.87994,14090,Asia/Kolkata,rājim unknown
Tikkanbankad,Tamil Nadu,8.2216,77.27335,14086,Asia/Kolkata,tikkanbankad tamil nadu
Calapor,Goa,15.46454,73.84665,14077,Asia/Kolkata,calapor goa
Moth,Uttar Pradesh,25.72595,78.95029,14077,Asia/Kolkata,moth uttar pradesh
Shergarh,Uttar Pradesh,28.65128,79.36815,14076,Asia/Kolkata,shergarh uttar pradesh
Vānsada,Goa,20.75817,73.36389,14072,Asia/Kolkata,vānsada goa
Kasdol,Unknown,21.6186,82.42489,14071,Asia/Kolkata,kasdol unknown
Pazhanji,Kerala,10.68823,76.05309,14067,Asia/Kolkata,pazhanji kerala
Orumanayūr,Kerala,10.57007,76.02912,14064,Asia/Kolkata,orumanayūr kerala
Pedappai,Tamil Nadu,12.88537,80.02205,14063,Asia/Kolkata,pedappai tamil nadu
Ālampur,Telangana,15.87987,78.13352,14060,Asia/Kolkata,ālampur telangana
Sītāmau,Madhya Pradesh,24.01473,75.35324,14056,Asia/Kolkata,sītāmau madhya pradesh
Simaria,Madhya Pradesh,24.79497,81.152,14045,Asia/Kolkata,simaria madhya pradesh
Bilaspur,Haryana,31.33027,76.75663,14037,Asia/Kolkata,bilaspur haryana
Kirākat,Uttar Pradesh,25.63745,82.91596,14034,Asia/Kolkata,kirākat uttar pradesh
Ghiror,Uttar Pradesh,27.18912,78.79312,14011,Asia/Kolkata,ghiror uttar pradesh
Kesrisinghpur,Rajasthan,29.94752,73.62124,14010,Asia/Kolkata,kesrisinghpur rajasthan
Kozhukkallur,Kerala,11.5146,75.70807,14007,Asia/Kolkata,kozhukkallur kerala
Tenambākkam,Tamil Nadu,12.81022,79.7341,13994,Asia/Kolkata,tenambākkam tamil nadu
Takkolam,Tamil Nadu,13.01643,79.73252,13983,Asia/Kolkata,takkolam tamil nadu
Avinissery,Kerala,10.46994,76.23005,13983,Asia/Kolkata,avinissery kerala
Srīmushnam,Tamil Nadu,11.40118,79.40384,13971,Asia/Kolkata,srīmushnam tamil nadu
Karuppur,Tamil Nadu,11.71705,78.09241,13967,Asia/Kolkata,karuppur tamil nadu
Kodala,Odisha,19.62425,84.94075,13965,Asia/Kolkata,kodala odisha
Rājāpur,Uttar Pradesh,25.389,81.145,13962,Asia/Kolkata,rājāpur uttar pradesh
Rabūpura,Uttar Pradesh,28.25153,77.60253,13949,Asia/Kolkata,rabūpura uttar pradesh
Rāmkola,Uttar Pradesh,26.90172,83.83758,13949,Asia/Kolkata,rāmkola uttar pradesh
Barhi,Madhya Pradesh,23.90326,80.81516,13946,Asia/Kolkata,barhi madhya pradesh
Kākti,Karnataka,15.93158,74.52598,13946,Asia/Kolkata,kākti karnataka
Prasadampadu,Andhra Pradesh,16.61224,80.68443,13941,Asia/Kolkata,prasadampadu andhra pradesh
Lohāru,Gujarat,28.42993,75.80779,13937,Asia/Kolkata,lohāru gujarat
Goshaingaon,Arunachal Pradesh,26.43946,89.96307,13933,Asia/Kolkata,goshaingaon arunachal pradesh
Sukma,Unknown,18.32741,81.62621,13926,Asia/Kolkata,sukma unknown
Mora,Goa,21.17829,72.65886,13924,Asia/Kolkata,mora goa
Meppāyyūr,Kerala,11.53885,75.7351,13922,Asia/Kolkata,meppāyyūr kerala
Chāmkor,Punjab,30.89748,76.41539,13920,Asia/Kolkata,chāmkor punjab
Soalkuchi,Arunachal Pradesh,26.16806,91.57111,13917,Asia/Kolkata,soalkuchi arunachal pradesh
Kotwa,Madhya Pradesh,25.0308,81.31908,13916,Asia/Kolkata,kotwa madhya pradesh
Nizāmābād,Uttar Pradesh,26.05295,83.05787,13895,Asia/Kolkata,nizāmābād uttar pradesh
Ziro,Arunachal Pradesh,27.59497,93.83854,13893,Asia/Kolkata,ziro arunachal pradesh
Odaipatti,Tamil Nadu,9.83231,77.44329,13892,Asia/Kolkata,odaipatti tamil nadu
Krālapur,Jammu and Kashmir,33.99951,74.81331,13889,Asia/Kolkata,krālapur jammu and kashmir
Amānganj,Madhya Pradesh,24.42664,80.03579,13886,Asia/Kolkata,amānganj madhya pradesh
Damodarpur,Bihar,26.13969,85.35087,13884,Asia/Kolkata,damodarpur bihar
Saij,Goa,23.2183,72.522,13882,Asia/Kolkata,saij goa
Rāni,Rajasthan,25.35031,73.30885,13880,Asia/Kolkata,rāni rajasthan
Buzurg,Madhya Pradesh,25.89044,78.34528,13868,Asia/Kolkata,buzurg madhya pradesh
Radhakishorenagar,Tripura,23.86757,91.34267,13866,Asia/Kolkata,radhakishorenagar tripura
Joshīmath,Uttarakhand,30.55543,79.56436,13865,Asia/Kolkata,joshīmath uttarakhand
Attayampatti,Tamil Nadu,11.53272,78.05363,13852,Asia/Kolkata,attayampatti tamil nadu
Pāpampeta,Andhra Pradesh,14.68553,77.578,13850,Asia/Kolkata,pāpampeta andhra pradesh
Bāsugaon,Arunachal Pradesh,26.46742,90.41951,13849,Asia/Kolkata,bāsugaon arunachal pradesh
Kunkuri,Unknown,22.74199,83.95099,13846,Asia/Kolkata,kunkuri unknown
Bhīmavaram,Telangana,18.0299,79.5391,13841,Asia/Kolkata,bhīmavaram telangana
Savgadh,Goa,23.61646,72.94955,13841,Asia/Kolkata,savgadh goa
Udayendram,Tamil Nadu,12.6962,78.62273,13837,Asia/Kolkata,udayendram tamil nadu
Nagrota,Jammu and Kashmir,32.80106,74.91324,13836,Asia/Kolkata,nagrota jammu and kashmir
Barod,Madhya Pradesh,23.78891,75.81159,13834,Asia/Kolkata,barod madhya pradesh
Cheruthuruthi,Kerala,10.74571,76.27449,13828,Asia/Kolkata,cheruthuruthi kerala
Allāhganj,Uttar Pradesh,27.5454,79.68715,13824,Asia/Kolkata,allāhganj uttar pradesh
Irikkūr,Kerala,11.98668,75.55007,13820,Asia/Kolkata,irikkūr kerala
Anandanagar,Tripura,23.8087,91.31299,13814,Asia/Kolkata,anandanagar tripura
Kharela,Uttar Pradesh,25.54277,79.81235,13798,Asia/Kolkata,kharela uttar pradesh
Tālbahat,Uttar Pradesh,25.04357,78.43441,13789,Asia/Kolkata,tālbahat uttar pradesh
Kadaura,Uttar Pradesh,25.98537,79.83842,13784,Asia/Kolkata,kadaura uttar pradesh
Kurud,Unknown,20.83073,81.72212,13783,Asia/Kolkata,kurud unknown
Pātan,Maharashtra,17.37513,73.90143,13779,Asia/Kolkata,pātan maharashtra
Tīkri Khurd,Delhi,28.83539,77.1195,13772,Asia/Kolkata,tīkri khurd delhi
Chityāl,Telangana,17.2316,79.12814,13752,Asia/Kolkata,chityāl telangana
Solap,West Bengal,22.12778,88.15861,13751,Asia/Kolkata,solap west bengal
Iglās,Uttar Pradesh,27.711,77.93967,13746,Asia/Kolkata,iglās uttar pradesh
Tikādi,Maharashtra,21.25765,79.22605,13741,Asia/Kolkata,tikādi maharashtra
Hindalgi,Karnataka,15.87495,74.47205,13741,Asia/Kolkata,hindalgi karnataka
Ismāilābād,Gujarat,30.11721,76.66903,13726,Asia/Kolkata,ismāilābād gujarat
Malsīsar,Rajasthan,28.35365,75.29749,13719,Asia/Kolkata,malsīsar rajasthan
Pennāthur,Tamil Nadu,12.24681,79.22592,13718,Asia/Kolkata,pennāthur tamil nadu
Mangawān,Madhya Pradesh,24.66754,81.54644,13700,Asia/Kolkata,mangawān madhya pradesh
Sivni,Maharashtra,20.68803,77.04886,13699,Asia/Kolkata,sivni maharashtra
Pandhāna,Madhya Pradesh,21.69816,76.22487,13694,Asia/Kolkata,pandhāna madhya pradesh
Radaur,Gujarat,30.02706,77.15177,13690,Asia/Kolkata,radaur gujarat
Amethī,Uttar Pradesh,26.15696,81.80519,13684,Asia/Kolkata,amethī uttar pradesh
Tekanpur,Madhya Pradesh,25.99401,78.28322,13681,Asia/Kolkata,tekanpur madhya pradesh
Kannadiparamba,Kerala,11.93722,75.40308,13677,Asia/Kolkata,kannadiparamba kerala
Pratāpgarh,Uttar Pradesh,25.89509,81.9424,13672,Asia/Kolkata,pratāpgarh uttar pradesh
Kalanaur,Punjab,32.01227,75.15063,13671,Asia/Kolkata,kalanaur punjab
Vengavasal,Tamil Nadu,12.89911,80.169,13671,Asia/Kolkata,vengavasal tamil nadu
Tirupporūr,Tamil Nadu,12.7259,80.18954,13666,Asia/Kolkata,tirupporūr tamil nadu
Karikād,Kerala,10.70118,76.06789,13656,Asia/Kolkata,karikād kerala
Sanquelim,Goa,15.56422,74.00799,13651,Asia/Kolkata,sanquelim goa
Tīkri,Uttar Pradesh,29.2291,77.35479,13646,Asia/Kolkata,tīkri uttar pradesh
Kumaralingam,Tamil Nadu,10.48936,77.3499,13642,Asia/Kolkata,kumaralingam tamil nadu
Rāmpur,Madhya Pradesh,24.50249,81.05516,13638,Asia/Kolkata,rāmpur madhya pradesh
Chittayankottai,Tamil Nadu,10.26862,77.83273,13634,Asia/Kolkata,chittayankottai tamil nadu
Dantewāra,Unknown,18.88881,81.35068,13633,Asia/Kolkata,dantewāra unknown
Baloda,Unknown,22.1389,82.48171,13630,Asia/Kolkata,baloda unknown
Garhi,Madhya Pradesh,25.04486,79.68818,13625,Asia/Kolkata,garhi madhya pradesh
Jahānābād,Uttar Pradesh,28.63025,79.71818,13617,Asia/Kolkata,jahānābād uttar pradesh
Tilang Pur Kotla,Delhi,28.64956,77.02724,13614,Asia/Kolkata,tilang pur kotla delhi
Killai,Tamil Nadu,11.44929,79.76679,13608,Asia/Kolkata,killai tamil nadu
Shāhpura,Madhya Pradesh,23.13663,79.66402,13601,Asia/Kolkata,shāhpura madhya pradesh
Handwāra,Jammu and Kashmir,34.39677,74.28138,13600,Asia/Kolkata,handwāra jammu and kashmir
Mahābaleshwar,Maharashtra,17.56,73.4,13598,Asia/Kolkata,mahābaleshwar maharashtra
Sirāthu,Uttar Pradesh,25.64292,81.31855,13598,Asia/Kolkata,sirāthu uttar pradesh
Chopan,Uttar Pradesh,24.51954,83.02287,13585,Asia/Kolkata,chopan uttar pradesh
Nandelav,Goa,21.72026,72.99596,13583,Asia/Kolkata,nandelav goa
Gopāmau,Uttar Pradesh,27.53468,80.28507,13581,Asia/Kolkata,gopāmau uttar pradesh
Badarwās,Madhya Pradesh,24.97516,77.5649,13571,Asia/Kolkata,badarwās madhya pradesh
Tingalāchi,Tamil Nadu,8.20101,77.30359,13567,Asia/Kolkata,tingalāchi tamil nadu
Achanputtūr,Tamil Nadu,9.04143,77.29693,13566,Asia/Kolkata,achanputtūr tamil nadu
Singapperumālkovil,Tamil Nadu,12.75947,80.0075,13566,Asia/Kolkata,singapperumālkovil tamil nadu
Lānjī,Madhya Pradesh,21.50175,80.54059,13558,Asia/Kolkata,lānjī madhya pradesh
Arā,Unknown,23.76041,85.5415,13547,Asia/Kolkata,arā unknown
Sanaswadi,Maharashtra,18.66445,74.10939,13543,Asia/Kolkata,sanaswadi maharashtra
Lohogaon,Maharashtra,18.59921,73.92701,13529,Asia/Kolkata,lohogaon maharashtra
Anuppankulam,Tamil Nadu,9.41941,77.84303,13526,Asia/Kolkata,anuppankulam tamil nadu
Patiāli,Uttar Pradesh,27.69086,78.99823,13515,Asia/Kolkata,patiāli uttar pradesh
Shāhpur,Unknown,24.03125,84.05428,13513,Asia/Kolkata,shāhpur unknown
Farrukhnagar,Gujarat,28.44745,76.82391,13513,Asia/Kolkata,farrukhnagar gujarat
Kārimangalam,Tamil Nadu,12.30874,78.20333,13511,Asia/Kolkata,kārimangalam tamil nadu
Dhakuākhanā,Arunachal Pradesh,27.20114,94.45712,13502,Asia/Kolkata,dhakuākhanā arunachal pradesh
Umri,Maharashtra,19.0391,77.64539,13501,Asia/Kolkata,umri maharashtra
Sāsni,Uttar Pradesh,27.70287,78.08278,13498,Asia/Kolkata,sāsni uttar pradesh
Timmāpur,Telangana,19.0484,78.64143,13485,Asia/Kolkata,timmāpur telangana
Anandpar,Goa,22.322,70.84556,13483,Asia/Kolkata,anandpar goa
Pūlāngudi,Tamil Nadu,10.72665,78.80731,13469,Asia/Kolkata,pūlāngudi tamil nadu
Dundigal,Telangana,17.60802,78.41461,13465,Asia/Kolkata,dundigal telangana
Shaktinagar,Goa,22.19961,69.65915,13463,Asia/Kolkata,shaktinagar goa
Khem Karan,Punjab,31.14443,74.55938,13446,Asia/Kolkata,khem karan punjab
Laxmidevipally,Telangana,17.5699,80.62233,13442,Asia/Kolkata,laxmidevipally telangana
Khadkale,Maharashtra,18.76143,73.55756,13435,Asia/Kolkata,khadkale maharashtra
Bhadarwāh,Jammu and Kashmir,32.97941,75.71723,13429,Asia/Kolkata,bhadarwāh jammu and kashmir
Daporijo,Arunachal Pradesh,27.99114,94.22955,13405,Asia/Kolkata,daporijo arunachal pradesh
Mahabaleshwar,Maharashtra,17.92323,73.65858,13393,Asia/Kolkata,mahabaleshwar maharashtra
Hunasamaranahalli,Karnataka,13.14384,77.61695,13389,Asia/Kolkata,hunasamaranahalli karnataka
Garhi Pūkhta,Uttar Pradesh,29.5498,77.30881,13381,Asia/Kolkata,garhi pūkhta uttar pradesh
Odaiyakulam,Tamil Nadu,10.56789,76.91047,13370,Asia/Kolkata,odaiyakulam tamil nadu
Gidi,Unknown,23.69086,85.36413,13356,Asia/Kolkata,gidi unknown
Kureekkad,Kerala,9.92975,76.37457,13348,Asia/Kolkata,kureekkad kerala
Māndal,Goa,23.28865,71.91854,13345,Asia/Kolkata,māndal goa
Manapakkam,Tamil Nadu,13.01579,80.17608,13344,Asia/Kolkata,manapakkam tamil nadu
Kumaragiri,Tamil Nadu,8.74521,78.05222,13344,Asia/Kolkata,kumaragiri tamil nadu
Khāga,Uttar Pradesh,25.77215,81.10393,13338,Asia/Kolkata,khāga uttar pradesh
Khailār,Uttar Pradesh,25.34127,78.53133,13334,Asia/Kolkata,khailār uttar pradesh
Kelamangalam,Tamil Nadu,12.60307,77.85193,13321,Asia/Kolkata,kelamangalam tamil nadu
Mandākād,Tamil Nadu,8.1611,77.27949,13317,Asia/Kolkata,mandākād tamil nadu
Shi Yomi,Arunachal Pradesh,28.52999,94.37322,13310,Asia/Kolkata,shi yomi arunachal pradesh
Nagri,Unknown,20.34646,81.95998,13308,Asia/Kolkata,nagri unknown
Suwāsra,Madhya Pradesh,24.06983,75.65232,13304,Asia/Kolkata,suwāsra madhya pradesh
Sukhpar,Goa,23.2163,69.60911,13303,Asia/Kolkata,sukhpar goa
Ghaura,Madhya Pradesh,24.50588,79.07813,13301,Asia/Kolkata,ghaura madhya pradesh
Kālāgarh Project Colony,Uttarakhand,29.4778,78.78449,13298,Asia/Kolkata,kālāgarh project colony uttarakhand
Badarpur,Arunachal Pradesh,24.86852,92.59606,13298,Asia/Kolkata,badarpur arunachal pradesh
Borkherī,Maharashtra,20.9479,79.01505,13294,Asia/Kolkata,borkherī maharashtra
Gandai,Unknown,21.66667,81.10013,13278,Asia/Kolkata,gandai unknown
Asola,Delhi,28.45726,77.18413,13275,Asia/Kolkata,asola delhi
Peramangalam,Kerala,10.57329,76.1689,13260,Asia/Kolkata,peramangalam kerala
Bijni,Arunachal Pradesh,26.49588,90.70298,13257,Asia/Kolkata,bijni arunachal pradesh
Bilariāganj,Uttar Pradesh,26.19593,83.2269,13244,Asia/Kolkata,bilariāganj uttar pradesh
Kuttyattur,Kerala,11.97026,75.48784,13244,Asia/Kolkata,kuttyattur kerala
Hājan,Jammu and Kashmir,34.29895,74.61681,13239,Asia/Kolkata,hājan jammu and kashmir
Kānor,Rajasthan,24.43437,74.26546,13239,Asia/Kolkata,kānor rajasthan
Kaniyārakōd-Kizhakumuri,Kerala,10.74409,76.4339,13236,Asia/Kolkata,kaniyārakōd-kizhakumuri kerala
Tirumullaivāsal,Tamil Nadu,11.23996,79.83705,13234,Asia/Kolkata,tirumullaivāsal tamil nadu
Bhadkodara,Goa,21.60416,73.01476,13233,Asia/Kolkata,bhadkodara goa
Kodumudi,Tamil Nadu,11.07751,77.88363,13225,Asia/Kolkata,kodumudi tamil nadu
Uklāna,Gujarat,29.51124,75.87823,13219,Asia/Kolkata,uklāna gujarat
Muttūr,Tamil Nadu,11.04637,77.7363,13212,Asia/Kolkata,muttūr tamil nadu
Majholi,Madhya Pradesh,23.50114,79.92396,13210,Asia/Kolkata,majholi madhya pradesh
Vadugappatti,Tamil Nadu,10.10363,77.57313,13204,Asia/Kolkata,vadugappatti tamil nadu
Suchindram,Tamil Nadu,8.15442,77.46704,13193,Asia/Kolkata,suchindram tamil nadu
Bandh Dih,Unknown,23.65877,86.01726,13192,Asia/Kolkata,bandh dih unknown
Digapahandi,Odisha,19.37275,84.57184,13190,Asia/Kolkata,digapahandi odisha
Manoharpur,Unknown,22.37456,85.19234,13189,Asia/Kolkata,manoharpur unknown
Kharkhauda,Uttar Pradesh,28.83644,77.74159,13189,Asia/Kolkata,kharkhauda uttar pradesh
Guntur,Telangana,17.9962,79.64449,13183,Asia/Kolkata,guntur telangana
Veillyāchi,Tamil Nadu,8.15167,77.33662,13182,Asia/Kolkata,veillyāchi tamil nadu
Bīkāpur,Uttar Pradesh,26.59534,82.13272,13177,Asia/Kolkata,bīkāpur uttar pradesh
Goshāinganj,Uttar Pradesh,26.57115,82.38091,13176,Asia/Kolkata,goshāinganj uttar pradesh
Bhamiān Kalān,Punjab,30.91911,75.94233,13174,Asia/Kolkata,bhamiān kalān punjab
Gorrakunta,Telangana,17.97621,79.64496,13159,Asia/Kolkata,gorrakunta telangana
Sāmbre,Karnataka,15.87003,74.61142,13159,Asia/Kolkata,sāmbre karnataka
Galpadar,Goa,23.09749,70.1251,13155,Asia/Kolkata,galpadar goa
Udala,Odisha,21.57811,86.56676,13152,Asia/Kolkata,udala odisha
Krishnasamudram,Tamil Nadu,10.78636,78.80024,13146,Asia/Kolkata,krishnasamudram tamil nadu
Quimoh,Jammu and Kashmir,33.72154,75.08562,13138,Asia/Kolkata,quimoh jammu and kashmir
Bāghamāra,Meghalaya,25.18954,90.64789,13131,Asia/Kolkata,bāghamāra meghalaya
Doboka,Arunachal Pradesh,26.11647,92.86374,13118,Asia/Kolkata,doboka arunachal pradesh
Rānīr Bāzār,Tripura,23.83463,91.36614,13104,Asia/Kolkata,rānīr bāzār tripura
Asangaon,Maharashtra,19.43866,73.30594,13104,Asia/Kolkata,asangaon maharashtra
Kirodimalnagar,Unknown,21.92685,83.33229,13102,Asia/Kolkata,kirodimalnagar unknown
Trikūr,Kerala,10.46141,76.27345,13093,Asia/Kolkata,trikūr kerala
Narath,Kerala,11.9602,75.38931,13092,Asia/Kolkata,narath kerala
Ashti,Maharashtra,19.37671,76.2252,13084,Asia/Kolkata,ashti maharashtra
Ningthoukhong,Manipur,24.57173,93.76406,13078,Asia/Kolkata,ningthoukhong manipur
Puttalam,Tamil Nadu,8.09807,77.464,13073,Asia/Kolkata,puttalam tamil nadu
South Kannanur,Tamil Nadu,10.91938,78.74012,13073,Asia/Kolkata,south kannanur tamil nadu
Dhemāji,Arunachal Pradesh,27.48333,94.58333,13058,Asia/Kolkata,dhemāji arunachal pradesh
Worthi,Maharashtra,21.24013,79.64424,13058,Asia/Kolkata,worthi maharashtra
Birbhaddar,Uttarakhand,30.0712,78.28189,13058,Asia/Kolkata,birbhaddar uttarakhand
Vikāsnagar,Uttarakhand,30.46944,77.77275,13055,Asia/Kolkata,vikāsnagar uttarakhand
Kumarghat,Tripura,24.15974,92.0329,13054,Asia/Kolkata,kumarghat tripura
Dadra,52,20.32504,72.96618,13039,Asia/Kolkata,dadra 52
Khallikot,Odisha,19.60908,85.08609,13022,Asia/Kolkata,khallikot odisha
Dankaur,Uttar Pradesh,28.35121,77.55508,13020,Asia/Kolkata,dankaur uttar pradesh
Edakkode,Kerala,8.68075,76.85191,12994,Asia/Kolkata,edakkode kerala
Ashokapuram,Tamil Nadu,11.10173,76.95448,12993,Asia/Kolkata,ashokapuram tamil nadu
Kanīna Khās,Gujarat,28.33093,76.31099,12989,Asia/Kolkata,kanīna khās gujarat
Daulatpur,Punjab,32.26659,75.63265,12988,Asia/Kolkata,daulatpur punjab
Mallānkinar,Tamil Nadu,9.59816,78.05579,12986,Asia/Kolkata,mallānkinar tamil nadu
Tāttayyangārpettai,Tamil Nadu,11.12417,78.44916,12980,Asia/Kolkata,tāttayyangārpettai tamil nadu
Ladhaura,Madhya Pradesh,25.07295,78.8675,12974,Asia/Kolkata,ladhaura madhya pradesh
Pochampalli,Telangana,17.34917,78.82278,12972,Asia/Kolkata,pochampalli telangana
Thirukattupalli,Tamil Nadu,10.84431,78.95647,12972,Asia/Kolkata,thirukattupalli tamil nadu
Vallachira,Kerala,10.43837,76.22709,12970,Asia/Kolkata,vallachira kerala
Bachrā,Unknown,23.68844,85.08553,12969,Asia/Kolkata,bachrā unknown
Hulikal,Tamil Nadu,11.32078,76.77334,12960,Asia/Kolkata,hulikal tamil nadu
Madanpur,West Bengal,23.00589,88.49168,12959,Asia/Kolkata,madanpur west bengal
Bāli Chak,West Bengal,22.36482,87.55304,12957,Asia/Kolkata,bāli chak west bengal
Chaurai,Madhya Pradesh,22.05459,79.25195,12956,Asia/Kolkata,chaurai madhya pradesh
Ettaiyapuram,Tamil Nadu,9.14405,77.99066,12956,Asia/Kolkata,ettaiyapuram tamil nadu
Malaimāchchampatti,Tamil Nadu,10.90578,77.00499,12936,Asia/Kolkata,malaimāchchampatti tamil nadu
Drug Mulla,Jammu and Kashmir,34.48535,74.28709,12930,Asia/Kolkata,drug mulla jammu and kashmir
Meghnagar,Madhya Pradesh,22.90657,74.54158,12929,Asia/Kolkata,meghnagar madhya pradesh
Edattirutti,Kerala,10.36402,76.17373,12921,Asia/Kolkata,edattirutti kerala
Neyyūr,Tamil Nadu,8.19829,77.30379,12917,Asia/Kolkata,neyyūr tamil nadu
Katavallūr,Kerala,10.71689,76.0695,12912,Asia/Kolkata,katavallūr kerala
Serula,Goa,15.54774,73.84329,12908,Asia/Kolkata,serula goa
Karivali,Maharashtra,19.2917,73.0382,12907,Asia/Kolkata,karivali maharashtra
Bilaua,Madhya Pradesh,26.05008,78.27522,12893,Asia/Kolkata,bilaua madhya pradesh
Mundi,Madhya Pradesh,22.06693,76.49326,12889,Asia/Kolkata,mundi madhya pradesh
Curtorim,Goa,15.27563,74.02158,12886,Asia/Kolkata,curtorim goa
Tāti,Unknown,23.37719,85.43791,12878,Asia/Kolkata,tāti unknown
Shāhpur,Goa,22.15611,70.77068,12867,Asia/Kolkata,shāhpur goa
Sakrī,Unknown,22.1054,82.08209,12861,Asia/Kolkata,sakrī unknown
Thirumittacode-II,Kerala,10.73174,76.16074,12855,Asia/Kolkata,thirumittacode-ii kerala
Pūluvappatti,Tamil Nadu,10.96303,76.81577,12853,Asia/Kolkata,pūluvappatti tamil nadu
Ratannagar,Rajasthan,28.21337,74.95521,12841,Asia/Kolkata,ratannagar rajasthan
Chandla,Madhya Pradesh,25.07148,80.19294,12838,Asia/Kolkata,chandla madhya pradesh
Banasthali,Rajasthan,26.40404,75.86958,12835,Asia/Kolkata,banasthali rajasthan
Raghudebbati,West Bengal,22.52556,88.19583,12833,Asia/Kolkata,raghudebbati west bengal
Pratapsasan,Odisha,20.20455,85.87172,12830,Asia/Kolkata,pratapsasan odisha
Elavalli,Kerala,10.566,76.09116,12819,Asia/Kolkata,elavalli kerala
Bandora,Goa,15.40823,73.98129,12819,Asia/Kolkata,bandora goa
Bachhrāwān,Uttar Pradesh,26.4709,81.1158,12809,Asia/Kolkata,bachhrāwān uttar pradesh
Pirāwa,Rajasthan,24.15506,76.02728,12807,Asia/Kolkata,pirāwa rajasthan
Mandir Hasaud,Unknown,21.22369,81.76764,12807,Asia/Kolkata,mandir hasaud unknown
Bāre,Kerala,12.44599,75.04202,12804,Asia/Kolkata,bāre kerala
Kot Īsa Khān,Punjab,30.94659,75.1378,12800,Asia/Kolkata,kot īsa khān punjab
Talaināyar Agrahāram,Tamil Nadu,10.5614,79.77229,12798,Asia/Kolkata,talaināyar agrahāram tamil nadu
Reliance Complex,Goa,22.34399,69.85899,12796,Asia/Kolkata,reliance complex goa
Sawyerpuram,Tamil Nadu,8.68216,78.02651,12792,Asia/Kolkata,sawyerpuram tamil nadu
Mangalapādi,Kerala,12.66868,74.91039,12790,Asia/Kolkata,mangalapādi kerala
Devendranagar,Madhya Pradesh,24.61688,80.37889,12785,Asia/Kolkata,devendranagar madhya pradesh
Peddaboddepalle,Andhra Pradesh,17.66064,82.62957,12781,Asia/Kolkata,peddaboddepalle andhra pradesh
Kulattūr,Tamil Nadu,11.84858,77.75119,12748,Asia/Kolkata,kulattūr tamil nadu
Muri,West Bengal,23.37074,85.86236,12744,Asia/Kolkata,muri west bengal
Dūdhi,Uttar Pradesh,24.21357,83.24067,12742,Asia/Kolkata,dūdhi uttar pradesh
Kottapeta,Telangana,17.30589,78.49099,12740,Asia/Kolkata,kottapeta telangana
Uthukkottai,Tamil Nadu,13.33551,79.89,12740,Asia/Kolkata,uthukkottai tamil nadu
Dudhani,Maharashtra,17.35792,76.36688,12735,Asia/Kolkata,dudhani maharashtra
Bandlaguda,Telangana,17.35112,78.39118,12734,Asia/Kolkata,bandlaguda telangana
Kurāra,Uttar Pradesh,25.98046,79.98984,12730,Asia/Kolkata,kurāra uttar pradesh
Digboi Oil Town,Arunachal Pradesh,27.3885,95.61886,12726,Asia/Kolkata,digboi oil town arunachal pradesh
Ghanpur,Telangana,17.85,79.36667,12721,Asia/Kolkata,ghanpur telangana
Puliyūr,Tamil Nadu,10.94991,78.1453,12720,Asia/Kolkata,puliyūr tamil nadu
Kadaiya,52,20.4645,72.85431,12717,Asia/Kolkata,kadaiya 52
Bakhtāwarpur,Delhi,28.8234,77.17539,12716,Asia/Kolkata,bakhtāwarpur delhi
Temanūr,Tamil Nadu,8.33263,77.25235,12715,Asia/Kolkata,temanūr tamil nadu
Kodikkulam,Tamil Nadu,9.64931,77.58602,12713,Asia/Kolkata,kodikkulam tamil nadu
Mallāpuram,Tamil Nadu,11.98231,78.24796,12705,Asia/Kolkata,mallāpuram tamil nadu
Shirwal,Maharashtra,18.15059,73.97788,12703,Asia/Kolkata,shirwal maharashtra
Devrukh,Maharashtra,17.06715,73.61518,12689,Asia/Kolkata,devrukh maharashtra
Dostpur,Uttar Pradesh,26.27486,82.47091,12688,Asia/Kolkata,dostpur uttar pradesh
Udaiyārpālaiyam,Tamil Nadu,11.18733,79.29331,12688,Asia/Kolkata,udaiyārpālaiyam tamil nadu
Madhūru,Kerala,12.53981,75.01016,12685,Asia/Kolkata,madhūru kerala
Vāghāpur,Maharashtra,20.39544,78.11058,12684,Asia/Kolkata,vāghāpur maharashtra
Maniyur,Kerala,11.95288,75.44808,12681,Asia/Kolkata,maniyur kerala
Ponnamarāvati,Tamil Nadu,10.28032,78.53601,12676,Asia/Kolkata,ponnamarāvati tamil nadu
Murud,Maharashtra,18.32817,72.9621,12665,Asia/Kolkata,murud maharashtra
Perya,Kerala,11.83334,75.85408,12659,Asia/Kolkata,perya kerala
Phūp Kalān,Madhya Pradesh,26.64454,78.87359,12657,Asia/Kolkata,phūp kalān madhya pradesh
Teegalpahad,Telangana,18.85897,79.48922,12656,Asia/Kolkata,teegalpahad telangana
Pullur,Kerala,10.34504,76.24446,12656,Asia/Kolkata,pullur kerala
Lakshmīnārāyanapuram,Tamil Nadu,11.7914,79.55549,12648,Asia/Kolkata,lakshmīnārāyanapuram tamil nadu
Awantipur,Jammu and Kashmir,33.91978,75.01515,12647,Asia/Kolkata,awantipur jammu and kashmir
Pondūru,Andhra Pradesh,18.34957,83.75649,12640,Asia/Kolkata,pondūru andhra pradesh
Orīkkai,Tamil Nadu,12.80164,79.71106,12638,Asia/Kolkata,orīkkai tamil nadu
Khudāganj,Uttar Pradesh,28.14607,79.71472,12636,Asia/Kolkata,khudāganj uttar pradesh
Vangani,Maharashtra,19.09244,73.29709,12628,Asia/Kolkata,vangani maharashtra
Vavol,Goa,23.22523,72.62093,12628,Asia/Kolkata,vavol goa
Barela,Madhya Pradesh,23.09678,80.05084,12620,Asia/Kolkata,barela madhya pradesh
Nannilam,Tamil Nadu,10.87933,79.61062,12618,Asia/Kolkata,nannilam tamil nadu
Barharwā,Unknown,24.85711,87.77896,12617,Asia/Kolkata,barharwā unknown
Puthukkad,Kerala,10.41771,76.27014,12615,Asia/Kolkata,puthukkad kerala
Sonegaon,Maharashtra,20.62915,78.69207,12614,Asia/Kolkata,sonegaon maharashtra
Pingawān,Gujarat,27.8959,77.1022,12612,Asia/Kolkata,pingawān gujarat
Dommasandra,Karnataka,12.87792,77.75345,12610,Asia/Kolkata,dommasandra karnataka
Sirsā,Uttar Pradesh,25.2634,82.0919,12608,Asia/Kolkata,sirsā uttar pradesh
Gandhinagar,Maharashtra,16.70712,74.30048,12601,Asia/Kolkata,gandhinagar maharashtra
Mānegaon,Madhya Pradesh,23.2062,80.01232,12599,Asia/Kolkata,mānegaon madhya pradesh
Malkera,Unknown,23.78213,86.28767,12591,Asia/Kolkata,malkera unknown
Isāgarh,Madhya Pradesh,24.83906,77.88274,12583,Asia/Kolkata,isāgarh madhya pradesh
Medankarwadi,Maharashtra,18.74775,73.8691,12576,Asia/Kolkata,medankarwadi maharashtra
Sabaur,Bihar,25.2428,87.04465,12575,Asia/Kolkata,sabaur bihar
Becharaji,Goa,23.49938,72.04469,12574,Asia/Kolkata,becharaji goa
Mahendranagar,Goa,22.8401,70.8603,12565,Asia/Kolkata,mahendranagar goa
Madanayakahalli,Karnataka,13.0587,77.46207,12563,Asia/Kolkata,madanayakahalli karnataka
Gua,Unknown,22.21361,85.38774,12554,Asia/Kolkata,gua unknown
Samarvarni,52,20.25634,73.00802,12553,Asia/Kolkata,samarvarni 52
Uniāra,Rajasthan,25.91502,76.026,12551,Asia/Kolkata,uniāra rajasthan
Nāgothana,Maharashtra,18.54225,73.13493,12549,Asia/Kolkata,nāgothana maharashtra
Sembedu,Tamil Nadu,13.12979,79.5634,12548,Asia/Kolkata,sembedu tamil nadu
Singarva,Goa,23.02288,72.69737,12547,Asia/Kolkata,singarva goa
Akoda,Madhya Pradesh,26.53338,78.90364,12534,Asia/Kolkata,akoda madhya pradesh
Hansot,Goa,21.58496,72.80764,12525,Asia/Kolkata,hansot goa
Ammūr,Tamil Nadu,12.975,79.36279,12513,Asia/Kolkata,ammūr tamil nadu
Hadiāya,Punjab,30.32757,75.50198,12507,Asia/Kolkata,hadiāya punjab
Kondūr,Tamil Nadu,11.75398,79.70449,12506,Asia/Kolkata,kondūr tamil nadu
Chūndal,Kerala,10.62396,76.09209,12502,Asia/Kolkata,chūndal kerala
Vengurla,Maharashtra,15.86125,73.63182,12498,Asia/Kolkata,vengurla maharashtra
Rermā,Unknown,24.03716,84.08176,12497,Asia/Kolkata,rermā unknown
Vedasandūr,Tamil Nadu,10.53102,77.95019,12493,Asia/Kolkata,vedasandūr tamil nadu
Mayyīl,Kerala,11.98485,75.43838,12490,Asia/Kolkata,mayyīl kerala
Karunguli,Tamil Nadu,12.53325,79.9039,12485,Asia/Kolkata,karunguli tamil nadu
Siāt,Rajasthan,25.88789,73.73847,12472,Asia/Kolkata,siāt rajasthan
Dunetha,52,20.42942,72.85095,12470,Asia/Kolkata,dunetha 52
Navelim,Goa,15.53333,73.98333,12469,Asia/Kolkata,navelim goa
Arumbāvūr,Tamil Nadu,11.38096,78.72965,12467,Asia/Kolkata,arumbāvūr tamil nadu
Pudur,Tamil Nadu,9.00009,77.20756,12457,Asia/Kolkata,pudur tamil nadu
Vaddu,Karnataka,15.1866,76.63112,12453,Asia/Kolkata,vaddu karnataka
Mārāndahalli,Tamil Nadu,12.38826,78.00316,12451,Asia/Kolkata,mārāndahalli tamil nadu
Bommināyakkanpatti,Tamil Nadu,11.68229,78.05454,12448,Asia/Kolkata,bommināyakkanpatti tamil nadu
Kānkon,Goa,15.02698,74.04617,12444,Asia/Kolkata,kānkon goa
Mālhīpur,Bihar,25.40691,86.02344,12439,Asia/Kolkata,mālhīpur bihar
Usgao,Goa,15.43333,74.06667,12436,Asia/Kolkata,usgao goa
Kurumbalūr,Tamil Nadu,11.23602,78.80052,12420,Asia/Kolkata,kurumbalūr tamil nadu
Aravakkurichchi,Tamil Nadu,10.77598,77.90869,12412,Asia/Kolkata,aravakkurichchi tamil nadu
Sirāppalli,Tamil Nadu,11.4544,78.24532,12403,Asia/Kolkata,sirāppalli tamil nadu
Nedumpura,Kerala,10.73279,76.26437,12399,Asia/Kolkata,nedumpura kerala
Kherdi,Maharashtra,17.5189,73.55656,12397,Asia/Kolkata,kherdi maharashtra
Chinnasekkadu,Tamil Nadu,13.16089,80.25727,12396,Asia/Kolkata,chinnasekkadu tamil nadu
Kānodar,Goa,24.08932,72.39354,12389,Asia/Kolkata,kānodar goa
Balitha,Goa,20.38926,72.91348,12380,Asia/Kolkata,balitha goa
Thummalamenta,Andhra Pradesh,15.02765,78.02347,12373,Asia/Kolkata,thummalamenta andhra pradesh
Tāmaraikkulam,Tamil Nadu,10.10853,77.55525,12372,Asia/Kolkata,tāmaraikkulam tamil nadu
Rānāpur,Madhya Pradesh,22.64704,74.52118,12371,Asia/Kolkata,rānāpur madhya pradesh
Ālangudi,Tamil Nadu,10.3606,78.98492,12367,Asia/Kolkata,ālangudi tamil nadu
Maindargi,Maharashtra,17.45739,76.2932,12363,Asia/Kolkata,maindargi maharashtra
Chennithala,Kerala,9.28078,76.51849,12360,Asia/Kolkata,chennithala kerala
Ichora,Telangana,19.42966,78.45285,12358,Asia/Kolkata,ichora telangana
Vinchia,Goa,22.21027,71.37967,12355,Asia/Kolkata,vinchia goa
Bhagur,Maharashtra,19.87599,73.83382,12353,Asia/Kolkata,bhagur maharashtra
Ibrāhīmpatan,Telangana,17.19573,78.65101,12349,Asia/Kolkata,ibrāhīmpatan telangana
Māndleshwar,Madhya Pradesh,22.17598,75.65995,12343,Asia/Kolkata,māndleshwar madhya pradesh
Iringappuram,Kerala,10.61032,76.0525,12343,Asia/Kolkata,iringappuram kerala
Palej,Goa,21.91547,73.07889,12334,Asia/Kolkata,palej goa
Alangānallūr,Tamil Nadu,10.04697,78.09033,12331,Asia/Kolkata,alangānallūr tamil nadu
Periyakoduveri,Tamil Nadu,11.47781,77.29898,12330,Asia/Kolkata,periyakoduveri tamil nadu
Harduāganj,Uttar Pradesh,27.94361,78.15789,12328,Asia/Kolkata,harduāganj uttar pradesh
Nāgireddipalli,Andhra Pradesh,14.27005,79.10131,12318,Asia/Kolkata,nāgireddipalli andhra pradesh
Odlābāri,West Bengal,26.83644,88.62943,12311,Asia/Kolkata,odlābāri west bengal
Mursān,Uttar Pradesh,27.57788,77.94091,12310,Asia/Kolkata,mursān uttar pradesh
Pāvaratti,Kerala,10.56478,76.06249,12299,Asia/Kolkata,pāvaratti kerala
Captainganj,Uttar Pradesh,26.9264,83.71334,12299,Asia/Kolkata,captainganj uttar pradesh
Athmallik,Odisha,20.72115,84.53514,12298,Asia/Kolkata,athmallik odisha
Atmākūr,Telangana,16.33802,77.80855,12297,Asia/Kolkata,atmākūr telangana
Parnera,Goa,20.56101,72.94846,12296,Asia/Kolkata,parnera goa
Hatwāns,Madhya Pradesh,22.76828,78.34637,12295,Asia/Kolkata,hatwāns madhya pradesh
Tharīke,Punjab,30.86669,75.78163,12294,Asia/Kolkata,tharīke punjab
Barjora,West Bengal,23.42754,87.29037,12294,Asia/Kolkata,barjora west bengal
Bhagdawada,Goa,20.43336,72.91354,12291,Asia/Kolkata,bhagdawada goa
Sikandra,Uttar Pradesh,26.36722,79.6298,12289,Asia/Kolkata,sikandra uttar pradesh
Mundāli,Uttar Pradesh,28.86977,77.82658,12287,Asia/Kolkata,mundāli uttar pradesh
Mavitāyi,Kerala,11.84118,75.47695,12286,Asia/Kolkata,mavitāyi kerala
Polāia Kalān,Madhya Pradesh,23.21189,76.55286,12268,Asia/Kolkata,polāia kalān madhya pradesh
Gohpur,Arunachal Pradesh,26.88184,93.6156,12223,Asia/Kolkata,gohpur arunachal pradesh
Ghogha,Goa,21.68813,72.2763,12208,Asia/Kolkata,ghogha goa
Ottaikkālmantapam,Tamil Nadu,10.88268,76.99426,12207,Asia/Kolkata,ottaikkālmantapam tamil nadu
Amethi,Uttar Pradesh,28.01667,81.05,12206,Asia/Kolkata,amethi uttar pradesh
Ravapara,Goa,22.79557,70.82575,12206,Asia/Kolkata,ravapara goa
Kambainallur,Tamil Nadu,12.20657,78.31716,12194,Asia/Kolkata,kambainallur tamil nadu
Namchi,Sikkim,27.16494,88.3638,12190,Asia/Kolkata,namchi sikkim
Bodeli,Goa,22.27311,73.71577,12184,Asia/Kolkata,bodeli goa
Kuttūr,Kerala,10.55856,76.19979,12179,Asia/Kolkata,kuttūr kerala
Ayyampālaiyam,Tamil Nadu,10.22528,77.74849,12175,Asia/Kolkata,ayyampālaiyam tamil nadu
Papparapatti,Tamil Nadu,12.22086,78.0592,12174,Asia/Kolkata,papparapatti tamil nadu
Ponnampatti,Tamil Nadu,10.36677,78.39553,12167,Asia/Kolkata,ponnampatti tamil nadu
Bishnupur,Manipur,24.62845,93.76179,12167,Asia/Kolkata,bishnupur manipur
Pānsemāl,Madhya Pradesh,21.65981,74.69937,12166,Asia/Kolkata,pānsemāl madhya pradesh
Bhonrāsa,Madhya Pradesh,22.99303,76.2098,12166,Asia/Kolkata,bhonrāsa madhya pradesh
Mullasshēri,Kerala,10.53328,76.08585,12165,Asia/Kolkata,mullasshēri kerala
Tirumalaiyampālaiyam,Tamil Nadu,10.87901,76.92954,12164,Asia/Kolkata,tirumalaiyampālaiyam tamil nadu
Sapatgrām,Arunachal Pradesh,26.33732,90.1236,12163,Asia/Kolkata,sapatgrām arunachal pradesh
Mashāt,52,20.24514,73.00841,12139,Asia/Kolkata,mashāt 52
Khadki Buzurg,Maharashtra,20.66756,77.02226,12133,Asia/Kolkata,khadki buzurg maharashtra
Yāripur,Jammu and Kashmir,33.72249,75.0181,12123,Asia/Kolkata,yāripur jammu and kashmir
Elandacheri,Tamil Nadu,13.1898,80.27102,12119,Asia/Kolkata,elandacheri tamil nadu
Nālvādi,Maharashtra,20.75741,78.62215,12119,Asia/Kolkata,nālvādi maharashtra
Rambha,Odisha,19.51667,85.1,12111,Asia/Kolkata,rambha odisha
Barghāt,Madhya Pradesh,22.03065,79.7328,12100,Asia/Kolkata,barghāt madhya pradesh
Ichchhapor,Goa,21.19307,72.73651,12097,Asia/Kolkata,ichchhapor goa
Neykkārappatti,Tamil Nadu,11.6225,78.10579,12090,Asia/Kolkata,neykkārappatti tamil nadu
Erumaippatti,Tamil Nadu,11.14671,78.28996,12085,Asia/Kolkata,erumaippatti tamil nadu
Jawhār,Maharashtra,19.91213,73.22679,12082,Asia/Kolkata,jawhār maharashtra
Sankheda,Goa,22.17021,73.5782,12077,Asia/Kolkata,sankheda goa
Chandkapur,Maharashtra,21.28149,79.10421,12077,Asia/Kolkata,chandkapur maharashtra
Borī,Maharashtra,20.91208,79.0045,12072,Asia/Kolkata,borī maharashtra
Pēragam,Kerala,10.59885,76.02402,12072,Asia/Kolkata,pēragam kerala
Habibpur,Bihar,25.23828,86.94676,12063,Asia/Kolkata,habibpur bihar
Pachmarhi,Madhya Pradesh,22.46791,78.43312,12062,Asia/Kolkata,pachmarhi madhya pradesh
Trimbak,Maharashtra,19.93268,73.52907,12056,Asia/Kolkata,trimbak maharashtra
Saurikh,Uttar Pradesh,27.03051,79.48813,12055,Asia/Kolkata,saurikh uttar pradesh
Karukkalvādi,Tamil Nadu,11.67141,78.01256,12052,Asia/Kolkata,karukkalvādi tamil nadu
Hātā,Uttar Pradesh,26.7412,83.74526,12050,Asia/Kolkata,hātā uttar pradesh
Kharar,West Bengal,22.72211,87.67824,12049,Asia/Kolkata,kharar west bengal
Chandwā,Unknown,23.67558,84.74009,12046,Asia/Kolkata,chandwā unknown
Kovilpālaiyampūdur,Tamil Nadu,11.5077,77.36292,12044,Asia/Kolkata,kovilpālaiyampūdur tamil nadu
Mubārakpur Dobās,Delhi,28.7098,77.03936,12043,Asia/Kolkata,mubārakpur dobās delhi
Vāv,Goa,24.36459,71.51203,12034,Asia/Kolkata,vāv goa
Arachchalūr,Tamil Nadu,11.1627,77.70072,12034,Asia/Kolkata,arachchalūr tamil nadu
Yol Cantonment,Haryana,32.18446,76.38158,12028,Asia/Kolkata,yol cantonment haryana
Kāti,Maharashtra,17.96137,75.88895,12022,Asia/Kolkata,kāti maharashtra
Vikravāndi,Tamil Nadu,12.0369,79.54595,12022,Asia/Kolkata,vikravāndi tamil nadu
Kozhancheri,Kerala,9.35,76.7,12021,Asia/Kolkata,kozhancheri kerala
Bihpuria,Arunachal Pradesh,27.01693,93.91502,12016,Asia/Kolkata,bihpuria arunachal pradesh
Gangavalli,Tamil Nadu,11.49828,78.64966,12015,Asia/Kolkata,gangavalli tamil nadu
Kaniyūr,Tamil Nadu,11.09297,77.15605,12011,Asia/Kolkata,kaniyūr tamil nadu
Balimila,Odisha,18.25167,82.10659,12008,Asia/Kolkata,balimila odisha
Marwar Junction,Rajasthan,25.72503,73.60329,12004,Asia/Kolkata,marwar junction rajasthan
Etikoppāka,Andhra Pradesh,17.5,82.73333,12000,Asia/Kolkata,etikoppāka andhra pradesh
Colva,Goa,15.27976,73.92285,12000,Asia/Kolkata,colva goa
Dayapar,Goa,23.63371,68.90192,12000,Asia/Kolkata,dayapar goa
Khairābād,Rajasthan,24.6596,75.93067,11993,Asia/Kolkata,khairābād rajasthan
Karumbākkam,Tamil Nadu,12.70203,80.0911,11992,Asia/Kolkata,karumbākkam tamil nadu
Sailāna,Madhya Pradesh,23.46219,74.92318,11989,Asia/Kolkata,sailāna madhya pradesh
Paramati,Tamil Nadu,11.15436,78.02134,11986,Asia/Kolkata,paramati tamil nadu
Cavelossim,Goa,15.17255,73.94194,11983,Asia/Kolkata,cavelossim goa
Jobat,Madhya Pradesh,22.41599,74.56828,11976,Asia/Kolkata,jobat madhya pradesh
Mānkuwa,Goa,23.20986,69.56758,11975,Asia/Kolkata,mānkuwa goa
Āshti,Maharashtra,18.80519,75.17562,11972,Asia/Kolkata,āshti maharashtra
Gūdūr,Karnataka,15.93911,75.91405,11969,Asia/Kolkata,gūdūr karnataka
Natathara,Kerala,10.50919,76.25905,11969,Asia/Kolkata,natathara kerala
Pākhar,Rajasthan,27.11743,76.91091,11960,Asia/Kolkata,pākhar rajasthan
Adalaj,Goa,23.16453,72.58107,11957,Asia/Kolkata,adalaj goa
Kukdeshwar,Madhya Pradesh,24.48285,75.26755,11956,Asia/Kolkata,kukdeshwar madhya pradesh
Mana-Camp,Unknown,21.19395,81.71702,11953,Asia/Kolkata,mana-camp unknown
Bankimnagar,Tripura,23.81866,91.43132,11949,Asia/Kolkata,bankimnagar tripura
Kharaghoda,Goa,23.18713,71.72664,11944,Asia/Kolkata,kharaghoda goa
Ganguvārpatti,Tamil Nadu,10.16943,77.69735,11942,Asia/Kolkata,ganguvārpatti tamil nadu
Bolānīkhodān,Odisha,22.11312,85.33645,11942,Asia/Kolkata,bolānīkhodān odisha
Balīrāmpur,Maharashtra,19.12082,77.33943,11939,Asia/Kolkata,balīrāmpur maharashtra
Rājur,Maharashtra,20.11087,78.89311,11934,Asia/Kolkata,rājur maharashtra
Sātraud Kalān,Gujarat,29.10295,75.81474,11932,Asia/Kolkata,sātraud kalān gujarat
Sāwa,Rajasthan,24.75888,74.57992,11923,Asia/Kolkata,sāwa rajasthan
Santirbazar,Tripura,23.31233,91.56134,11921,Asia/Kolkata,santirbazar tripura
Benaulim,Goa,15.26435,73.92812,11919,Asia/Kolkata,benaulim goa
Athner,Madhya Pradesh,21.62382,77.91523,11915,Asia/Kolkata,athner madhya pradesh
Delvāda,Goa,20.77544,71.04646,11912,Asia/Kolkata,delvāda goa
Pallappālaiyam,Tamil Nadu,10.99506,77.08449,11910,Asia/Kolkata,pallappālaiyam tamil nadu
Attūr,Tamil Nadu,8.3224,77.25575,11910,Asia/Kolkata,attūr tamil nadu
Amarpur,Tripura,23.5257,91.65879,11906,Asia/Kolkata,amarpur tripura
Parappukkara,Kerala,10.40053,76.24932,11893,Asia/Kolkata,parappukkara kerala
Rāmānuj Ganj,Unknown,23.80637,83.69981,11893,Asia/Kolkata,rāmānuj ganj unknown
Majhauli,Madhya Pradesh,24.1197,81.63001,11892,Asia/Kolkata,majhauli madhya pradesh
Labbaikkudikkādu,Tamil Nadu,11.39224,79.02175,11891,Asia/Kolkata,labbaikkudikkādu tamil nadu
Māldhe,Maharashtra,20.52158,74.55343,11881,Asia/Kolkata,māldhe maharashtra
Sirmaur,Madhya Pradesh,24.83648,81.36448,11878,Asia/Kolkata,sirmaur madhya pradesh
Umrāla,Goa,21.84353,71.80305,11874,Asia/Kolkata,umrāla goa
Tamarakutamkudiyiruppu,Tamil Nadu,8.10145,77.4937,11872,Asia/Kolkata,tamarakutamkudiyiruppu tamil nadu
Barhi,Unknown,24.30365,85.41419,11867,Asia/Kolkata,barhi unknown
Gobindapur,Arunachal Pradesh,26.16325,90.59271,11863,Asia/Kolkata,gobindapur arunachal pradesh
Udiyāvara,Karnataka,13.30247,74.73869,11854,Asia/Kolkata,udiyāvara karnataka
Yelur,Karnataka,15.78158,74.51819,11850,Asia/Kolkata,yelur karnataka
Kurattissery,Kerala,9.31872,76.52818,11849,Asia/Kolkata,kurattissery kerala
Atraulia,Uttar Pradesh,26.3333,82.94727,11847,Asia/Kolkata,atraulia uttar pradesh
Tibri,Punjab,32.00312,75.45052,11845,Asia/Kolkata,tibri punjab
Kāttakampāla,Kerala,10.69418,76.03362,11836,Asia/Kolkata,kāttakampāla kerala
Partābpur,Madhya Pradesh,21.83426,75.63728,11835,Asia/Kolkata,partābpur madhya pradesh
Berīwāla,Rajasthan,28.70463,72.64192,11831,Asia/Kolkata,berīwāla rajasthan
Egarkunr,Unknown,23.75098,86.76943,11829,Asia/Kolkata,egarkunr unknown
Arwani,Jammu and Kashmir,33.78226,75.06739,11815,Asia/Kolkata,arwani jammu and kashmir
Satgawan,Unknown,24.54804,84.28197,11811,Asia/Kolkata,satgawan unknown
Sarjāpur,Karnataka,12.85985,77.78657,11807,Asia/Kolkata,sarjāpur karnataka
Ilampillai,Tamil Nadu,11.60659,78.00676,11797,Asia/Kolkata,ilampillai tamil nadu
Sidsar,Goa,21.71889,72.1112,11795,Asia/Kolkata,sidsar goa
Nahira,Arunachal Pradesh,26.10931,91.47045,11790,Asia/Kolkata,nahira arunachal pradesh
Nagapur,Maharashtra,19.15852,74.70087,11790,Asia/Kolkata,nagapur maharashtra
Avalpūndurai,Tamil Nadu,11.23105,77.71819,11789,Asia/Kolkata,avalpūndurai tamil nadu
Gobindapur,West Bengal,22.59306,88.09139,11781,Asia/Kolkata,gobindapur west bengal
Bihpuriāgaon,Arunachal Pradesh,27.01718,93.91673,11780,Asia/Kolkata,bihpuriāgaon arunachal pradesh
Lāla,Arunachal Pradesh,24.55418,92.61592,11771,Asia/Kolkata,lāla arunachal pradesh
Mailāram,Telangana,17.50128,78.12394,11759,Asia/Kolkata,mailāram telangana
Valangaiman,Tamil Nadu,10.89012,79.39322,11754,Asia/Kolkata,valangaiman tamil nadu
Kuhalur,Tamil Nadu,11.43377,77.49601,11753,Asia/Kolkata,kuhalur tamil nadu
Ganjām,Odisha,19.38705,85.05079,11747,Asia/Kolkata,ganjām odisha
Chilla Saroda Khadar,Delhi,28.58761,77.30357,11743,Asia/Kolkata,chilla saroda khadar delhi
Bilāspur,Gujarat,30.3045,77.30424,11733,Asia/Kolkata,bilāspur gujarat
Sevugampatti,Tamil Nadu,10.19876,77.80456,11730,Asia/Kolkata,sevugampatti tamil nadu
Vadakkumbāgam,Kerala,10.14181,76.41677,11727,Asia/Kolkata,vadakkumbāgam kerala
Ranoli,Goa,22.40073,73.13539,11726,Asia/Kolkata,ranoli goa
Pankhedi,Madhya Pradesh,23.34711,76.83631,11723,Asia/Kolkata,pankhedi madhya pradesh
Cherrapunjee,Meghalaya,25.30089,91.69619,11722,Asia/Kolkata,cherrapunjee meghalaya
Lido Town,Arunachal Pradesh,27.29402,95.74175,11717,Asia/Kolkata,lido town arunachal pradesh
Lakkampatti,Tamil Nadu,11.44609,77.41185,11716,Asia/Kolkata,lakkampatti tamil nadu
Kelwa,Rajasthan,25.15212,73.84332,11712,Asia/Kolkata,kelwa rajasthan
Salpara Molandubi Pt.-I,Arunachal Pradesh,26.02833,90.67346,11709,Asia/Kolkata,salpara molandubi pt.-i arunachal pradesh
Bālāgunda,Odisha,22.1,85.36667,11708,Asia/Kolkata,bālāgunda odisha
Aduthurai,Tamil Nadu,11.01542,79.48093,11705,Asia/Kolkata,aduthurai tamil nadu
Hosakote,Karnataka,14.27603,77.16827,11692,Asia/Kolkata,hosakote karnataka
Ambicapur Pt VIII,Arunachal Pradesh,24.82088,92.77543,11691,Asia/Kolkata,ambicapur pt viii arunachal pradesh
Chechat,Rajasthan,24.76667,75.88333,11690,Asia/Kolkata,chechat rajasthan
Nachane,Maharashtra,16.98437,73.33928,11688,Asia/Kolkata,nachane maharashtra
Makron,Madhya Pradesh,23.50671,76.0748,11678,Asia/Kolkata,makron madhya pradesh
Hamīrgarh,Rajasthan,25.18772,74.63122,11678,Asia/Kolkata,hamīrgarh rajasthan
Jainpur,Uttar Pradesh,26.15389,83.33505,11674,Asia/Kolkata,jainpur uttar pradesh
Naduvattam,Tamil Nadu,11.48075,76.54365,11674,Asia/Kolkata,naduvattam tamil nadu
Ullūr,Tamil Nadu,10.97057,79.40632,11673,Asia/Kolkata,ullūr tamil nadu
Kīranūr,Tamil Nadu,10.56988,78.78682,11667,Asia/Kolkata,kīranūr tamil nadu
Naranapuram,Tamil Nadu,9.45052,77.83524,11665,Asia/Kolkata,naranapuram tamil nadu
Vedappatti,Tamil Nadu,10.99882,76.89602,11658,Asia/Kolkata,vedappatti tamil nadu
Freelandgunj,Goa,22.8384,74.2363,11657,Asia/Kolkata,freelandgunj goa
Akodia,Madhya Pradesh,23.38027,76.59875,11652,Asia/Kolkata,akodia madhya pradesh
Panamaram,Kerala,11.74014,76.07369,11651,Asia/Kolkata,panamaram kerala
Chikiti,Odisha,19.20233,84.6145,11645,Asia/Kolkata,chikiti odisha
Bishnāh,Jammu and Kashmir,32.6106,74.85557,11645,Asia/Kolkata,bishnāh jammu and kashmir
Veeraganur,Tamil Nadu,11.47685,78.73522,11624,Asia/Kolkata,veeraganur tamil nadu
Padiyam,Kerala,10.4526,76.103,11623,Asia/Kolkata,padiyam kerala
Shāhāpur,Maharashtra,19.45231,73.32572,11623,Asia/Kolkata,shāhāpur maharashtra
Saitual,Mizoram,23.68307,92.96712,11619,Asia/Kolkata,saitual mizoram
Chiman,Punjab,30.0936,75.6875,11615,Asia/Kolkata,chiman punjab
Rehti,Madhya Pradesh,22.73781,77.43399,11611,Asia/Kolkata,rehti madhya pradesh
Kallakkudi,Tamil Nadu,10.97681,78.95126,11604,Asia/Kolkata,kallakkudi tamil nadu
Veluthūr,Kerala,10.53974,76.22375,11602,Asia/Kolkata,veluthūr kerala
Gokunda,Maharashtra,19.60707,78.20072,11600,Asia/Kolkata,gokunda maharashtra
Devipattinam,Tamil Nadu,9.47763,78.89558,11599,Asia/Kolkata,devipattinam tamil nadu
Yercaud,Tamil Nadu,11.77599,78.20927,11582,Asia/Kolkata,yercaud tamil nadu
Velloorkunnam,Kerala,10.00474,76.54738,11576,Asia/Kolkata,velloorkunnam kerala
Vadapādam,Kerala,10.26729,76.26663,11573,Asia/Kolkata,vadapādam kerala
Titron,Uttar Pradesh,29.66824,77.32391,11569,Asia/Kolkata,titron uttar pradesh
Hasanpur,Gujarat,27.96944,77.49544,11569,Asia/Kolkata,hasanpur gujarat
Bhim,Rajasthan,25.73804,74.08013,11568,Asia/Kolkata,bhim rajasthan
Chikkabidarakallu,Karnataka,13.05155,77.48837,11554,Asia/Kolkata,chikkabidarakallu karnataka
Govindgarh,Rajasthan,27.50423,76.99938,11552,Asia/Kolkata,govindgarh rajasthan
Tirurāgeswaram,Tamil Nadu,13.00917,80.1475,11551,Asia/Kolkata,tirurāgeswaram tamil nadu
Kudwā,Maharashtra,21.47799,80.18563,11549,Asia/Kolkata,kudwā maharashtra
Chinnakkāmpālaiyam,Tamil Nadu,10.70643,77.4575,11546,Asia/Kolkata,chinnakkāmpālaiyam tamil nadu
Rajgamar,Unknown,22.38197,82.83298,11544,Asia/Kolkata,rajgamar unknown
Uppala,Kerala,12.68436,74.90068,11542,Asia/Kolkata,uppala kerala
Kōlazhi,Kerala,10.57237,76.21871,11540,Asia/Kolkata,kōlazhi kerala
Dharmaram,Telangana,18.30384,79.48924,11537,Asia/Kolkata,dharmaram telangana
Panapākkam,Tamil Nadu,12.92102,79.56632,11536,Asia/Kolkata,panapākkam tamil nadu
Tsrār Sharīf,Jammu and Kashmir,33.86319,74.76524,11533,Asia/Kolkata,tsrār sharīf jammu and kashmir
Chākāi,Bihar,24.5493,86.39777,11525,Asia/Kolkata,chākāi bihar
Pātrasāer,West Bengal,23.19697,87.53319,11520,Asia/Kolkata,pātrasāer west bengal
Jīran,Madhya Pradesh,24.30871,74.89087,11518,Asia/Kolkata,jīran madhya pradesh
Ayodhyāpattanam,Tamil Nadu,11.67546,78.24091,11517,Asia/Kolkata,ayodhyāpattanam tamil nadu
Potreddipalli,Telangana,17.58803,78.07984,11514,Asia/Kolkata,potreddipalli telangana
Orchha,Madhya Pradesh,25.35192,78.64033,11511,Asia/Kolkata,orchha madhya pradesh
Puduppatti,Tamil Nadu,9.76575,77.30653,11511,Asia/Kolkata,puduppatti tamil nadu
Arasūr,Tamil Nadu,11.08663,77.1146,11510,Asia/Kolkata,arasūr tamil nadu
Chitegaon,Maharashtra,19.75843,75.28952,11507,Asia/Kolkata,chitegaon maharashtra
Talaiyūr,Tamil Nadu,11.01016,76.84896,11500,Asia/Kolkata,talaiyūr tamil nadu
Kamalāpuram,Telangana,18.26803,80.48904,11493,Asia/Kolkata,kamalāpuram telangana
Thondamuthur,Tamil Nadu,10.99082,76.84181,11492,Asia/Kolkata,thondamuthur tamil nadu
Dhuwaran,Goa,22.23779,72.7591,11473,Asia/Kolkata,dhuwaran goa
Bandarulanka,Andhra Pradesh,16.58282,81.96167,11470,Asia/Kolkata,bandarulanka andhra pradesh
Masila,West Bengal,22.58083,88.23278,11461,Asia/Kolkata,masila west bengal
Hinjawadi,Maharashtra,18.59342,73.72985,11459,Asia/Kolkata,hinjawadi maharashtra
Dumarkunda,Unknown,23.71495,86.79354,11434,Asia/Kolkata,dumarkunda unknown
Dalmau,Uttar Pradesh,26.06477,81.0298,11432,Asia/Kolkata,dalmau uttar pradesh
Nārāyanavanam,Andhra Pradesh,13.42565,79.58881,11432,Asia/Kolkata,nārāyanavanam andhra pradesh
Sargūr,Karnataka,11.99971,76.39611,11425,Asia/Kolkata,sargūr karnataka
Nagīna,Gujarat,27.91717,76.98207,11417,Asia/Kolkata,nagīna gujarat
Modameedipalle,Andhra Pradesh,14.73595,78.56058,11397,Asia/Kolkata,modameedipalle andhra pradesh
Azhagiapāndipuram,Tamil Nadu,8.30066,77.44394,11392,Asia/Kolkata,azhagiapāndipuram tamil nadu
Kādiyāmpatti,Tamil Nadu,11.87199,78.09614,11390,Asia/Kolkata,kādiyāmpatti tamil nadu
Lakhnā,Uttar Pradesh,26.64822,79.1477,11389,Asia/Kolkata,lakhnā uttar pradesh
Roing,Arunachal Pradesh,28.14318,95.84468,11389,Asia/Kolkata,roing arunachal pradesh
Kūttāli,Kerala,11.58549,75.76659,11389,Asia/Kolkata,kūttāli kerala
Pudupalayam,Tamil Nadu,12.36197,78.87761,11382,Asia/Kolkata,pudupalayam tamil nadu
Kadattūr,Tamil Nadu,12.0861,78.29257,11382,Asia/Kolkata,kadattūr tamil nadu
Utekhol,Maharashtra,18.24391,73.2867,11380,Asia/Kolkata,utekhol maharashtra
Kakching Khunou,Manipur,24.4047,93.89981,11379,Asia/Kolkata,kakching khunou manipur
Singhāna,Rajasthan,28.09959,75.83895,11372,Asia/Kolkata,singhāna rajasthan
Farīdnagar,Uttar Pradesh,28.76923,77.62934,11371,Asia/Kolkata,farīdnagar uttar pradesh
Gakulnagar,Tripura,23.71161,91.25705,11369,Asia/Kolkata,gakulnagar tripura
Dariāwad,Rajasthan,24.10119,74.44311,11368,Asia/Kolkata,dariāwad rajasthan
Konaje,Karnataka,12.79696,75.5102,11368,Asia/Kolkata,konaje karnataka
Bishrampur,Unknown,23.18967,83.0047,11367,Asia/Kolkata,bishrampur unknown
Bagra,Unknown,23.73333,86.31667,11364,Asia/Kolkata,bagra unknown
Tākalghāt,Maharashtra,20.91521,78.94694,11363,Asia/Kolkata,tākalghāt maharashtra
Meghraj,Goa,23.49805,73.51352,11363,Asia/Kolkata,meghraj goa
Sānrha,Bihar,25.79787,84.75045,11362,Asia/Kolkata,sānrha bihar
Barāgaon,Uttar Pradesh,25.42936,82.81709,11362,Asia/Kolkata,barāgaon uttar pradesh
Mahalpur,Punjab,31.36185,76.03774,11360,Asia/Kolkata,mahalpur punjab
Uttar Champamura,Tripura,23.83118,91.33994,11359,Asia/Kolkata,uttar champamura tripura
Sēvūr,Tamil Nadu,12.95549,78.85307,11356,Asia/Kolkata,sēvūr tamil nadu
Jobner,Rajasthan,26.97257,75.38752,11354,Asia/Kolkata,jobner rajasthan
Vartej,Goa,21.73947,72.06553,11354,Asia/Kolkata,vartej goa
Rāmpura,Uttar Pradesh,26.34967,79.18234,11347,Asia/Kolkata,rāmpura uttar pradesh
Venkidanga,Kerala,10.51917,76.08599,11335,Asia/Kolkata,venkidanga kerala
Sorab,Karnataka,14.38144,75.09183,11332,Asia/Kolkata,sorab karnataka
Shamsābād,Madhya Pradesh,23.81495,77.49567,11329,Asia/Kolkata,shamsābād madhya pradesh
Manimutharu,Tamil Nadu,8.65773,77.41392,11323,Asia/Kolkata,manimutharu tamil nadu
Lakshettipet,Telangana,18.86667,79.21667,11322,Asia/Kolkata,lakshettipet telangana
Yol,Haryana,32.16423,76.19622,11314,Asia/Kolkata,yol haryana
Udayagiri,Odisha,20.12416,84.36869,11302,Asia/Kolkata,udayagiri odisha
Ghāzīpur,Bihar,25.09832,86.66033,11299,Asia/Kolkata,ghāzīpur bihar
Belaguntha,Odisha,19.88249,84.63801,11297,Asia/Kolkata,belaguntha odisha
Kānjikkovil,Tamil Nadu,11.36888,77.59618,11294,Asia/Kolkata,kānjikkovil tamil nadu
Uppidamangalam,Tamil Nadu,10.90338,78.15751,11292,Asia/Kolkata,uppidamangalam tamil nadu
Manohar Thāna,Rajasthan,24.24,76.80182,11292,Asia/Kolkata,manohar thāna rajasthan
Sonāmura,Tripura,23.47547,91.2659,11285,Asia/Kolkata,sonāmura tripura
Puduvayal,Tamil Nadu,10.10338,78.84624,11284,Asia/Kolkata,puduvayal tamil nadu
Allipur,Telangana,17.6763,77.62887,11276,Asia/Kolkata,allipur telangana
Sinor,Goa,21.91117,73.33974,11267,Asia/Kolkata,sinor goa
Karnāwad,Madhya Pradesh,22.73607,76.24387,11266,Asia/Kolkata,karnāwad madhya pradesh
Tirumalarājanpatnam,Puducherry,10.87206,79.83019,11264,Asia/Kolkata,tirumalarājanpatnam puducherry
Antarjal,Goa,23.05445,70.08306,11256,Asia/Kolkata,antarjal goa
Kānota,Rajasthan,26.87097,75.9484,11250,Asia/Kolkata,kānota rajasthan
Idukki,Kerala,9.85,76.96667,11248,Asia/Kolkata,idukki kerala
Pathsala,Arunachal Pradesh,26.51143,91.18017,11242,Asia/Kolkata,pathsala arunachal pradesh
Marungūr,Tamil Nadu,8.1721,77.50367,11236,Asia/Kolkata,marungūr tamil nadu
Kadambuttūr,Tamil Nadu,13.09755,79.86227,11235,Asia/Kolkata,kadambuttūr tamil nadu
Srirampura,Karnataka,12.25488,76.62152,11234,Asia/Kolkata,srirampura karnataka
Shivatkar,Maharashtra,18.10157,74.21419,11228,Asia/Kolkata,shivatkar maharashtra
Rāyagiri,Tamil Nadu,9.30373,77.44753,11223,Asia/Kolkata,rāyagiri tamil nadu
Anandnagar,Uttar Pradesh,27.10062,83.27156,11220,Asia/Kolkata,anandnagar uttar pradesh
Chapra,Arunachal Pradesh,24.87042,92.55788,11220,Asia/Kolkata,chapra arunachal pradesh
Chandūr,Telangana,17.87455,78.10017,11220,Asia/Kolkata,chandūr telangana
Sādāt,Uttar Pradesh,25.67117,83.30269,11211,Asia/Kolkata,sādāt uttar pradesh
Kavaratti,Lakshadweep,10.56688,72.64203,11210,Asia/Kolkata,kavaratti lakshadweep
Barkhera Kalān,Uttar Pradesh,28.45209,79.80655,11209,Asia/Kolkata,barkhera kalān uttar pradesh
Bhatgaon,Unknown,23.35979,82.99661,11204,Asia/Kolkata,bhatgaon unknown
Tawang Town,Arunachal Pradesh,27.57417,91.795,11202,Asia/Kolkata,tawang town arunachal pradesh
Hasir,Unknown,23.77346,85.81395,11195,Asia/Kolkata,hasir unknown
Murgūd,Maharashtra,16.39604,74.19142,11194,Asia/Kolkata,murgūd maharashtra
Andrott,Lakshadweep,10.81186,73.67408,11191,Asia/Kolkata,andrott lakshadweep
Tundhul,Unknown,23.32468,85.24474,11190,Asia/Kolkata,tundhul unknown
Diwākari,Rajasthan,27.55525,76.65943,11188,Asia/Kolkata,diwākari rajasthan
Guntupalle,Andhra Pradesh,16.56794,80.54758,11187,Asia/Kolkata,guntupalle andhra pradesh
Pillānallūr,Tamil Nadu,11.43215,78.1334,11181,Asia/Kolkata,pillānallūr tamil nadu
Dohrighāt,Uttar Pradesh,26.27217,83.50916,11180,Asia/Kolkata,dohrighāt uttar pradesh
Tirupananthal,Tamil Nadu,11.09233,79.45252,11169,Asia/Kolkata,tirupananthal tamil nadu
Raj Pur Khurd,Delhi,28.49445,77.19083,11161,Asia/Kolkata,raj pur khurd delhi
Fulkumari,Tripura,23.52296,91.50479,11160,Asia/Kolkata,fulkumari tripura
Bahsūma,Uttar Pradesh,29.20063,77.97221,11157,Asia/Kolkata,bahsūma uttar pradesh
Bānskhoh,Rajasthan,26.83089,76.15205,11150,Asia/Kolkata,bānskhoh rajasthan
Atru,Rajasthan,24.87686,76.66105,11141,Asia/Kolkata,atru rajasthan
Poomangalam,Kerala,10.31127,76.19286,11141,Asia/Kolkata,poomangalam kerala
Annāl Agrahāram,Tamil Nadu,10.94854,79.36826,11129,Asia/Kolkata,annāl agrahāram tamil nadu
Chhutmalpur,Uttar Pradesh,30.03209,77.75329,11127,Asia/Kolkata,chhutmalpur uttar pradesh
Perur,Andhra Pradesh,13.61883,79.38255,11127,Asia/Kolkata,perur andhra pradesh
Keskāl,Unknown,20.0836,81.58675,11115,Asia/Kolkata,keskāl unknown
Mūlaikkaraippatti,Tamil Nadu,8.54541,77.76792,11112,Asia/Kolkata,mūlaikkaraippatti tamil nadu
Maidan Garhi,Delhi,28.5003,77.20558,11111,Asia/Kolkata,maidan garhi delhi
Velankanni,Tamil Nadu,10.68333,79.83333,11108,Asia/Kolkata,velankanni tamil nadu
Okni,Unknown,24.00011,85.35477,11106,Asia/Kolkata,okni unknown
Kempanāyakkanpālaiyam,Tamil Nadu,11.53102,77.3014,11103,Asia/Kolkata,kempanāyakkanpālaiyam tamil nadu
Bisenda Buzurg,Uttar Pradesh,25.4035,80.61889,11100,Asia/Kolkata,bisenda buzurg uttar pradesh
Hanūr,Karnataka,12.0874,77.30208,11066,Asia/Kolkata,hanūr karnataka
Bhattiān,Punjab,30.961,75.82886,11066,Asia/Kolkata,bhattiān punjab
Cheyyur,Tamil Nadu,12.34948,80.00304,11060,Asia/Kolkata,cheyyur tamil nadu
Chiramanangād,Kerala,10.69045,76.11774,11060,Asia/Kolkata,chiramanangād kerala
Kottāram,Tamil Nadu,8.11877,77.52428,11055,Asia/Kolkata,kottāram tamil nadu
Ghogaon,Madhya Pradesh,21.91622,75.74734,11054,Asia/Kolkata,ghogaon madhya pradesh
Bilha,Unknown,21.95,82.05,11048,Asia/Kolkata,bilha unknown
Sāitlaw,Mizoram,23.97187,92.57454,11043,Asia/Kolkata,sāitlaw mizoram
Kāttupputtūr,Tamil Nadu,10.99385,78.21929,11040,Asia/Kolkata,kāttupputtūr tamil nadu
Varsoli,Maharashtra,18.66646,72.86923,11039,Asia/Kolkata,varsoli maharashtra
Attippattu,Tamil Nadu,13.26329,80.2911,11034,Asia/Kolkata,attippattu tamil nadu
Rahā,Arunachal Pradesh,26.23333,92.51667,11030,Asia/Kolkata,rahā arunachal pradesh
Satrikh,Uttar Pradesh,26.86045,81.19567,11023,Asia/Kolkata,satrikh uttar pradesh
Būdipuram,Tamil Nadu,10.0035,77.44584,11022,Asia/Kolkata,būdipuram tamil nadu
Khawzawl,Mizoram,23.51771,93.18886,11022,Asia/Kolkata,khawzawl mizoram
Gerimari Chapori,Arunachal Pradesh,26.42783,92.02511,11004,Asia/Kolkata,gerimari chapori arunachal pradesh
Pāndātarai,Unknown,22.18714,81.32815,11000,Asia/Kolkata,pāndātarai unknown
Harrai,Madhya Pradesh,22.61428,79.22207,11000,Asia/Kolkata,harrai madhya pradesh
Benkanhalli,Karnataka,15.86408,74.45701,10999,Asia/Kolkata,benkanhalli karnataka
Anjugramam,Tamil Nadu,8.15437,77.57807,10982,Asia/Kolkata,anjugramam tamil nadu
Budha Thēh,Punjab,31.51774,75.30092,10979,Asia/Kolkata,budha thēh punjab
Mandāwar,Rajasthan,27.86374,76.54999,10979,Asia/Kolkata,mandāwar rajasthan
Amgaon,Maharashtra,21.37196,80.38446,10972,Asia/Kolkata,amgaon maharashtra
Mahu Khurd,Rajasthan,26.46932,76.73254,10971,Asia/Kolkata,mahu khurd rajasthan
Nasiyanūr,Tamil Nadu,11.33814,77.64082,10970,Asia/Kolkata,nasiyanūr tamil nadu
Mahāgama,Unknown,25.03425,87.31867,10969,Asia/Kolkata,mahāgama unknown
Manavālakurichi,Tamil Nadu,8.14776,77.30552,10969,Asia/Kolkata,manavālakurichi tamil nadu
Tottakkurichchi,Tamil Nadu,11.07133,78.03149,10969,Asia/Kolkata,tottakkurichchi tamil nadu
Bhābhra,Madhya Pradesh,22.53048,74.32846,10968,Asia/Kolkata,bhābhra madhya pradesh
Ettāpur,Tamil Nadu,11.66245,78.47644,10968,Asia/Kolkata,ettāpur tamil nadu
Bhimpur,52,20.45,72.88333,10936,Asia/Kolkata,bhimpur 52
Solim,Goa,15.61521,73.7674,10936,Asia/Kolkata,solim goa
Gola Bāzār,Uttar Pradesh,26.3446,83.35303,10936,Asia/Kolkata,gola bāzār uttar pradesh
Satrod Khas,Gujarat,29.13076,75.79165,10932,Asia/Kolkata,satrod khas gujarat
Rahanal,Maharashtra,19.2704,73.02724,10928,Asia/Kolkata,rahanal maharashtra
Bhuja Bhuja Nellore,Andhra Pradesh,14.39468,79.9399,10927,Asia/Kolkata,bhuja bhuja nellore andhra pradesh
Marudūr,Tamil Nadu,10.91603,78.45092,10925,Asia/Kolkata,marudūr tamil nadu
Moparipālaiyam,Tamil Nadu,11.13318,77.14698,10923,Asia/Kolkata,moparipālaiyam tamil nadu
Kesabpur,West Bengal,22.96833,88.26278,10921,Asia/Kolkata,kesabpur west bengal
Daurāla,Uttar Pradesh,29.11344,77.70467,10915,Asia/Kolkata,daurāla uttar pradesh
Mehmood Pora,Jammu and Kashmir,33.68736,74.99523,10910,Asia/Kolkata,mehmood pora jammu and kashmir
Būriya,Gujarat,30.15911,77.35814,10903,Asia/Kolkata,būriya gujarat
Gudlavalleru,Andhra Pradesh,16.35,81.05,10902,Asia/Kolkata,gudlavalleru andhra pradesh
Gutlong Gaon,Arunachal Pradesh,26.6534,92.81613,10900,Asia/Kolkata,gutlong gaon arunachal pradesh
Kheri Sāmpla,Gujarat,28.7781,76.7756,10891,Asia/Kolkata,kheri sāmpla gujarat
Virālimalai,Tamil Nadu,10.60226,78.54711,10883,Asia/Kolkata,virālimalai tamil nadu
Narasingāpuram,Andhra Pradesh,13.60759,79.31652,10875,Asia/Kolkata,narasingāpuram andhra pradesh
Kamalpur,Tripura,24.19593,91.83438,10872,Asia/Kolkata,kamalpur tripura
Māyāpur,West Bengal,22.41667,88.11667,10871,Asia/Kolkata,māyāpur west bengal
Rengāli,Odisha,21.64602,84.05311,10867,Asia/Kolkata,rengāli odisha
Dever Inder Bug,Jammu and Kashmir,34.45581,74.45072,10863,Asia/Kolkata,dever inder bug jammu and kashmir
Pāliyād,Goa,22.25757,71.56024,10862,Asia/Kolkata,pāliyād goa
Anjūr,Kerala,10.59169,76.15449,10860,Asia/Kolkata,anjūr kerala
Vīraganūr,Tamil Nadu,11.47613,78.73553,10854,Asia/Kolkata,vīraganūr tamil nadu
Sakkimangalam,Tamil Nadu,9.88119,78.19245,10854,Asia/Kolkata,sakkimangalam tamil nadu
Vubatalai,Tamil Nadu,11.35974,76.76495,10852,Asia/Kolkata,vubatalai tamil nadu
Valavilcheleri,Kerala,11.95251,75.40431,10848,Asia/Kolkata,valavilcheleri kerala
Kargal,Karnataka,14.1883,74.81269,10847,Asia/Kolkata,kargal karnataka
Pratāp Singhwāla,Punjab,30.92824,75.7786,10843,Asia/Kolkata,pratāp singhwāla punjab
Thongju,Manipur,24.75762,93.93738,10836,Asia/Kolkata,thongju manipur
Kālappanāyakkanpatti,Tamil Nadu,11.32842,78.24437,10831,Asia/Kolkata,kālappanāyakkanpatti tamil nadu
Sangmeshwār,Maharashtra,20.54992,74.52831,10815,Asia/Kolkata,sangmeshwār maharashtra
Dispur,Arunachal Pradesh,26.13564,91.80069,10812,Asia/Kolkata,dispur arunachal pradesh
Nangavalli,Tamil Nadu,11.76189,77.89093,10809,Asia/Kolkata,nangavalli tamil nadu
Nemili,Tamil Nadu,12.97833,79.61722,10806,Asia/Kolkata,nemili tamil nadu
Jāli,Karnataka,13.99005,74.53072,10802,Asia/Kolkata,jāli karnataka
Tekkumbāgam,Kerala,10.12344,76.41655,10798,Asia/Kolkata,tekkumbāgam kerala
Ajjampur,Karnataka,13.72794,76.0068,10795,Asia/Kolkata,ajjampur karnataka
Krishnarayapuram,Tamil Nadu,10.95628,78.28308,10792,Asia/Kolkata,krishnarayapuram tamil nadu
Kizhakkumbāgam,Kerala,10.13151,76.44466,10791,Asia/Kolkata,kizhakkumbāgam kerala
Bagrāna,Rajasthan,26.88474,75.93239,10790,Asia/Kolkata,bagrāna rajasthan
Medpalli,Telangana,17.40611,78.60444,10787,Asia/Kolkata,medpalli telangana
Mauli Jagran,Bihar,30.69195,76.82592,10786,Asia/Kolkata,mauli jagran bihar
Khujner,Madhya Pradesh,23.78597,76.61773,10785,Asia/Kolkata,khujner madhya pradesh
Gangaikondān,Tamil Nadu,8.85785,77.78019,10779,Asia/Kolkata,gangaikondān tamil nadu
Allāpalli,Maharashtra,19.43172,80.06377,10772,Asia/Kolkata,allāpalli maharashtra
Bhankarpur,Punjab,30.60616,76.83631,10768,Asia/Kolkata,bhankarpur punjab
Bāgli,Madhya Pradesh,22.64124,76.34877,10764,Asia/Kolkata,bāgli madhya pradesh
Kallupatti,Tamil Nadu,9.71667,77.86667,10762,Asia/Kolkata,kallupatti tamil nadu
Partāpur,Rajasthan,23.59276,74.17396,10758,Asia/Kolkata,partāpur rajasthan
Choglamsar,Ladakh,34.11163,77.58794,10754,Asia/Kolkata,choglamsar ladakh
Chhachhrauli,Gujarat,30.24492,77.36027,10751,Asia/Kolkata,chhachhrauli gujarat
Ammavarikuppam,Tamil Nadu,13.17794,79.41278,10750,Asia/Kolkata,ammavarikuppam tamil nadu
Mahuver,Goa,21.02668,72.88683,10749,Asia/Kolkata,mahuver goa
Sirugamani,Tamil Nadu,10.89496,78.53008,10743,Asia/Kolkata,sirugamani tamil nadu
Pulāmbādi,Tamil Nadu,11.41239,78.71411,10737,Asia/Kolkata,pulāmbādi tamil nadu
Kālīnagar,Uttar Pradesh,28.62019,80.08152,10728,Asia/Kolkata,kālīnagar uttar pradesh
Siltara,Unknown,21.38116,81.66378,10721,Asia/Kolkata,siltara unknown
Bramhabarada,Odisha,20.7426,86.24454,10721,Asia/Kolkata,bramhabarada odisha
Rājāpur,Maharashtra,16.65679,73.51701,10718,Asia/Kolkata,rājāpur maharashtra
Nālāgarh,Haryana,31.04168,76.72285,10708,Asia/Kolkata,nālāgarh haryana
Raia,Goa,15.30499,73.97096,10706,Asia/Kolkata,raia goa
Maktampur,Goa,21.70507,73.01188,10704,Asia/Kolkata,maktampur goa
Gopālasamudram,Tamil Nadu,8.67468,77.63792,10694,Asia/Kolkata,gopālasamudram tamil nadu
Parshādepur,Uttar Pradesh,26.07354,81.49207,10690,Asia/Kolkata,parshādepur uttar pradesh
Alampur,Madhya Pradesh,26.02514,78.79697,10686,Asia/Kolkata,alampur madhya pradesh
Pīplya Kumar,Madhya Pradesh,22.7685,75.91214,10684,Asia/Kolkata,pīplya kumar madhya pradesh
Kathāniān,Punjab,31.63728,74.75718,10679,Asia/Kolkata,kathāniān punjab
Chakghat,Madhya Pradesh,25.04282,81.7281,10678,Asia/Kolkata,chakghat madhya pradesh
Bhulath Gharbi,Punjab,31.54279,75.50755,10669,Asia/Kolkata,bhulath gharbi punjab
Kushālgarh,Rajasthan,23.19899,74.45074,10666,Asia/Kolkata,kushālgarh rajasthan
Māndu,Madhya Pradesh,22.34125,75.4013,10657,Asia/Kolkata,māndu madhya pradesh
Chāndarun,Rajasthan,26.92696,74.33551,10655,Asia/Kolkata,chāndarun rajasthan
Puranattukara,Kerala,10.54532,76.15225,10655,Asia/Kolkata,puranattukara kerala
patamda,Unknown,24.3,85.41667,10655,Asia/Kolkata,patamda unknown
Pūth Khurd,Delhi,28.77001,77.04944,10654,Asia/Kolkata,pūth khurd delhi
Srīrāmpuram,Tamil Nadu,10.43464,77.80754,10653,Asia/Kolkata,srīrāmpuram tamil nadu
Khanr,Madhya Pradesh,24.18082,81.28567,10653,Asia/Kolkata,khanr madhya pradesh
Karrāpur,Madhya Pradesh,23.94891,78.86584,10647,Asia/Kolkata,karrāpur madhya pradesh
Dhāna,Madhya Pradesh,23.74697,78.86234,10641,Asia/Kolkata,dhāna madhya pradesh
Jona Pur,Delhi,28.46615,77.15377,10635,Asia/Kolkata,jona pur delhi
Tākli,Maharashtra,20.47067,75.02436,10630,Asia/Kolkata,tākli maharashtra
Betūl Bazār,Madhya Pradesh,21.85572,77.92913,10630,Asia/Kolkata,betūl bazār madhya pradesh
Tālgrām,Uttar Pradesh,27.04753,79.64811,10629,Asia/Kolkata,tālgrām uttar pradesh
Kandri,Maharashtra,21.24297,79.23911,10624,Asia/Kolkata,kandri maharashtra
Babai,Rajasthan,27.8876,75.76223,10620,Asia/Kolkata,babai rajasthan
Hanumantanpatti,Tamil Nadu,9.78585,77.31701,10619,Asia/Kolkata,hanumantanpatti tamil nadu
Ibrāhīmpur,Delhi,28.77566,77.17771,10614,Asia/Kolkata,ibrāhīmpur delhi
Jānpur,Bihar,25.29578,84.87894,10614,Asia/Kolkata,jānpur bihar
Yenugonda,Telangana,16.75667,78.03573,10611,Asia/Kolkata,yenugonda telangana
Āppukkudal,Tamil Nadu,11.46845,77.57664,10610,Asia/Kolkata,āppukkudal tamil nadu
Bithūr,Uttar Pradesh,26.60664,80.27098,10602,Asia/Kolkata,bithūr uttar pradesh
Suthālia,Madhya Pradesh,23.99552,77.13953,10596,Asia/Kolkata,suthālia madhya pradesh
Sarai Ekdil,Uttar Pradesh,26.74442,79.09353,10594,Asia/Kolkata,sarai ekdil uttar pradesh
Lamshang,Manipur,24.81587,93.87418,10593,Asia/Kolkata,lamshang manipur
Satai,Madhya Pradesh,24.72203,79.63098,10592,Asia/Kolkata,satai madhya pradesh
Naliya,Goa,23.26058,68.82655,10587,Asia/Kolkata,naliya goa
Talen,Madhya Pradesh,23.56949,76.72821,10582,Asia/Kolkata,talen madhya pradesh
Arshakunti,Karnataka,13.07849,77.42247,10567,Asia/Kolkata,arshakunti karnataka
Rengte,Arunachal Pradesh,24.48115,92.75858,10554,Asia/Kolkata,rengte arunachal pradesh
Paddhari,Goa,22.43654,70.60162,10547,Asia/Kolkata,paddhari goa
Govindgarh,Madhya Pradesh,24.37845,81.29644,10547,Asia/Kolkata,govindgarh madhya pradesh
Nawagarh,Unknown,21.90083,81.61346,10541,Asia/Kolkata,nawagarh unknown
Baldev,Uttar Pradesh,27.40684,77.82214,10536,Asia/Kolkata,baldev uttar pradesh
Mādhogarh,Uttar Pradesh,26.27522,79.1859,10530,Asia/Kolkata,mādhogarh uttar pradesh
Kothri Kalān,Madhya Pradesh,23.07219,76.8296,10526,Asia/Kolkata,kothri kalān madhya pradesh
Pavuluru,Andhra Pradesh,15.85292,80.16468,10524,Asia/Kolkata,pavuluru andhra pradesh
Māllūr,Tamil Nadu,11.54424,78.14078,10524,Asia/Kolkata,māllūr tamil nadu
Kotūr,Telangana,17.14842,78.28734,10519,Asia/Kolkata,kotūr telangana
Gariāband,Unknown,20.63323,82.06221,10517,Asia/Kolkata,gariāband unknown
Rurki,Punjab,30.36953,76.47415,10509,Asia/Kolkata,rurki punjab
Mithapur,Goa,22.41414,69.00885,10508,Asia/Kolkata,mithapur goa
Kondhi,Maharashtra,20.01453,79.28564,10497,Asia/Kolkata,kondhi maharashtra
Kangarāli-budrukh,Karnataka,15.90523,74.51128,10496,Asia/Kolkata,kangarāli-budrukh karnataka
Ala,Kerala,10.25353,76.18568,10493,Asia/Kolkata,ala kerala
Pālamedu,Tamil Nadu,10.10501,78.11336,10493,Asia/Kolkata,pālamedu tamil nadu
Haludpukhur,Unknown,22.60112,86.13844,10485,Asia/Kolkata,haludpukhur unknown
Yenumalapalle,Andhra Pradesh,14.14424,77.81685,10482,Asia/Kolkata,yenumalapalle andhra pradesh
Poyya,Kerala,10.20989,76.25508,10478,Asia/Kolkata,poyya kerala
Daheli,Goa,20.2697,72.87884,10475,Asia/Kolkata,daheli goa
Safāpūr,Jammu and Kashmir,34.26055,74.66418,10471,Asia/Kolkata,safāpūr jammu and kashmir
Keerikkad,Kerala,9.17722,76.48555,10465,Asia/Kolkata,keerikkad kerala
Kānar,Madhya Pradesh,23.67209,76.17084,10458,Asia/Kolkata,kānar madhya pradesh
Padaivedu,Tamil Nadu,11.44012,77.80894,10451,Asia/Kolkata,padaivedu tamil nadu
Rangpo,Sikkim,27.17733,88.53358,10450,Asia/Kolkata,rangpo sikkim
Nandgaon,Uttar Pradesh,27.71102,77.38653,10449,Asia/Kolkata,nandgaon uttar pradesh
Minicoy,Lakshadweep,8.28899,73.0617,10447,Asia/Kolkata,minicoy lakshadweep
Marāi Kalān,Unknown,24.02111,85.35062,10447,Asia/Kolkata,marāi kalān unknown
Mohgaon,Madhya Pradesh,21.63941,78.73638,10446,Asia/Kolkata,mohgaon madhya pradesh
Sūrappattu,Tamil Nadu,13.14294,80.19175,10444,Asia/Kolkata,sūrappattu tamil nadu
Bānposh,Odisha,22.24834,84.81044,10430,Asia/Kolkata,bānposh odisha
Kadannappalli,Kerala,12.09997,75.27616,10430,Asia/Kolkata,kadannappalli kerala
Bagicha,Unknown,22.9773,83.65705,10427,Asia/Kolkata,bagicha unknown
Bichhiā,Madhya Pradesh,22.45047,80.70236,10427,Asia/Kolkata,bichhiā madhya pradesh
Hātod,Madhya Pradesh,22.79378,75.73928,10425,Asia/Kolkata,hātod madhya pradesh
Manor,Maharashtra,19.7244,72.90966,10421,Asia/Kolkata,manor maharashtra
Benīganj,Uttar Pradesh,27.29293,80.44364,10418,Asia/Kolkata,benīganj uttar pradesh
Revadanda,Maharashtra,18.55363,72.92559,10416,Asia/Kolkata,revadanda maharashtra
Mudki,Punjab,30.78005,74.88106,10415,Asia/Kolkata,mudki punjab
Bethamangala,Karnataka,13.00846,78.32824,10413,Asia/Kolkata,bethamangala karnataka
Kāri,Madhya Pradesh,24.83679,78.86654,10409,Asia/Kolkata,kāri madhya pradesh
Nāushahra,Jammu and Kashmir,33.15712,74.24012,10408,Asia/Kolkata,nāushahra jammu and kashmir
Vadakkumkara,Kerala,10.30418,76.21894,10407,Asia/Kolkata,vadakkumkara kerala
Tindwāri,Uttar Pradesh,25.61739,80.52718,10406,Asia/Kolkata,tindwāri uttar pradesh
Kāntāphor,Madhya Pradesh,22.57659,76.5596,10405,Asia/Kolkata,kāntāphor madhya pradesh
Naīgarhi,Madhya Pradesh,24.78686,81.77868,10404,Asia/Kolkata,naīgarhi madhya pradesh
Manjanādi,Karnataka,12.78275,74.89788,10401,Asia/Kolkata,manjanādi karnataka
Kayattār,Tamil Nadu,8.94834,77.77424,10400,Asia/Kolkata,kayattār tamil nadu
Saravli,Maharashtra,19.77703,72.7528,10397,Asia/Kolkata,saravli maharashtra
Chāmpua,Odisha,22.06734,85.66463,10394,Asia/Kolkata,chāmpua odisha
Peraiyur,Tamil Nadu,9.73579,77.78955,10394,Asia/Kolkata,peraiyur tamil nadu
Mānglya,Madhya Pradesh,22.81461,75.92585,10393,Asia/Kolkata,mānglya madhya pradesh
Nāttarampalli,Tamil Nadu,12.59203,78.51163,10390,Asia/Kolkata,nāttarampalli tamil nadu
Umrangso,Arunachal Pradesh,25.51195,92.73759,10376,Asia/Kolkata,umrangso arunachal pradesh
Eraniel,Tamil Nadu,8.20589,77.31726,10375,Asia/Kolkata,eraniel tamil nadu
Kampur Town,Arunachal Pradesh,26.15955,92.65857,10371,Asia/Kolkata,kampur town arunachal pradesh
Pfutsero,Nagaland,25.57036,94.29828,10371,Asia/Kolkata,pfutsero nagaland
Kannivādi,Tamil Nadu,10.37941,77.83026,10369,Asia/Kolkata,kannivādi tamil nadu
Amānpur,Uttar Pradesh,27.71222,78.73788,10362,Asia/Kolkata,amānpur uttar pradesh
Acharapākkam,Tamil Nadu,12.40279,79.81699,10362,Asia/Kolkata,acharapākkam tamil nadu
Lohiān,Punjab,31.16185,75.2097,10362,Asia/Kolkata,lohiān punjab
Lilia,Goa,21.53678,71.36362,10359,Asia/Kolkata,lilia goa
Bharwelī,Madhya Pradesh,21.83732,80.22706,10357,Asia/Kolkata,bharwelī madhya pradesh
Kusavampatti,Tamil Nadu,11.21918,78.18077,10356,Asia/Kolkata,kusavampatti tamil nadu
Devsar,Goa,20.78507,72.98398,10346,Asia/Kolkata,devsar goa
Basna,Unknown,21.27885,82.8267,10345,Asia/Kolkata,basna unknown
Brāhmani,Maharashtra,21.24767,78.90647,10341,Asia/Kolkata,brāhmani maharashtra
Nyāmti,Karnataka,14.14869,75.57641,10338,Asia/Kolkata,nyāmti karnataka
Kanjhawāla,Delhi,28.73675,77.00516,10331,Asia/Kolkata,kanjhawāla delhi
Niwāri,Uttar Pradesh,28.87611,77.5382,10330,Asia/Kolkata,niwāri uttar pradesh
Muragācha,West Bengal,23.53631,88.39425,10324,Asia/Kolkata,muragācha west bengal
Morongial,Arunachal Pradesh,26.33264,92.68352,10318,Asia/Kolkata,morongial arunachal pradesh
Itāmāti,Odisha,20.13777,85.15243,10317,Asia/Kolkata,itāmāti odisha
Barauni,Madhya Pradesh,25.68514,78.37537,10309,Asia/Kolkata,barauni madhya pradesh
Prothrapur,Andaman and Nicobar Islands,11.61797,92.72442,10308,Asia/Kolkata,prothrapur andaman and nicobar islands
Chapakhowa Town,Arunachal Pradesh,27.91525,95.76641,10305,Asia/Kolkata,chapakhowa town arunachal pradesh
Kondichettippatti,Tamil Nadu,11.2007,78.16343,10300,Asia/Kolkata,kondichettippatti tamil nadu
Mādhoganj,Uttar Pradesh,27.11807,80.14058,10299,Asia/Kolkata,mādhoganj uttar pradesh
Vayilathūr,Kerala,10.63921,76.01574,10298,Asia/Kolkata,vayilathūr kerala
Agrahāra Sāmakkulam,Tamil Nadu,11.15279,77.01104,10289,Asia/Kolkata,agrahāra sāmakkulam tamil nadu
Pullambādi,Tamil Nadu,10.9411,78.91041,10288,Asia/Kolkata,pullambādi tamil nadu
Sankaramanallur,Tamil Nadu,10.48113,77.36213,10283,Asia/Kolkata,sankaramanallur tamil nadu
Baikunthpur,Madhya Pradesh,24.72768,81.40975,10282,Asia/Kolkata,baikunthpur madhya pradesh
Ilanji,Tamil Nadu,8.96045,77.28002,10282,Asia/Kolkata,ilanji tamil nadu
Sultānpur,Madhya Pradesh,23.13812,77.93404,10268,Asia/Kolkata,sultānpur madhya pradesh
Bamhnī,Madhya Pradesh,22.48221,80.37157,10266,Asia/Kolkata,bamhnī madhya pradesh
Muttukavundanpudūr,Tamil Nadu,11.0498,77.11515,10259,Asia/Kolkata,muttukavundanpudūr tamil nadu
Kamalnagar,Karnataka,18.23102,77.17914,10252,Asia/Kolkata,kamalnagar karnataka
Orathanadu,Tamil Nadu,10.62324,79.25494,10247,Asia/Kolkata,orathanadu tamil nadu
Islāmpur,Rajasthan,28.15014,75.53987,10247,Asia/Kolkata,islāmpur rajasthan
Diphupar 'A',Nagaland,25.8578,93.76905,10246,Asia/Kolkata,diphupar 'a' nagaland
Bahua,Uttar Pradesh,25.83942,80.62255,10243,Asia/Kolkata,bahua uttar pradesh
Virpur,Goa,23.1892,73.47987,10238,Asia/Kolkata,virpur goa
Dimaruguri,Arunachal Pradesh,26.34515,92.71487,10235,Asia/Kolkata,dimaruguri arunachal pradesh
Nārāyangarh,Madhya Pradesh,24.27083,75.05007,10233,Asia/Kolkata,nārāyangarh madhya pradesh
São José de Areal,Goa,15.25465,74.01464,10229,Asia/Kolkata,são josé de areal goa
Kōteshwar,Karnataka,13.58936,74.69618,10229,Asia/Kolkata,kōteshwar karnataka
Chichli,Madhya Pradesh,22.83363,78.82611,10225,Asia/Kolkata,chichli madhya pradesh
Lassodyāmeri,Madhya Pradesh,22.7832,75.91256,10225,Asia/Kolkata,lassodyāmeri madhya pradesh
Māndu,Unknown,23.79459,85.46872,10223,Asia/Kolkata,māndu unknown
Erumāpālaiyam,Tamil Nadu,11.63242,78.16951,10220,Asia/Kolkata,erumāpālaiyam tamil nadu
Lāhauran Bara,Punjab,30.39672,76.15617,10218,Asia/Kolkata,lāhauran bara punjab
Buxwaha,Madhya Pradesh,24.25106,79.28618,10216,Asia/Kolkata,buxwaha madhya pradesh
Chhatral INA,Goa,23.28687,72.43798,10215,Asia/Kolkata,chhatral ina goa
Khaira Bari,Arunachal Pradesh,26.51081,90.96887,10210,Asia/Kolkata,khaira bari arunachal pradesh
Tori-Fatehpur,Uttar Pradesh,25.45505,79.11428,10210,Asia/Kolkata,tori-fatehpur uttar pradesh
Abbaspur,Jammu and Kashmir,33.8174,73.97568,10208,Asia/Karachi,abbaspur jammu and kashmir
Kīrippatti,Tamil Nadu,11.53573,78.48967,10208,Asia/Kolkata,kīrippatti tamil nadu
Shekhpura,Bihar,26.14387,85.39071,10204,Asia/Kolkata,shekhpura bihar
Rāmanapeta,Telangana,17.28941,79.09417,10202,Asia/Kolkata,rāmanapeta telangana
Pākhanjur,Unknown,20.03254,80.62109,10201,Asia/Kolkata,pākhanjur unknown
Chittanūr,Tamil Nadu,11.67238,78.08814,10199,Asia/Kolkata,chittanūr tamil nadu
Kharod,Unknown,21.7442,82.5788,10193,Asia/Kolkata,kharod unknown
Sikkarayapuram,Tamil Nadu,13.01766,80.1027,10187,Asia/Kolkata,sikkarayapuram tamil nadu
Khonsa,Arunachal Pradesh,27.01667,95.56667,10187,Asia/Kolkata,khonsa arunachal pradesh
Kumbalgod,Karnataka,12.87915,77.44645,10178,Asia/Kolkata,kumbalgod karnataka
Tankāra,Goa,22.65622,70.74945,10175,Asia/Kolkata,tankāra goa
Begowāl,Punjab,31.61152,75.52135,10175,Asia/Kolkata,begowāl punjab
Nanakwada,Goa,20.60287,72.92203,10172,Asia/Kolkata,nanakwada goa
Saidabad,Delhi,28.52783,77.28986,10168,Asia/Kolkata,saidabad delhi
Sogām,Jammu and Kashmir,34.50137,74.38228,10166,Asia/Kolkata,sogām jammu and kashmir
Ahīrkheri,Madhya Pradesh,22.68,75.80482,10165,Asia/Kolkata,ahīrkheri madhya pradesh
Ghagga,Punjab,30.01975,76.10408,10162,Asia/Kolkata,ghagga punjab
Chhapra,Goa,20.92526,72.92886,10147,Asia/Kolkata,chhapra goa
Chiranellūr,Kerala,10.63231,76.14052,10145,Asia/Kolkata,chiranellūr kerala
Bokākhāt,Arunachal Pradesh,26.64018,93.60052,10143,Asia/Kolkata,bokākhāt arunachal pradesh
Kāb,Bihar,25.38921,84.78945,10141,Asia/Kolkata,kāb bihar
Kalombe,Maharashtra,16.6633,74.21157,10138,Asia/Kolkata,kalombe maharashtra
Khamānon Kalān,Punjab,30.81725,76.35478,10135,Asia/Kolkata,khamānon kalān punjab
Pātan,Unknown,21.03333,81.53333,10133,Asia/Kolkata,pātan unknown
Ūttukkuli,Tamil Nadu,11.16892,77.45431,10130,Asia/Kolkata,ūttukkuli tamil nadu
Sirpur,Telangana,19.47953,79.57558,10116,Asia/Kolkata,sirpur telangana
Palsud,Madhya Pradesh,21.8262,74.96908,10113,Asia/Kolkata,palsud madhya pradesh
Mirik,West Bengal,26.88817,88.19007,10109,Asia/Kolkata,mirik west bengal
Baliapur,Unknown,23.72249,86.52595,10097,Asia/Kolkata,baliapur unknown
Valaiyāmpattu,Tamil Nadu,12.69268,78.63474,10076,Asia/Kolkata,valaiyāmpattu tamil nadu
Kamalabaria N.C.,Arunachal Pradesh,26.7685,94.19297,10071,Asia/Kolkata,kamalabaria n.c. arunachal pradesh
Mayilādi,Tamil Nadu,8.15502,77.50563,10070,Asia/Kolkata,mayilādi tamil nadu
Omkareshwar,Madhya Pradesh,22.24245,76.15044,10063,Asia/Kolkata,omkareshwar madhya pradesh
Kalavai,Tamil Nadu,12.77029,79.41999,10057,Asia/Kolkata,kalavai tamil nadu
Udpura,Rajasthan,24.73355,75.97514,10051,Asia/Kolkata,udpura rajasthan
Bastar,Unknown,19.20306,81.92959,10048,Asia/Kolkata,bastar unknown
Ālwārkurichchi,Tamil Nadu,8.7838,77.39524,10045,Asia/Kolkata,ālwārkurichchi tamil nadu
Jahāngīrpur,Uttar Pradesh,28.17919,77.70501,10042,Asia/Kolkata,jahāngīrpur uttar pradesh
Gavaravaram,Andhra Pradesh,16.71632,81.08308,10029,Asia/Kolkata,gavaravaram andhra pradesh
Jagnair,Uttar Pradesh,26.8636,77.60231,10023,Asia/Kolkata,jagnair uttar pradesh
Deodora,Madhya Pradesh,22.61487,80.36165,10008,Asia/Kolkata,deodora madhya pradesh
Rāja Ranapur,Odisha,20.06168,85.34364,10001,Asia/Kolkata,rāja ranapur odisha
vadlamuru,Andhra Pradesh,17.09545,82.16565,10000,Asia/Kolkata,vadlamuru andhra pradesh
Daulatābād,Maharashtra,19.93611,75.22148,10000,Asia/Kolkata,daulatābād maharashtra
Yamuna Vihar,Delhi,28.69876,77.27371,10000,Asia/Kolkata,yamuna vihar delhi
Arambol,Goa,15.68681,73.70449,10000,Asia/Kolkata,arambol goa
Mākhjan,Maharashtra,17.2698,73.50031,10000,Asia/Kolkata,mākhjan maharashtra
Hampi,Karnataka,15.3352,76.4603,10000,Asia/Kolkata,hampi karnataka
Rāmamangalam,Kerala,9.93333,76.5,9999,Asia/Kolkata,rāmamangalam kerala
Kargahiā Purab,Bihar,26.78871,84.52983,9995,Asia/Kolkata,kargahiā purab bihar
Gajsinghpur,Rajasthan,29.65956,73.44034,9995,Asia/Kolkata,gajsinghpur rajasthan
Lodhīkheda,Madhya Pradesh,21.58235,78.85911,9994,Asia/Kolkata,lodhīkheda madhya pradesh
Tirumakūdal Narsipur,Karnataka,12.21207,76.9018,9980,Asia/Kolkata,tirumakūdal narsipur karnataka
Bhākli,Gujarat,28.41654,76.47543,9970,Asia/Kolkata,bhākli gujarat
Ganj Murādābād,Uttar Pradesh,26.95733,80.184,9970,Asia/Kolkata,ganj murādābād uttar pradesh
Dhamda,Unknown,21.45,81.31667,9961,Asia/Kolkata,dhamda unknown
Olagadam,Tamil Nadu,11.56558,77.64284,9958,Asia/Kolkata,olagadam tamil nadu
Nāgojanahalli,Tamil Nadu,12.35704,78.28858,9953,Asia/Kolkata,nāgojanahalli tamil nadu
Antri,Madhya Pradesh,26.05804,78.21027,9949,Asia/Kolkata,antri madhya pradesh
Sarupathar,Arunachal Pradesh,26.19264,93.86413,9931,Asia/Kolkata,sarupathar arunachal pradesh
Allipura,Karnataka,13.48848,77.45859,9930,Asia/Kolkata,allipura karnataka
Kansbahal,Odisha,22.21644,84.66348,9923,Asia/Kolkata,kansbahal odisha
Chāndbāli,Odisha,20.77519,86.74139,9918,Asia/Kolkata,chāndbāli odisha
Kozhukkully,Kerala,10.52091,76.27804,9918,Asia/Kolkata,kozhukkully kerala
Bidadi,Karnataka,12.7993,77.38655,9917,Asia/Kolkata,bidadi karnataka
Kahi Kuchi,Arunachal Pradesh,26.10122,91.59902,9917,Asia/Kolkata,kahi kuchi arunachal pradesh
Puthukkadai,Tamil Nadu,8.27585,77.17932,9909,Asia/Kolkata,puthukkadai tamil nadu
Modakkurichchi,Tamil Nadu,11.23292,77.77936,9907,Asia/Kolkata,modakkurichchi tamil nadu
Tangdhār,Jammu and Kashmir,34.3979,73.85984,9904,Asia/Kolkata,tangdhār jammu and kashmir
Kottapalli,Telangana,18.49543,79.0943,9899,Asia/Kolkata,kottapalli telangana
Barkuhi,Madhya Pradesh,22.19011,78.70472,9895,Asia/Kolkata,barkuhi madhya pradesh
Chīma,Punjab,30.6854,76.08643,9894,Asia/Kolkata,chīma punjab
Ambāgarh Chauki,Unknown,20.77644,80.74608,9889,Asia/Kolkata,ambāgarh chauki unknown
Bora,Madhya Pradesh,23.65851,76.81116,9886,Asia/Kolkata,bora madhya pradesh
Jasrāna,Uttar Pradesh,27.23587,78.65244,9883,Asia/Kolkata,jasrāna uttar pradesh
Kurthaur,Bihar,25.56205,85.12165,9880,Asia/Kolkata,kurthaur bihar
Qāzigund,Jammu and Kashmir,33.63828,75.14261,9871,Asia/Kolkata,qāzigund jammu and kashmir
Āvadattūr,Tamil Nadu,11.70135,77.86382,9869,Asia/Kolkata,āvadattūr tamil nadu
Nagrām,Uttar Pradesh,26.61872,81.14043,9858,Asia/Kolkata,nagrām uttar pradesh
Kishni,Uttar Pradesh,27.02487,79.262,9852,Asia/Kolkata,kishni uttar pradesh
Khreuh,Jammu and Kashmir,34.01886,74.99914,9851,Asia/Kolkata,khreuh jammu and kashmir
Achchippatti,Tamil Nadu,10.69979,77.01248,9849,Asia/Kolkata,achchippatti tamil nadu
Bhuragaon Rev. Town,Arunachal Pradesh,26.40378,92.23902,9845,Asia/Kolkata,bhuragaon rev. town arunachal pradesh
Chikhli Kalān,Madhya Pradesh,22.2152,78.74304,9840,Asia/Kolkata,chikhli kalān madhya pradesh
Khamaria,Madhya Pradesh,23.21287,80.03134,9839,Asia/Kolkata,khamaria madhya pradesh
Shāhjahānpur,Rajasthan,27.99736,76.44914,9837,Asia/Kolkata,shāhjahānpur rajasthan
Begampur,West Bengal,22.7307,88.25764,9831,Asia/Kolkata,begampur west bengal
Attanūr,Tamil Nadu,11.50061,78.13557,9827,Asia/Kolkata,attanūr tamil nadu
Anthicad,Kerala,10.45838,76.12148,9826,Asia/Kolkata,anthicad kerala
Elivāla,Karnataka,12.35776,76.54072,9826,Asia/Kolkata,elivāla karnataka
Barsāna,Uttar Pradesh,27.64802,77.3764,9815,Asia/Kolkata,barsāna uttar pradesh
Bakāni,Rajasthan,24.28624,76.23709,9812,Asia/Kolkata,bakāni rajasthan
Dhanegaon,Maharashtra,19.12726,77.33705,9809,Asia/Kolkata,dhanegaon maharashtra
Golaghatia Basti,Arunachal Pradesh,25.9925,92.86396,9809,Asia/Kolkata,golaghatia basti arunachal pradesh
Nūrpur,Haryana,32.3015,75.88481,9807,Asia/Kolkata,nūrpur haryana
Alūr,Kerala,10.60296,76.09611,9807,Asia/Kolkata,alūr kerala
Jhundpura,Madhya Pradesh,26.3473,77.50098,9803,Asia/Kolkata,jhundpura madhya pradesh
Devikāpuram,Tamil Nadu,12.49807,79.25308,9800,Asia/Kolkata,devikāpuram tamil nadu
Borigumma,Unknown,19.04681,82.55318,9785,Asia/Kolkata,borigumma unknown
Khera Khurd,Delhi,28.77555,77.09967,9777,Asia/Kolkata,khera khurd delhi
Muddanūru,Andhra Pradesh,14.68718,78.39309,9775,Asia/Kolkata,muddanūru andhra pradesh
Namli,Madhya Pradesh,23.46115,75.06036,9774,Asia/Kolkata,namli madhya pradesh
Gāndhī Nagar,Tamil Nadu,13.00639,80.25417,9773,Asia/Kolkata,gāndhī nagar tamil nadu
Wājegaon,Maharashtra,19.14389,77.34572,9772,Asia/Kolkata,wājegaon maharashtra
Patha Deōsar,Jammu and Kashmir,33.63401,75.07186,9765,Asia/Kolkata,patha deōsar jammu and kashmir
Halwāra,Punjab,30.7251,75.64252,9761,Asia/Kolkata,halwāra punjab
Berhait,Unknown,24.88997,87.60728,9753,Asia/Kolkata,berhait unknown
Fingeshwar,Unknown,20.96898,82.04039,9752,Asia/Kolkata,fingeshwar unknown
Isri,Unknown,23.98733,86.02925,9749,Asia/Kolkata,isri unknown
Mankāpur,Uttar Pradesh,27.05189,82.22961,9746,Asia/Kolkata,mankāpur uttar pradesh
Ghoradongri,Madhya Pradesh,22.12426,77.99967,9745,Asia/Kolkata,ghoradongri madhya pradesh
Shōlūr,Tamil Nadu,11.48515,76.65557,9745,Asia/Kolkata,shōlūr tamil nadu
Thanniyam,Kerala,10.41667,76.13333,9743,Asia/Kolkata,thanniyam kerala
Puduvāyal,Tamil Nadu,13.33015,80.14577,9742,Asia/Kolkata,puduvāyal tamil nadu
Bandbahāl,Odisha,21.74941,83.87757,9735,Asia/Kolkata,bandbahāl odisha
Chiloda,Goa,23.10266,72.66164,9735,Asia/Kolkata,chiloda goa
Kakosi,Goa,24.00396,72.30311,9734,Asia/Kolkata,kakosi goa
Periyapattinam,Tamil Nadu,9.27263,78.90232,9730,Asia/Kolkata,periyapattinam tamil nadu
Kiri Buru,Odisha,22.08333,85.35,9719,Asia/Kolkata,kiri buru odisha
Agastīswaram,Tamil Nadu,8.09964,77.52153,9717,Asia/Kolkata,agastīswaram tamil nadu
Charāma,Unknown,20.49318,81.36747,9707,Asia/Kolkata,charāma unknown
Seorīnārāyan,Unknown,21.72055,82.59344,9707,Asia/Kolkata,seorīnārāyan unknown
Haringhāta,West Bengal,22.96474,88.57451,9705,Asia/Kolkata,haringhāta west bengal
Bajpe,Karnataka,12.98029,74.88318,9701,Asia/Kolkata,bajpe karnataka
Mohpada,Maharashtra,18.89952,73.1822,9694,Asia/Kolkata,mohpada maharashtra
Deohra,Madhya Pradesh,23.14272,81.59611,9686,Asia/Kolkata,deohra madhya pradesh
Jaitwāri,Madhya Pradesh,24.72368,80.86132,9685,Asia/Kolkata,jaitwāri madhya pradesh
Patti,Uttar Pradesh,25.9215,82.20048,9685,Asia/Kolkata,patti uttar pradesh
Kolāyat,Rajasthan,27.83815,72.95975,9684,Asia/Kolkata,kolāyat rajasthan
Kasinagar,Odisha,18.85704,83.88088,9684,Asia/Kolkata,kasinagar odisha
Kondamallapally,Telangana,16.71782,79.00204,9683,Asia/Kolkata,kondamallapally telangana
Devāpur,Telangana,19.04426,79.34989,9683,Asia/Kolkata,devāpur telangana
Mhasla,Maharashtra,18.1334,73.11162,9679,Asia/Kolkata,mhasla maharashtra
Mudgere,Karnataka,13.13353,75.6416,9677,Asia/Kolkata,mudgere karnataka
Norīa,Jammu and Kashmir,32.52095,74.79845,9662,Asia/Kolkata,norīa jammu and kashmir
Tarlapalli,Telangana,18.83448,79.49068,9656,Asia/Kolkata,tarlapalli telangana
Keolāri,Madhya Pradesh,22.36974,79.90603,9654,Asia/Kolkata,keolāri madhya pradesh
Pipalrawān,Madhya Pradesh,23.16252,76.47044,9652,Asia/Kolkata,pipalrawān madhya pradesh
Masinigudi,Tamil Nadu,11.56831,76.64087,9642,Asia/Kolkata,masinigudi tamil nadu
Visrampuree,Unknown,20.07912,81.77195,9641,Asia/Kolkata,visrampuree unknown
Bhalukdubi,Arunachal Pradesh,26.15746,90.61313,9636,Asia/Kolkata,bhalukdubi arunachal pradesh
Anjuna,Goa,15.58005,73.74487,9636,Asia/Kolkata,anjuna goa
Alagappapuram,Tamil Nadu,8.14678,77.54131,9626,Asia/Kolkata,alagappapuram tamil nadu
Tiruvennanallūr,Tamil Nadu,11.85892,79.36645,9623,Asia/Kolkata,tiruvennanallūr tamil nadu
Debīpur,West Bengal,24.25029,88.61824,9613,Asia/Kolkata,debīpur west bengal
Bajwa,Goa,22.36813,73.14062,9611,Asia/Kolkata,bajwa goa
Kolappalūr,Tamil Nadu,11.37914,77.42927,9607,Asia/Kolkata,kolappalūr tamil nadu
Kaniyambādi,Tamil Nadu,12.81181,79.13403,9597,Asia/Kolkata,kaniyambādi tamil nadu
Mettuppālaiyam,Tamil Nadu,11.16806,78.44944,9587,Asia/Kolkata,mettuppālaiyam tamil nadu
Sūlibele,Karnataka,13.1844,77.80141,9587,Asia/Kolkata,sūlibele karnataka
Vatakemuri,Kerala,10.4176,76.15416,9585,Asia/Kolkata,vatakemuri kerala
Enkakād,Kerala,10.65762,76.25592,9584,Asia/Kolkata,enkakād kerala
Arsande,Unknown,23.42965,85.35143,9582,Asia/Kolkata,arsande unknown
Pallattūr,Tamil Nadu,10.14609,78.80309,9580,Asia/Kolkata,pallattūr tamil nadu
Khargupur,Uttar Pradesh,27.37611,81.9882,9576,Asia/Kolkata,khargupur uttar pradesh
Kadaparai,Tamil Nadu,10.99917,78.08231,9574,Asia/Kolkata,kadaparai tamil nadu
Farakhpur,Gujarat,30.13307,77.24297,9569,Asia/Kolkata,farakhpur gujarat
Yairipok,Manipur,24.67792,94.04767,9569,Asia/Kolkata,yairipok manipur
Karīmpur,West Bengal,23.97594,88.61917,9565,Asia/Kolkata,karīmpur west bengal
Panrra,Unknown,23.80024,86.72275,9563,Asia/Kolkata,panrra unknown
Konanūr,Karnataka,12.63016,76.05037,9555,Asia/Kolkata,konanūr karnataka
Kawānt,Goa,22.09282,74.05078,9553,Asia/Kolkata,kawānt goa
Kumbi,Manipur,24.43279,93.81292,9546,Asia/Kolkata,kumbi manipur
Venkatachalapuram,Tamil Nadu,9.37465,77.91006,9540,Asia/Kolkata,venkatachalapuram tamil nadu
Bhilakhedi,Madhya Pradesh,22.59921,77.70351,9540,Asia/Kolkata,bhilakhedi madhya pradesh
Vaittilingapuram,Tamil Nadu,9.47513,77.60977,9538,Asia/Kolkata,vaittilingapuram tamil nadu
Goshāīnganj,Uttar Pradesh,26.76793,81.10752,9537,Asia/Kolkata,goshāīnganj uttar pradesh
Patra,Unknown,24.96955,87.84232,9536,Asia/Kolkata,patra unknown
Kangra,Haryana,32.09135,76.26267,9528,Asia/Kolkata,kangra haryana
Singoli,Madhya Pradesh,24.96667,75.3,9523,Asia/Kolkata,singoli madhya pradesh
Kanakpur Part-II,Arunachal Pradesh,24.80029,92.8036,9519,Asia/Kolkata,kanakpur part-ii arunachal pradesh
Mahāban,Uttar Pradesh,27.43262,77.74338,9514,Asia/Kolkata,mahāban uttar pradesh
Rās,Rajasthan,26.30577,74.19525,9511,Asia/Kolkata,rās rajasthan
Ottappārai,Tamil Nadu,11.1783,77.58119,9493,Asia/Kolkata,ottappārai tamil nadu
Baua Kalan,Unknown,23.81206,86.36466,9489,Asia/Kolkata,baua kalan unknown
Garautha,Uttar Pradesh,25.5719,79.29764,9489,Asia/Kolkata,garautha uttar pradesh
Limbodi,Madhya Pradesh,22.66656,75.88997,9488,Asia/Kolkata,limbodi madhya pradesh
Kawāi,Rajasthan,24.75644,76.73485,9487,Asia/Kolkata,kawāi rajasthan
Dumar Kachhar,Madhya Pradesh,23.16874,82.11128,9480,Asia/Kolkata,dumar kachhar madhya pradesh
Harbatpur,Uttarakhand,30.43863,77.74058,9478,Asia/Kolkata,harbatpur uttarakhand
Eral,Tamil Nadu,8.62584,78.02282,9478,Asia/Kolkata,eral tamil nadu
Pūlāmpatti,Tamil Nadu,11.65733,77.76584,9477,Asia/Kolkata,pūlāmpatti tamil nadu
Māchalpur,Madhya Pradesh,24.12767,76.31672,9476,Asia/Kolkata,māchalpur madhya pradesh
Tapukrāh,Rajasthan,28.11072,76.8327,9471,Asia/Kolkata,tapukrāh rajasthan
Nari,Goa,21.77263,72.07279,9467,Asia/Kolkata,nari goa
Gharghoda,Unknown,22.17427,83.3517,9455,Asia/Kolkata,gharghoda unknown
Nārsingi,Telangana,17.39017,78.35693,9449,Asia/Kolkata,nārsingi telangana
Hirānagar,Jammu and Kashmir,32.45493,75.27187,9446,Asia/Kolkata,hirānagar jammu and kashmir
Gudibanda,Karnataka,13.67099,77.70414,9441,Asia/Kolkata,gudibanda karnataka
Nohan,Punjab,31.03433,76.57099,9439,Asia/Kolkata,nohan punjab
Nūrpur Kalān,Punjab,31.16667,76.48333,9437,Asia/Kolkata,nūrpur kalān punjab
Jiraūn Kasba,Madhya Pradesh,25.12104,78.65597,9426,Asia/Kolkata,jiraūn kasba madhya pradesh
Pennathur,Tamil Nadu,12.84664,79.11083,9425,Asia/Kolkata,pennathur tamil nadu
Kailasagiri,Tamil Nadu,12.83578,78.71219,9421,Asia/Kolkata,kailasagiri tamil nadu
Nagri Kalan,Unknown,23.81639,86.34371,9410,Asia/Kolkata,nagri kalan unknown
Sufipind,Punjab,31.27748,75.63883,9406,Asia/Kolkata,sufipind punjab
Ālappākkam,Tamil Nadu,12.67604,79.99536,9404,Asia/Kolkata,ālappākkam tamil nadu
Īsāpur,Maharashtra,19.8836,79.32595,9398,Asia/Kolkata,īsāpur maharashtra
Walni,Maharashtra,21.32314,79.08716,9393,Asia/Kolkata,walni maharashtra
Pāparhāhāndi,Unknown,19.33333,82.51667,9390,Asia/Kolkata,pāparhāhāndi unknown
Nānda,Maharashtra,19.77222,79.13086,9378,Asia/Kolkata,nānda maharashtra
Eklahare,Maharashtra,19.98013,73.88231,9376,Asia/Kolkata,eklahare maharashtra
Laruāra,Bihar,25.45398,86.12121,9376,Asia/Kolkata,laruāra bihar
Pāpireddippatti,Tamil Nadu,11.91774,78.36865,9369,Asia/Kolkata,pāpireddippatti tamil nadu
Panamarattuppatti,Tamil Nadu,11.56203,78.16489,9368,Asia/Kolkata,panamarattuppatti tamil nadu
Pūkkōd,Kerala,10.62363,76.04262,9366,Asia/Kolkata,pūkkōd kerala
Uri,Jammu and Kashmir,34.086,74.032,9366,Asia/Kolkata,uri jammu and kashmir
Umri,Madhya Pradesh,26.51056,78.93667,9364,Asia/Kolkata,umri madhya pradesh
Santokhgarh,Haryana,31.35205,76.31775,9363,Asia/Kolkata,santokhgarh haryana
Sitapur,Unknown,22.78072,83.49545,9361,Asia/Kolkata,sitapur unknown
Keeramangalam,Tamil Nadu,10.28633,79.09886,9357,Asia/Kolkata,keeramangalam tamil nadu
Nāg,Punjab,31.73012,74.9423,9352,Asia/Kolkata,nāg punjab
Ettimadai,Tamil Nadu,10.89111,76.90873,9352,Asia/Kolkata,ettimadai tamil nadu
Tirukurangudi,Tamil Nadu,8.43646,77.56569,9342,Asia/Kolkata,tirukurangudi tamil nadu
Needamangalam,Tamil Nadu,10.77378,79.41875,9336,Asia/Kolkata,needamangalam tamil nadu
Vegarai,Tamil Nadu,11.09025,77.96791,9330,Asia/Kolkata,vegarai tamil nadu
Jallaram,Telangana,18.72408,79.57097,9329,Asia/Kolkata,jallaram telangana
Pannaipuram,Tamil Nadu,9.86581,77.28357,9323,Asia/Kolkata,pannaipuram tamil nadu
Hajarmachi,Maharashtra,17.31434,74.23114,9317,Asia/Kolkata,hajarmachi maharashtra
Panpuli,Tamil Nadu,9.0214,77.25018,9313,Asia/Kolkata,panpuli tamil nadu
Chottanikkara,Kerala,9.93639,76.38107,9308,Asia/Kolkata,chottanikkara kerala
Sohāna,Punjab,30.68871,76.70659,9306,Asia/Kolkata,sohāna punjab
Joka,West Bengal,22.4531,88.30227,9302,Asia/Kolkata,joka west bengal
Alwa Tirunagari,Tamil Nadu,8.60635,77.93983,9289,Asia/Kolkata,alwa tirunagari tamil nadu
Nuvem,Goa,15.31738,73.93873,9288,Asia/Kolkata,nuvem goa
Mandasa,Andhra Pradesh,18.8683,84.46296,9287,Asia/Kolkata,mandasa andhra pradesh
Konganāpuram,Tamil Nadu,11.57105,77.9004,9286,Asia/Kolkata,konganāpuram tamil nadu
Barāgaon,Madhya Pradesh,24.56818,79.01852,9282,Asia/Kolkata,barāgaon madhya pradesh
Chicholi,Madhya Pradesh,22.0123,77.671,9282,Asia/Kolkata,chicholi madhya pradesh
Belūr,Tamil Nadu,11.70752,78.41437,9281,Asia/Kolkata,belūr tamil nadu
Bāg,Madhya Pradesh,22.35905,74.79052,9274,Asia/Kolkata,bāg madhya pradesh
Dola,Madhya Pradesh,23.2209,82.13317,9273,Asia/Kolkata,dola madhya pradesh
Pahalgam,Jammu and Kashmir,34.01592,75.31899,9264,Asia/Kolkata,pahalgam jammu and kashmir
Dāsiripuram,Tamil Nadu,13.12417,80.03,9251,Asia/Kolkata,dāsiripuram tamil nadu
Boyāpalli,Telangana,16.78078,77.99097,9247,Asia/Kolkata,boyāpalli telangana
Mattan,Jammu and Kashmir,33.76302,75.20898,9246,Asia/Kolkata,mattan jammu and kashmir
Tittachcheri,Tamil Nadu,10.86738,79.78932,9245,Asia/Kolkata,tittachcheri tamil nadu
Farah,Uttar Pradesh,27.32081,77.76185,9236,Asia/Kolkata,farah uttar pradesh
Kharora,Unknown,21.40097,81.92757,9236,Asia/Kolkata,kharora unknown
Samayanallūr,Tamil Nadu,9.97921,78.03592,9227,Asia/Kolkata,samayanallūr tamil nadu
Vadakkankulam,Tamil Nadu,8.25883,77.6084,9220,Asia/Kolkata,vadakkankulam tamil nadu
Mehatpur Basdehra,Haryana,31.40712,76.34231,9218,Asia/Kolkata,mehatpur basdehra haryana
Morak,Rajasthan,24.7266,75.95576,9204,Asia/Kolkata,morak rajasthan
Bhānūr,Telangana,17.48986,78.17737,9203,Asia/Kolkata,bhānūr telangana
Loharda,Madhya Pradesh,22.59183,76.59569,9202,Asia/Kolkata,loharda madhya pradesh
Vālavandānkottai,Tamil Nadu,10.76071,78.83705,9202,Asia/Kolkata,vālavandānkottai tamil nadu
Kampil,Uttar Pradesh,27.61268,79.27687,9200,Asia/Kolkata,kampil uttar pradesh
Maoli,Rajasthan,24.78348,73.98389,9199,Asia/Kolkata,maoli rajasthan
Candolim,Goa,15.51807,73.76259,9197,Asia/Kolkata,candolim goa
Pattanam,Tamil Nadu,10.98084,77.05419,9196,Asia/Kolkata,pattanam tamil nadu
Kollankoil,Tamil Nadu,11.12815,77.74364,9196,Asia/Kolkata,kollankoil tamil nadu
Palidevad,Maharashtra,19.0006,73.13381,9194,Asia/Kolkata,palidevad maharashtra
Bargaon,Rajasthan,24.63239,73.68258,9193,Asia/Kolkata,bargaon rajasthan
Ganeshpur,Maharashtra,21.15026,79.64418,9192,Asia/Kolkata,ganeshpur maharashtra
Kavundanpālaiyam,Tamil Nadu,11.16247,77.26229,9192,Asia/Kolkata,kavundanpālaiyam tamil nadu
Bārhi Mājra,Gujarat,30.11406,77.30547,9188,Asia/Kolkata,bārhi mājra gujarat
Paralam,Kerala,10.45908,76.19418,9187,Asia/Kolkata,paralam kerala
Sāntpur,Rajasthan,24.47052,72.7703,9186,Asia/Kolkata,sāntpur rajasthan
Kantilo,Odisha,20.36152,85.19212,9181,Asia/Kolkata,kantilo odisha
Maheshari,Gujarat,28.21452,76.82182,9180,Asia/Kolkata,maheshari gujarat
Pāli,Maharashtra,18.53797,73.22218,9176,Asia/Kolkata,pāli maharashtra
Nandej,Goa,22.89558,72.67916,9176,Asia/Kolkata,nandej goa
Rakhabh Dev,Rajasthan,24.07564,73.69304,9171,Asia/Kolkata,rakhabh dev rajasthan
Pardi Kanade,Goa,21.09392,72.87738,9167,Asia/Kolkata,pardi kanade goa
Tiruvalam,Tamil Nadu,12.98247,79.26612,9153,Asia/Kolkata,tiruvalam tamil nadu
Dābhol,Maharashtra,17.58971,73.18001,9142,Asia/Kolkata,dābhol maharashtra
Paluvai,Kerala,10.57826,76.05535,9127,Asia/Kolkata,paluvai kerala
Donkamokam,Arunachal Pradesh,25.93338,92.70736,9116,Asia/Kolkata,donkamokam arunachal pradesh
Tittangulam,Tamil Nadu,9.1706,77.89835,9115,Asia/Kolkata,tittangulam tamil nadu
Gandhinagar,Tamil Nadu,12.95465,79.14074,9114,Asia/Kolkata,gandhinagar tamil nadu
Bhojudih,Unknown,23.63962,86.44105,9109,Asia/Kolkata,bhojudih unknown
Vavdi Bujarg,Goa,22.77532,73.64213,9107,Asia/Kolkata,vavdi bujarg goa
Zafarābād,Uttar Pradesh,25.69867,82.73354,9106,Asia/Kolkata,zafarābād uttar pradesh
Katra,Jammu and Kashmir,32.99167,74.93195,9106,Asia/Kolkata,katra jammu and kashmir
Māsināyakkanpatti,Tamil Nadu,11.66742,78.22832,9098,Asia/Kolkata,māsināyakkanpatti tamil nadu
Pāli,Uttar Pradesh,24.49188,78.41617,9098,Asia/Kolkata,pāli uttar pradesh
Parakād,Kerala,10.50049,76.15403,9093,Asia/Kolkata,parakād kerala
Cortalim,Goa,15.40247,73.90881,9080,Asia/Kolkata,cortalim goa
Baldeogarh,Madhya Pradesh,24.75619,79.06715,9079,Asia/Kolkata,baldeogarh madhya pradesh
Senur,Tamil Nadu,12.94702,79.10705,9078,Asia/Kolkata,senur tamil nadu
Ujalaiwadi,Maharashtra,16.66536,74.27108,9075,Asia/Kolkata,ujalaiwadi maharashtra
Tiruppūndurutti,Tamil Nadu,10.86208,79.08149,9074,Asia/Kolkata,tiruppūndurutti tamil nadu
Balaga,Andhra Pradesh,18.31545,83.89326,9071,Asia/Kolkata,balaga andhra pradesh
Ākera,Rajasthan,27.01208,75.80884,9062,Asia/Kolkata,ākera rajasthan
Rādhākishorepur,Tripura,23.53682,91.49152,9052,Asia/Kolkata,rādhākishorepur tripura
Chandīman,Gujarat,30.73171,76.89877,9051,Asia/Kolkata,chandīman gujarat
Durga Nagar Part-V,Arunachal Pradesh,24.88149,92.88213,9051,Asia/Kolkata,durga nagar part-v arunachal pradesh
Mowād,Maharashtra,21.46475,78.45103,9045,Asia/Kolkata,mowād maharashtra
Kumārmunda,Odisha,22.3,84.78333,9043,Asia/Kolkata,kumārmunda odisha
Mustafābād,Gujarat,30.2022,77.14873,9042,Asia/Kolkata,mustafābād gujarat
Bogādi,Karnataka,12.30301,76.59821,9041,Asia/Kolkata,bogādi karnataka
Khandpara,Odisha,20.26436,85.17673,9038,Asia/Kolkata,khandpara odisha
Bamna,Madhya Pradesh,23.09454,74.76164,9034,Asia/Kolkata,bamna madhya pradesh
Vareli,Goa,21.17731,72.95109,9033,Asia/Kolkata,vareli goa
Kenduadīh,Unknown,23.73602,86.37403,9032,Asia/Kolkata,kenduadīh unknown
Minnampalli,Tamil Nadu,11.00054,78.11805,9031,Asia/Kolkata,minnampalli tamil nadu
Vilār,Tamil Nadu,10.73126,79.15541,9028,Asia/Kolkata,vilār tamil nadu
Rāipur Rāni,Gujarat,30.5856,77.02177,9028,Asia/Kolkata,rāipur rāni gujarat
Chekonidhara,Arunachal Pradesh,26.735,94.21134,9026,Asia/Kolkata,chekonidhara arunachal pradesh
Dediāpāda,Goa,21.62769,73.59026,9026,Asia/Kolkata,dediāpāda goa
Bhairamgarh,Unknown,19.00641,81.05917,9026,Asia/Kolkata,bhairamgarh unknown
Kodivalasa,Tamil Nadu,13.25468,79.42487,9024,Asia/Kolkata,kodivalasa tamil nadu
Bhilad,Goa,20.27675,72.88558,9022,Asia/Kolkata,bhilad goa
Manamodu,Tamil Nadu,11.1965,79.59534,9017,Asia/Kolkata,manamodu tamil nadu
Ottappatti,Tamil Nadu,9.89602,78.0896,9016,Asia/Kolkata,ottappatti tamil nadu
Sohāgi,Madhya Pradesh,24.98181,81.69558,9009,Asia/Kolkata,sohāgi madhya pradesh
Jorethang,Sikkim,27.10696,88.32332,9009,Asia/Kolkata,jorethang sikkim
Haraiya,Uttar Pradesh,26.79477,82.46436,9000,Asia/Kolkata,haraiya uttar pradesh
Puttaparthi,Andhra Pradesh,14.1652,77.8117,9000,Asia/Kolkata,puttaparthi andhra pradesh
Odugattūr,Tamil Nadu,12.76793,78.88304,8998,Asia/Kolkata,odugattūr tamil nadu
Tāzhakudi,Tamil Nadu,8.23483,77.45333,8992,Asia/Kolkata,tāzhakudi tamil nadu
Lawan,Unknown,21.64137,82.34123,8984,Asia/Kolkata,lawan unknown
Krushnanandapur,Odisha,20.35868,86.26064,8974,Asia/Kolkata,krushnanandapur odisha
Kosmī,Madhya Pradesh,21.80448,80.2068,8970,Asia/Kolkata,kosmī madhya pradesh
Iklehra,Madhya Pradesh,23.14667,76.39044,8969,Asia/Kolkata,iklehra madhya pradesh
Chābua,Arunachal Pradesh,27.48253,95.17451,8966,Asia/Kolkata,chābua arunachal pradesh
Amkhera,Madhya Pradesh,23.21334,79.93336,8957,Asia/Kolkata,amkhera madhya pradesh
Alikherva,Goa,22.28107,73.71792,8951,Asia/Kolkata,alikherva goa
Arimalam,Tamil Nadu,10.25498,78.88403,8948,Asia/Kolkata,arimalam tamil nadu
Barwāla,Delhi,28.76129,77.06278,8948,Asia/Kolkata,barwāla delhi
Bāba Bakāla,Punjab,31.55545,75.26389,8946,Asia/Kolkata,bāba bakāla punjab
Dandi,Maharashtra,19.79823,72.7651,8942,Asia/Kolkata,dandi maharashtra
Chēlakara,Kerala,10.69289,76.34387,8936,Asia/Kolkata,chēlakara kerala
Hariāna,Punjab,31.63512,75.83887,8928,Asia/Kolkata,hariāna punjab
Chinnamudalippatti,Tamil Nadu,11.24374,78.17658,8928,Asia/Kolkata,chinnamudalippatti tamil nadu
Manjēshvar,Kerala,12.71287,74.88857,8927,Asia/Kolkata,manjēshvar kerala
Ūncha Sawāna,Gujarat,29.62083,76.99944,8922,Asia/Kolkata,ūncha sawāna gujarat
Bārīgarh,Madhya Pradesh,25.23248,80.03466,8918,Asia/Kolkata,bārīgarh madhya pradesh
Nathampannai,Tamil Nadu,10.40934,78.79176,8915,Asia/Kolkata,nathampannai tamil nadu
Pallipattu,Tamil Nadu,13.3386,79.44489,8912,Asia/Kolkata,pallipattu tamil nadu
Chandrapur,Goa,22.60353,70.95896,8906,Asia/Kolkata,chandrapur goa
Annavāsal,Tamil Nadu,10.4606,78.70029,8906,Asia/Kolkata,annavāsal tamil nadu
Yelandūr,Karnataka,12.04629,77.03034,8901,Asia/Kolkata,yelandūr karnataka
Mahroni,Uttar Pradesh,24.58624,78.72771,8898,Asia/Kolkata,mahroni uttar pradesh
Sikandarpur,Gujarat,29.41508,76.93416,8894,Asia/Kolkata,sikandarpur gujarat
Phūlpur,Uttar Pradesh,26.07779,82.87608,8893,Asia/Kolkata,phūlpur uttar pradesh
Eriyodu,Tamil Nadu,10.51724,78.06268,8890,Asia/Kolkata,eriyodu tamil nadu
Adaikkakuzhi,Tamil Nadu,8.30779,77.1411,8888,Asia/Kolkata,adaikkakuzhi tamil nadu
Molasūr,Tamil Nadu,12.93868,79.88384,8887,Asia/Kolkata,molasūr tamil nadu
Kilkunda,Tamil Nadu,11.26321,76.65418,8886,Asia/Kolkata,kilkunda tamil nadu
Narot Mehra,Punjab,32.26726,75.56469,8885,Asia/Kolkata,narot mehra punjab
Mhāsāl,Maharashtra,20.75044,78.63634,8883,Asia/Kolkata,mhāsāl maharashtra
Badarpur Railway Town,Arunachal Pradesh,24.87106,92.57042,8882,Asia/Kolkata,badarpur railway town arunachal pradesh
Kannavam,Kerala,11.8445,75.66266,8880,Asia/Kolkata,kannavam kerala
Ayakod,Tamil Nadu,8.34566,77.29874,8874,Asia/Kolkata,ayakod tamil nadu
Eranāpuram,Tamil Nadu,11.55812,77.98928,8871,Asia/Kolkata,eranāpuram tamil nadu
Bhuwaneshwar,Maharashtra,18.43194,73.12347,8871,Asia/Kolkata,bhuwaneshwar maharashtra
Shamshi,Haryana,31.86641,77.1472,8870,Asia/Kolkata,shamshi haryana
Tirodi,Madhya Pradesh,21.68522,79.71906,8870,Asia/Kolkata,tirodi madhya pradesh
Munnūru,Karnataka,12.86163,75.01855,8864,Asia/Kolkata,munnūru karnataka
Damonojodi,Odisha,18.76323,82.91936,8862,Asia/Kolkata,damonojodi odisha
Fateh Pur Beri,Delhi,28.45769,77.17885,8861,Asia/Kolkata,fateh pur beri delhi
Koora,Unknown,21.43241,81.66528,8857,Asia/Kolkata,koora unknown
Ahmadpur,West Bengal,23.83009,87.68661,8855,Asia/Kolkata,ahmadpur west bengal
Amingaon,Arunachal Pradesh,26.18491,91.6786,8855,Asia/Kolkata,amingaon arunachal pradesh
Paratdiha,Unknown,24.1638,86.307,8854,Asia/Kolkata,paratdiha unknown
Manappakkam,Tamil Nadu,13.01083,80.16861,8851,Asia/Kolkata,manappakkam tamil nadu
Jhagra Pt.III,Arunachal Pradesh,26.0399,89.95918,8838,Asia/Kolkata,jhagra pt.iii arunachal pradesh
Nandgad,Karnataka,15.57746,74.56899,8837,Asia/Kolkata,nandgad karnataka
Birvādi,Maharashtra,18.1019,73.50803,8829,Asia/Kolkata,birvādi maharashtra
Maragondahalli,Karnataka,12.83382,77.65575,8824,Asia/Kolkata,maragondahalli karnataka
Tiruppālaikudi,Tamil Nadu,9.54606,78.91721,8824,Asia/Kolkata,tiruppālaikudi tamil nadu
Sethiyathope,Tamil Nadu,11.43686,79.54251,8824,Asia/Kolkata,sethiyathope tamil nadu
Koolimuttam,Kerala,10.28624,76.13564,8823,Asia/Kolkata,koolimuttam kerala
Rājābhita,Unknown,23.86667,86.33333,8820,Asia/Kolkata,rājābhita unknown
Tikaitnagar,Uttar Pradesh,26.94612,81.56583,8806,Asia/Kolkata,tikaitnagar uttar pradesh
Sayadpur,Odisha,20.7279,86.40067,8798,Asia/Kolkata,sayadpur odisha
Kelhauri,Madhya Pradesh,23.18729,81.63102,8796,Asia/Kolkata,kelhauri madhya pradesh
Teok,Arunachal Pradesh,26.83197,94.41651,8795,Asia/Kolkata,teok arunachal pradesh
Naya Baradwar,Unknown,22.01013,82.8177,8793,Asia/Kolkata,naya baradwar unknown
Kothi,Madhya Pradesh,24.7526,80.77751,8793,Asia/Kolkata,kothi madhya pradesh
Azara,Arunachal Pradesh,26.12408,91.61161,8780,Asia/Kolkata,azara arunachal pradesh
Borāj,Rajasthan,26.45413,74.6103,8780,Asia/Kolkata,borāj rajasthan
Muttargi,Telangana,17.54096,78.22715,8777,Asia/Kolkata,muttargi telangana
Dhanwār,Unknown,24.41074,85.98183,8777,Asia/Kolkata,dhanwār unknown
Kunnattūr,Tamil Nadu,11.27275,77.41074,8774,Asia/Kolkata,kunnattūr tamil nadu
Bicholi Hapsi,Madhya Pradesh,22.7155,75.93941,8774,Asia/Kolkata,bicholi hapsi madhya pradesh
Sāori,Maharashtra,21.112,79.54562,8770,Asia/Kolkata,sāori maharashtra
Dharmaragar,Tripura,24.34911,92.13139,8761,Asia/Kolkata,dharmaragar tripura
Parwanoo,Haryana,30.83716,76.96143,8758,Asia/Kolkata,parwanoo haryana
Tarapur Pt VI,Arunachal Pradesh,24.85159,92.76668,8753,Asia/Kolkata,tarapur pt vi arunachal pradesh
Bhigvan,Maharashtra,18.3007,74.76701,8753,Asia/Kolkata,bhigvan maharashtra
Utai,Unknown,21.11667,81.38333,8752,Asia/Kolkata,utai unknown
Sarupathar Bengali,Arunachal Pradesh,27.34064,95.3135,8752,Asia/Kolkata,sarupathar bengali arunachal pradesh
Gogūnda,Rajasthan,24.75844,73.52981,8751,Asia/Kolkata,gogūnda rajasthan
Hamren,Arunachal Pradesh,25.84696,92.57409,8747,Asia/Kolkata,hamren arunachal pradesh
Andro,Manipur,24.74854,94.04296,8744,Asia/Kolkata,andro manipur
Gawān,Uttar Pradesh,28.41969,78.35186,8744,Asia/Kolkata,gawān uttar pradesh
Medziphema,Nagaland,25.75759,93.86545,8738,Asia/Kolkata,medziphema nagaland
Pannaikadu,Tamil Nadu,10.27928,77.62849,8731,Asia/Kolkata,pannaikadu tamil nadu
Nadaikavu,Tamil Nadu,8.2915,77.14793,8727,Asia/Kolkata,nadaikavu tamil nadu
Satiāwāla,Punjab,30.9273,74.64562,8724,Asia/Kolkata,satiāwāla punjab
Bāgeshwar,Uttarakhand,29.83738,79.77161,8708,Asia/Kolkata,bāgeshwar uttarakhand
Jalukie,Nagaland,25.64674,93.66087,8706,Asia/Kolkata,jalukie nagaland
Barauda,Madhya Pradesh,23.55753,75.24894,8700,Asia/Kolkata,barauda madhya pradesh
Chinnāmpālaiyam,Tamil Nadu,10.66038,77.02482,8695,Asia/Kolkata,chinnāmpālaiyam tamil nadu
Rāmgarh,Bihar,25.28893,83.65355,8690,Asia/Kolkata,rāmgarh bihar
Sultanpur,Maharashtra,20.08695,76.5187,8688,Asia/Kolkata,sultanpur maharashtra
Idigarai,Tamil Nadu,11.11845,76.96898,8686,Asia/Kolkata,idigarai tamil nadu
Kadipikonda,Telangana,17.96371,79.50976,8685,Asia/Kolkata,kadipikonda telangana
Kurgunta,Karnataka,17.19321,77.35772,8682,Asia/Kolkata,kurgunta karnataka
Katpur,Goa,21.05869,71.79457,8677,Asia/Kolkata,katpur goa
Munirābād,Karnataka,15.30928,76.3383,8672,Asia/Kolkata,munirābād karnataka
Baruwāli,Punjab,30.53785,74.65381,8668,Asia/Kolkata,baruwāli punjab
Roha,Goa,23.19646,69.27076,8664,Asia/Kolkata,roha goa
Nazarathpettai,Tamil Nadu,13.04694,80.07977,8660,Asia/Kolkata,nazarathpettai tamil nadu
Parbatipur,West Bengal,22.6625,88.22222,8657,Asia/Kolkata,parbatipur west bengal
Kinattukkadavu,Tamil Nadu,10.82248,77.01962,8653,Asia/Kolkata,kinattukkadavu tamil nadu
Bālakrishnanpatti,Tamil Nadu,11.23888,78.4858,8635,Asia/Kolkata,bālakrishnanpatti tamil nadu
Rees,Maharashtra,18.8954,73.20004,8632,Asia/Kolkata,rees maharashtra
Barajamda,Unknown,22.1649,85.42724,8629,Asia/Kolkata,barajamda unknown
Bhorgarh,Delhi,28.82926,77.09521,8627,Asia/Kolkata,bhorgarh delhi
Midalam,Tamil Nadu,8.22162,77.26168,8625,Asia/Kolkata,midalam tamil nadu
Gokul Shirgaon,Maharashtra,16.6434,74.27409,8623,Asia/Kolkata,gokul shirgaon maharashtra
Perumpāndi,Tamil Nadu,10.96868,79.37435,8620,Asia/Kolkata,perumpāndi tamil nadu
Bargāwān,Unknown,23.31942,85.39015,8615,Asia/Kolkata,bargāwān unknown
Gundardehi,Unknown,20.94617,81.28924,8614,Asia/Kolkata,gundardehi unknown
Puzhakkal,Kerala,10.54708,76.17768,8609,Asia/Kolkata,puzhakkal kerala
Dehri,Madhya Pradesh,22.66764,75.51958,8606,Asia/Kolkata,dehri madhya pradesh
Belvata,Karnataka,12.35539,76.64956,8605,Asia/Kolkata,belvata karnataka
Bhokra,Maharashtra,21.22787,79.06799,8602,Asia/Kolkata,bhokra maharashtra
Pīpla,Madhya Pradesh,21.59071,78.73494,8595,Asia/Kolkata,pīpla madhya pradesh
Torpa,Unknown,22.93605,85.08892,8592,Asia/Kolkata,torpa unknown
Mataundh,Uttar Pradesh,25.43594,80.15653,8591,Asia/Kolkata,mataundh uttar pradesh
Kolvi,Rajasthan,23.94213,75.59856,8584,Asia/Kolkata,kolvi rajasthan
Pippara,Andhra Pradesh,16.71667,81.55,8581,Asia/Kolkata,pippara andhra pradesh
Ghāghrā,Unknown,23.26659,84.55297,8580,Asia/Kolkata,ghāghrā unknown
Kwakta,Manipur,24.44824,93.73024,8579,Asia/Kolkata,kwakta manipur
Lālam,Kerala,9.71667,76.7,8571,Asia/Kolkata,lālam kerala
Palāri,Unknown,21.53633,82.15864,8567,Asia/Kolkata,palāri unknown
Chittode,Tamil Nadu,11.3946,77.65884,8550,Asia/Kolkata,chittode tamil nadu
Lavachha,Goa,20.29649,72.99001,8549,Asia/Kolkata,lavachha goa
Thevūr,Tamil Nadu,11.52396,77.7539,8548,Asia/Kolkata,thevūr tamil nadu
Korukollu,Andhra Pradesh,16.5,81.25,8543,Asia/Kolkata,korukollu andhra pradesh
Kattimancode,Tamil Nadu,8.1905,77.35257,8541,Asia/Kolkata,kattimancode tamil nadu
Nandambakkam,Tamil Nadu,12.97795,80.06781,8540,Asia/Kolkata,nandambakkam tamil nadu
Nāngal Chaudhri,Gujarat,27.89275,76.11207,8538,Asia/Kolkata,nāngal chaudhri gujarat
Kotra,Uttar Pradesh,25.8077,79.30909,8534,Asia/Kolkata,kotra uttar pradesh
Valpoi,Goa,15.53239,74.13671,8532,Asia/Kolkata,valpoi goa
Belsor,Arunachal Pradesh,26.38182,91.35158,8523,Asia/Kolkata,belsor arunachal pradesh
Manalūrpettai,Tamil Nadu,12.00788,79.09184,8523,Asia/Kolkata,manalūrpettai tamil nadu
Sultānpur,Uttarakhand,29.75534,78.11034,8518,Asia/Kolkata,sultānpur uttarakhand
Manu,Tripura,23.9991,91.98922,8515,Asia/Kolkata,manu tripura
Sundarapāndiyam,Tamil Nadu,9.61267,77.67378,8513,Asia/Kolkata,sundarapāndiyam tamil nadu
Dahi,Madhya Pradesh,22.11217,74.5879,8509,Asia/Kolkata,dahi madhya pradesh
Malhār,Unknown,21.89275,82.28322,8505,Asia/Kolkata,malhār unknown
Kurmūr,Odisha,18.75454,82.93787,8504,Asia/Kolkata,kurmūr odisha
Sulebhāvi,Karnataka,15.89572,74.65494,8503,Asia/Kolkata,sulebhāvi karnataka
Chhapera,Madhya Pradesh,23.89484,76.45378,8501,Asia/Kolkata,chhapera madhya pradesh
Bāgnān,West Bengal,22.93338,88.13856,8494,Asia/Kolkata,bāgnān west bengal
Amguri,Arunachal Pradesh,26.81482,94.52614,8494,Asia/Kolkata,amguri arunachal pradesh
Bamora,Madhya Pradesh,24.05539,78.08925,8493,Asia/Kolkata,bamora madhya pradesh
Kavundaneri,Tamil Nadu,11.5737,77.98019,8485,Asia/Kolkata,kavundaneri tamil nadu
Boh,Punjab,30.38093,76.87999,8482,Asia/Kolkata,boh punjab
Gond Pīpri,Maharashtra,19.71499,79.68618,8474,Asia/Kolkata,gond pīpri maharashtra
Dārapur,Jammu and Kashmir,34.51219,74.41399,8464,Asia/Kolkata,dārapur jammu and kashmir
Shirud,Maharashtra,20.73527,74.89187,8455,Asia/Kolkata,shirud maharashtra
Kākarāti,Madhya Pradesh,24.56393,80.2659,8452,Asia/Kolkata,kākarāti madhya pradesh
Dhilwan,Punjab,31.51432,75.34574,8447,Asia/Kolkata,dhilwan punjab
Mel Seval,Tamil Nadu,8.67223,77.61467,8435,Asia/Kolkata,mel seval tamil nadu
Pareo,Bihar,25.55819,84.8017,8435,Asia/Kolkata,pareo bihar
Moran Town,Arunachal Pradesh,27.18738,94.91469,8434,Asia/Kolkata,moran town arunachal pradesh
Attāni,Tamil Nadu,11.52205,77.51219,8430,Asia/Kolkata,attāni tamil nadu
Semmipālaiyam,Tamil Nadu,11.00926,77.2357,8429,Asia/Kolkata,semmipālaiyam tamil nadu
Pithora,Unknown,21.25021,82.51707,8428,Asia/Kolkata,pithora unknown
Rāmgarh,Madhya Pradesh,25.89056,78.32925,8423,Asia/Kolkata,rāmgarh madhya pradesh
Amarkantak,Madhya Pradesh,22.67486,81.75908,8416,Asia/Kolkata,amarkantak madhya pradesh
Chinnatadāgam,Tamil Nadu,11.08164,76.86742,8407,Asia/Kolkata,chinnatadāgam tamil nadu
Chail,Uttar Pradesh,25.42654,81.63198,8407,Asia/Kolkata,chail uttar pradesh
Sānchi,Madhya Pradesh,23.48646,77.7378,8401,Asia/Kolkata,sānchi madhya pradesh
Bissamcuttack,Odisha,19.51168,83.50596,8399,Asia/Kolkata,bissamcuttack odisha
Dahali,Arunachal Pradesh,26.09694,91.49835,8397,Asia/Kolkata,dahali arunachal pradesh
Jaithari,Madhya Pradesh,23.04055,81.79763,8396,Asia/Kolkata,jaithari madhya pradesh
Nīlpur,Punjab,30.46889,76.57972,8391,Asia/Kolkata,nīlpur punjab
Jaithāri,Madhya Pradesh,23.20856,78.61487,8386,Asia/Kolkata,jaithāri madhya pradesh
Attippatti,Tamil Nadu,9.49389,78.12711,8384,Asia/Kolkata,attippatti tamil nadu
Nīlambūr,Tamil Nadu,11.059,77.08383,8382,Asia/Kolkata,nīlambūr tamil nadu
Chhāpi,Goa,24.03225,72.40063,8379,Asia/Kolkata,chhāpi goa
Vanmēnād,Kerala,10.5567,76.0624,8377,Asia/Kolkata,vanmēnād kerala
Than-Khamharia,Unknown,21.80049,81.33812,8373,Asia/Kolkata,than-khamharia unknown
Bijeraghogarh,Madhya Pradesh,23.99554,80.60657,8371,Asia/Kolkata,bijeraghogarh madhya pradesh
Bomdila,Arunachal Pradesh,27.26475,92.42472,8370,Asia/Kolkata,bomdila arunachal pradesh
Maibong,Arunachal Pradesh,25.30125,93.13811,8364,Asia/Kolkata,maibong arunachal pradesh
Vavarai,Tamil Nadu,8.2921,77.16169,8362,Asia/Kolkata,vavarai tamil nadu
Dēsamangalam,Kerala,10.7549,76.23211,8355,Asia/Kolkata,dēsamangalam kerala
Tikarapāra,Odisha,19.62392,83.49543,8346,Asia/Kolkata,tikarapāra odisha
Alagāpuram,Tamil Nadu,11.88705,78.91758,8345,Asia/Kolkata,alagāpuram tamil nadu
Perūr,Tamil Nadu,10.97519,76.91292,8341,Asia/Kolkata,perūr tamil nadu
Rakholi,52,20.21667,73.03333,8339,Asia/Kolkata,rakholi 52
Tiruvengadam,Tamil Nadu,9.25859,77.6748,8337,Asia/Kolkata,tiruvengadam tamil nadu
Dommaranandyāla,Andhra Pradesh,14.86411,78.36408,8337,Asia/Kolkata,dommaranandyāla andhra pradesh
Mandrem,Goa,15.65337,73.72272,8336,Asia/Kolkata,mandrem goa
Wail,Jammu and Kashmir,34.27074,74.80361,8335,Asia/Kolkata,wail jammu and kashmir
Raghunandanpur,West Bengal,24.65076,87.97277,8335,Asia/Kolkata,raghunandanpur west bengal
Tarabha,Odisha,20.73252,83.67443,8334,Asia/Kolkata,tarabha odisha
Malhārgarh,Madhya Pradesh,24.28286,74.99024,8332,Asia/Kolkata,malhārgarh madhya pradesh
Vallālappatti,Tamil Nadu,10.05837,78.28728,8325,Asia/Kolkata,vallālappatti tamil nadu
Bībīnagar,Telangana,17.47277,78.79596,8320,Asia/Kolkata,bībīnagar telangana
Rasikpur,Unknown,24.28546,87.25379,8320,Asia/Kolkata,rasikpur unknown
Borpukhuri,Arunachal Pradesh,26.01553,92.84525,8318,Asia/Kolkata,borpukhuri arunachal pradesh
Pimpalgaon,Maharashtra,20.4128,78.12818,8317,Asia/Kolkata,pimpalgaon maharashtra
Antu,Uttar Pradesh,26.05654,81.90267,8316,Asia/Kolkata,antu uttar pradesh
Kāndri,Maharashtra,21.4203,79.27663,8315,Asia/Kolkata,kāndri maharashtra
Gonikoppal,Karnataka,12.18302,75.92943,8306,Asia/Kolkata,gonikoppal karnataka
Deogiri,Maharashtra,20.31875,77.79602,8303,Asia/Kolkata,deogiri maharashtra
Piploda,Madhya Pradesh,23.60732,74.94198,8294,Asia/Kolkata,piploda madhya pradesh
Majhgawān,Madhya Pradesh,24.92131,80.80753,8290,Asia/Kolkata,majhgawān madhya pradesh
Nandesari INA,Goa,22.40624,73.09517,8290,Asia/Kolkata,nandesari ina goa
Simaluguri,Arunachal Pradesh,26.9185,94.75684,8286,Asia/Kolkata,simaluguri arunachal pradesh
Behlana,Bihar,30.67813,76.8006,8281,Asia/Kolkata,behlana bihar
Bālāpur,Telangana,17.31018,78.49969,8280,Asia/Kolkata,bālāpur telangana
Vilavancode,Tamil Nadu,8.3129,77.2048,8277,Asia/Kolkata,vilavancode tamil nadu
Isnapuram,Telangana,17.54236,78.19947,8276,Asia/Kolkata,isnapuram telangana
Kilvelur,Tamil Nadu,10.76721,79.74186,8272,Asia/Kolkata,kilvelur tamil nadu
Bohari,Arunachal Pradesh,26.25436,91.13914,8264,Asia/Kolkata,bohari arunachal pradesh
Saraiya,Bihar,24.80118,84.0816,8260,Asia/Kolkata,saraiya bihar
Varadarājampettai,Tamil Nadu,11.35527,79.4186,8259,Asia/Kolkata,varadarājampettai tamil nadu
Konrā,Unknown,24.31033,85.4221,8258,Asia/Kolkata,konrā unknown
Sorala,Odisha,19.13084,84.75089,8258,Asia/Kolkata,sorala odisha
Borim,Goa,15.36667,74,8257,Asia/Kolkata,borim goa
Khera Kalān,Delhi,28.77445,77.11718,8252,Asia/Kolkata,khera kalān delhi
Tangellamūdi,Andhra Pradesh,16.72121,81.10517,8250,Asia/Kolkata,tangellamūdi andhra pradesh
Niwas,Madhya Pradesh,23.04574,80.44469,8248,Asia/Kolkata,niwas madhya pradesh
Doiwāla,Uttarakhand,30.17667,78.11659,8247,Asia/Kolkata,doiwāla uttarakhand
Golakganj,Arunachal Pradesh,26.10216,89.82275,8244,Asia/Kolkata,golakganj arunachal pradesh
Srīgobindpur,Punjab,31.68945,75.47751,8241,Asia/Kolkata,srīgobindpur punjab
Religāra,Unknown,23.71285,85.36095,8239,Asia/Kolkata,religāra unknown
Chhurikala,Unknown,22.48136,82.61289,8239,Asia/Kolkata,chhurikala unknown
Jasai,Maharashtra,18.93188,73.01889,8234,Asia/Kolkata,jasai maharashtra
Jaisinghnagar,Madhya Pradesh,23.68582,81.39085,8233,Asia/Kolkata,jaisinghnagar madhya pradesh
Seer Hamdan,Jammu and Kashmir,33.7887,75.24305,8233,Asia/Kolkata,seer hamdan jammu and kashmir
Pārtibanūr,Tamil Nadu,9.5855,78.45452,8232,Asia/Kolkata,pārtibanūr tamil nadu
Chinniyampālaiyam,Tamil Nadu,11.0561,77.06445,8232,Asia/Kolkata,chinniyampālaiyam tamil nadu
Mehmand,Unknown,22.03715,82.19613,8231,Asia/Kolkata,mehmand unknown
Chatibor Gaon,Arunachal Pradesh,26.51812,90.52288,8231,Asia/Kolkata,chatibor gaon arunachal pradesh
Tidāvūr,Tamil Nadu,11.49399,78.69745,8230,Asia/Kolkata,tidāvūr tamil nadu
Usuppūr,Tamil Nadu,11.38155,79.69702,8221,Asia/Kolkata,usuppūr tamil nadu
Tundra,Unknown,21.67687,82.60919,8211,Asia/Kolkata,tundra unknown
Lelanga,Unknown,22.39197,83.58078,8208,Asia/Kolkata,lelanga unknown
Iāwar,Madhya Pradesh,23.00943,76.5007,8206,Asia/Kolkata,iāwar madhya pradesh
Dhola,Goa,21.88129,71.77269,8206,Asia/Kolkata,dhola goa
Kangarāli-khurd,Karnataka,15.89535,74.49904,8204,Asia/Kolkata,kangarāli-khurd karnataka
Umsning,Meghalaya,25.73647,91.88804,8198,Asia/Kolkata,umsning meghalaya
Lansdowne,Uttarakhand,29.84183,78.68014,8198,Asia/Kolkata,lansdowne uttarakhand
Beerwah,Jammu and Kashmir,34.01238,74.59563,8192,Asia/Kolkata,beerwah jammu and kashmir
Chainpur,Unknown,24.01163,84.04672,8188,Asia/Kolkata,chainpur unknown
Velāppākkam,Tamil Nadu,12.85254,79.29579,8174,Asia/Kolkata,velāppākkam tamil nadu
Rāmnagar,Jammu and Kashmir,32.80728,75.31119,8166,Asia/Kolkata,rāmnagar jammu and kashmir
Priol,Goa,15.41667,73.98333,8164,Asia/Kolkata,priol goa
Rohru,Haryana,31.20269,77.75484,8160,Asia/Kolkata,rohru haryana
Kāndra,Unknown,22.8517,86.05192,8157,Asia/Kolkata,kāndra unknown
Majgaon,Arunachal Pradesh,26.65246,92.79105,8154,Asia/Kolkata,majgaon arunachal pradesh
Vellookkara,Kerala,10.32323,76.21604,8146,Asia/Kolkata,vellookkara kerala
Abirāmam,Tamil Nadu,9.4423,78.4399,8144,Asia/Kolkata,abirāmam tamil nadu
Jena,Unknown,23.67621,86.01809,8143,Asia/Kolkata,jena unknown
Barmhān Kalān,Madhya Pradesh,23.0346,79.02092,8143,Asia/Kolkata,barmhān kalān madhya pradesh
Sanivārapupeta,Andhra Pradesh,16.73047,81.07769,8142,Asia/Kolkata,sanivārapupeta andhra pradesh
Mākkināyakkinpatti,Tamil Nadu,10.64499,77.02939,8134,Asia/Kolkata,mākkināyakkinpatti tamil nadu
Milattūr,Tamil Nadu,10.85759,79.23938,8131,Asia/Kolkata,milattūr tamil nadu
Bhānupratāppur,Unknown,20.30975,81.07306,8125,Asia/Kolkata,bhānupratāppur unknown
Covelong,Tamil Nadu,12.78653,80.25065,8124,Asia/Kolkata,covelong tamil nadu
Jaffrabad,Tamil Nadu,12.69053,78.60795,8121,Asia/Kolkata,jaffrabad tamil nadu
Azhikkal,Kerala,11.94043,75.30512,8117,Asia/Kolkata,azhikkal kerala
Reodhar,Rajasthan,24.6197,72.5262,8117,Asia/Kolkata,reodhar rajasthan
Badāgrāma,Karnataka,13.19105,74.74722,8117,Asia/Kolkata,badāgrāma karnataka
Naginimora,Nagaland,26.81492,94.81084,8116,Asia/Kolkata,naginimora nagaland
Uduma,Kerala,12.43585,75.01811,8115,Asia/Kolkata,uduma kerala
Mangasamudram,Andhra Pradesh,13.2291,79.09087,8113,Asia/Kolkata,mangasamudram andhra pradesh
Sarbhog,Arunachal Pradesh,26.48932,90.88426,8112,Asia/Kolkata,sarbhog arunachal pradesh
Chennasamudram,Tamil Nadu,11.05852,77.89961,8111,Asia/Kolkata,chennasamudram tamil nadu
Riāsi,Jammu and Kashmir,33.08115,74.83242,8101,Asia/Kolkata,riāsi jammu and kashmir
Kālundri,Maharashtra,18.9802,73.12708,8101,Asia/Kolkata,kālundri maharashtra
Hirdepur,Madhya Pradesh,23.82716,79.42353,8100,Asia/Kolkata,hirdepur madhya pradesh
Sāha,Gujarat,30.3119,76.97707,8100,Asia/Kolkata,sāha gujarat
Manāli,Haryana,32.2574,77.17481,8096,Asia/Kolkata,manāli haryana
Dharapur,Arunachal Pradesh,26.14953,91.64202,8095,Asia/Kolkata,dharapur arunachal pradesh
Vehicle Factory Area Jabalpur,Madhya Pradesh,23.22657,79.97695,8087,Asia/Kolkata,vehicle factory area jabalpur madhya pradesh
Musāfir-Khāna,Uttar Pradesh,26.37837,81.79607,8081,Asia/Kolkata,musāfir-khāna uttar pradesh
Gokak Falls,Karnataka,16.1879,74.7776,8080,Asia/Kolkata,gokak falls karnataka
Nasvadi,Goa,22.04525,73.73161,8076,Asia/Kolkata,nasvadi goa
Tajpura,Tamil Nadu,12.89326,79.31918,8075,Asia/Kolkata,tajpura tamil nadu
Satghara,Bihar,26.39772,86.16784,8060,Asia/Kolkata,satghara bihar
Nuapatna,Odisha,20.44623,85.46905,8057,Asia/Kolkata,nuapatna odisha
Kumar Kaibarta Gaon,Arunachal Pradesh,26.75091,94.23648,8056,Asia/Kolkata,kumar kaibarta gaon arunachal pradesh
Wāngjing,Manipur,24.58921,94.06386,8055,Asia/Kolkata,wāngjing manipur
Kolki,Maharashtra,17.97923,74.44998,8054,Asia/Kolkata,kolki maharashtra
Reis Magos,Goa,15.50761,73.80972,8053,Asia/Kolkata,reis magos goa
Rupahi Town,Arunachal Pradesh,26.41971,92.74563,8052,Asia/Kolkata,rupahi town arunachal pradesh
Peddikuppam,Tamil Nadu,13.44101,80.12175,8044,Asia/Kolkata,peddikuppam tamil nadu
Vijaypur,Jammu and Kashmir,32.56532,75.01859,8044,Asia/Kolkata,vijaypur jammu and kashmir
Dondi,Unknown,20.48809,81.08708,8042,Asia/Kolkata,dondi unknown
Edakkalathur,Kerala,10.59316,76.12324,8039,Asia/Kolkata,edakkalathur kerala
Sirukkāveripākkam,Tamil Nadu,12.85301,79.67718,8032,Asia/Kolkata,sirukkāveripākkam tamil nadu
Bhimarayanagudi,Karnataka,16.72631,76.79778,8029,Asia/Kolkata,bhimarayanagudi karnataka
Sarimpur,Bihar,25.58769,83.99333,8020,Asia/Kolkata,sarimpur bihar
Lāpangā,Unknown,23.63326,85.37699,8017,Asia/Kolkata,lāpangā unknown
Sarīla,Uttar Pradesh,25.77579,79.67535,8012,Asia/Kolkata,sarīla uttar pradesh
Iduvāy,Tamil Nadu,11.07886,77.28532,8006,Asia/Kolkata,iduvāy tamil nadu
Arjyapalli Marine,Odisha,19.3167,84.97373,8001,Asia/Kolkata,arjyapalli marine odisha
Jasrāsar,Rajasthan,27.70701,73.81276,8000,Asia/Kolkata,jasrāsar rajasthan
Jhulasan,Goa,23.3286,72.47314,8000,Asia/Kolkata,jhulasan goa
Muzhucode,Tamil Nadu,8.3619,77.2281,8000,Asia/Kolkata,muzhucode tamil nadu
Ratangarh,Madhya Pradesh,24.81667,75.11667,7994,Asia/Kolkata,ratangarh madhya pradesh
Suvani,Odisha,19.13336,84.71512,7993,Asia/Kolkata,suvani odisha
Bara Bazar,West Bengal,22.56667,88.35,7985,Asia/Kolkata,bara bazar west bengal
Gamharia,Madhya Pradesh,23.85975,78.81392,7984,Asia/Kolkata,gamharia madhya pradesh
Tanr Balidih,Unknown,23.66853,86.05041,7982,Asia/Kolkata,tanr balidih unknown
Tonk Khurd,Madhya Pradesh,23.09831,76.21552,7979,Asia/Kolkata,tonk khurd madhya pradesh
Mahindāle,Maharashtra,20.90541,74.74753,7977,Asia/Kolkata,mahindāle maharashtra
Eklahra,Madhya Pradesh,22.20355,78.68929,7975,Asia/Kolkata,eklahra madhya pradesh
Ambicapur Pt VI,Arunachal Pradesh,24.78262,92.78919,7971,Asia/Kolkata,ambicapur pt vi arunachal pradesh
Talkhapur Dumra,Bihar,26.5615,85.50737,7970,Asia/Kolkata,talkhapur dumra bihar
Bamboo Flat,Andaman and Nicobar Islands,11.7,92.71667,7962,Asia/Kolkata,bamboo flat andaman and nicobar islands
Nidanpur Pt-II,Arunachal Pradesh,26.02331,90.30375,7954,Asia/Kolkata,nidanpur pt-ii arunachal pradesh
Dekan,Madhya Pradesh,24.70638,75.1044,7951,Asia/Kolkata,dekan madhya pradesh
Veppathur,Tamil Nadu,11.01607,79.4418,7949,Asia/Kolkata,veppathur tamil nadu
Jaijepur,Unknown,21.83129,82.81642,7946,Asia/Kolkata,jaijepur unknown
Tīra Sujānpur,Haryana,31.83364,76.50539,7943,Asia/Kolkata,tīra sujānpur haryana
Bāshettihalli,Karnataka,13.26158,77.55379,7943,Asia/Kolkata,bāshettihalli karnataka
Hānspura,Bihar,25.0572,84.54899,7940,Asia/Kolkata,hānspura bihar
Pail,Punjab,30.72131,76.06046,7923,Asia/Kolkata,pail punjab
Nambutalai,Tamil Nadu,9.72766,79.00707,7914,Asia/Kolkata,nambutalai tamil nadu
Periyanegamam,Tamil Nadu,10.74317,77.10296,7913,Asia/Kolkata,periyanegamam tamil nadu
Barika Chuburi,Arunachal Pradesh,26.63632,92.80854,7911,Asia/Kolkata,barika chuburi arunachal pradesh
Pūvalūr,Tamil Nadu,10.89863,78.83033,7905,Asia/Kolkata,pūvalūr tamil nadu
Kānwat,Rajasthan,27.58898,75.69884,7903,Asia/Kolkata,kānwat rajasthan
Alamelumangapuram,Tamil Nadu,12.94223,79.18688,7900,Asia/Kolkata,alamelumangapuram tamil nadu
Ghumārwīn,Haryana,31.44166,76.71509,7899,Asia/Kolkata,ghumārwīn haryana
Purihasa,Unknown,22.74453,86.19297,7897,Asia/Kolkata,purihasa unknown
Garhi Harsāru,Gujarat,28.44515,76.93947,7894,Asia/Kolkata,garhi harsāru gujarat
Dehari,Goa,20.15329,72.7414,7892,Asia/Kolkata,dehari goa
Kottaikavundanpatti,Tamil Nadu,11.71961,78.06851,7891,Asia/Kolkata,kottaikavundanpatti tamil nadu
Erei,Odisha,21.08714,86.52696,7890,Asia/Kolkata,erei odisha
Barwādih,Unknown,23.8478,84.11049,7888,Asia/Kolkata,barwādih unknown
Chintapalle,Andhra Pradesh,17.87117,82.35108,7888,Asia/Kolkata,chintapalle andhra pradesh
Mamit,Mizoram,23.92703,92.48968,7884,Asia/Kolkata,mamit mizoram
Sāhāpur,West Bengal,22.52444,88.16694,7883,Asia/Kolkata,sāhāpur west bengal
Āvānūr,Kerala,10.60237,76.17523,7879,Asia/Kolkata,āvānūr kerala
Ordnance Factory Itarsi,Madhya Pradesh,22.5733,77.86529,7878,Asia/Kolkata,ordnance factory itarsi madhya pradesh
Shangus,Jammu and Kashmir,33.69686,75.28366,7875,Asia/Kolkata,shangus jammu and kashmir
Sewāi,Unknown,23.61752,85.67832,7874,Asia/Kolkata,sewāi unknown
Tuli,Nagaland,26.66426,94.64207,7864,Asia/Kolkata,tuli nagaland
Cherpu,Kerala,10.43129,76.19902,7864,Asia/Kolkata,cherpu kerala
Gangadharpur,West Bengal,22.76,88.22,7862,Asia/Kolkata,gangadharpur west bengal
Bandhgora,Unknown,23.62139,86.14664,7859,Asia/Kolkata,bandhgora unknown
Dabra,Unknown,21.78036,83.08237,7854,Asia/Kolkata,dabra unknown
Pottōr,Kerala,10.57914,76.20257,7848,Asia/Kolkata,pottōr kerala
Mīnākshipuram,Tamil Nadu,9.9908,77.37085,7846,Asia/Kolkata,mīnākshipuram tamil nadu
Amini,Lakshadweep,11.11408,72.71907,7843,Asia/Kolkata,amini lakshadweep
Titābar,Arunachal Pradesh,26.6014,94.20386,7836,Asia/Kolkata,titābar arunachal pradesh
Pardi Sondhpur,Goa,20.61992,72.94005,7833,Asia/Kolkata,pardi sondhpur goa
Bānāvar,Karnataka,13.41029,76.16314,7827,Asia/Kolkata,bānāvar karnataka
Elattūr,Tamil Nadu,11.38659,77.30801,7827,Asia/Kolkata,elattūr tamil nadu
Sedaikavundanūr,Tamil Nadu,11.64031,78.18062,7823,Asia/Kolkata,sedaikavundanūr tamil nadu
Seethanagaram,Andhra Pradesh,17.1767,81.6925,7816,Asia/Kolkata,seethanagaram andhra pradesh
Alāwalpur,Punjab,31.43161,75.65614,7815,Asia/Kolkata,alāwalpur punjab
Uppinangadi,Karnataka,12.83641,75.24612,7813,Asia/Kolkata,uppinangadi karnataka
Malayadi,Tamil Nadu,8.3609,77.17948,7812,Asia/Kolkata,malayadi tamil nadu
Sakīt,Uttar Pradesh,27.43463,78.77903,7811,Asia/Kolkata,sakīt uttar pradesh
Yerrabalem,Andhra Pradesh,13.7046,80.0186,7803,Asia/Kolkata,yerrabalem andhra pradesh
Rasūlābād,Uttar Pradesh,26.74491,80.49012,7800,Asia/Kolkata,rasūlābād uttar pradesh
Parol,Jammu and Kashmir,32.34598,75.43441,7800,Asia/Kolkata,parol jammu and kashmir
Nallakavundanpālaiyam,Tamil Nadu,11.59228,78.01366,7796,Asia/Kolkata,nallakavundanpālaiyam tamil nadu
Kurpania,Unknown,23.7917,85.93227,7789,Asia/Kolkata,kurpania unknown
Jhakal Mandi,Gujarat,29.80759,75.82485,7788,Asia/Kolkata,jhakal mandi gujarat
Chicalim,Goa,15.39835,73.84216,7787,Asia/Kolkata,chicalim goa
Vilāchcheri,Tamil Nadu,9.89368,78.06034,7787,Asia/Kolkata,vilāchcheri tamil nadu
Settithāngal,Tamil Nadu,12.95652,79.33706,7780,Asia/Kolkata,settithāngal tamil nadu
Meru,Unknown,24.00967,85.46731,7780,Asia/Kolkata,meru unknown
Narasimharājapura,Karnataka,13.61075,75.512,7775,Asia/Kolkata,narasimharājapura karnataka
Dāndedih,Unknown,24.16335,86.32728,7769,Asia/Kolkata,dāndedih unknown
Pipodara,Goa,21.36052,72.95977,7765,Asia/Kolkata,pipodara goa
Chandrapada,Maharashtra,19.36156,72.8818,7750,Asia/Kolkata,chandrapada maharashtra
Kannanūr,Tamil Nadu,8.27929,77.29224,7747,Asia/Kolkata,kannanūr tamil nadu
Dalavaipatti,Tamil Nadu,11.66138,78.0834,7732,Asia/Kolkata,dalavaipatti tamil nadu
Kawnpur,Mizoram,24.04758,92.6756,7732,Asia/Kolkata,kawnpur mizoram
Ammanūr,Tamil Nadu,13.06505,79.65303,7731,Asia/Kolkata,ammanūr tamil nadu
Barkot,Uttarakhand,30.80861,78.20596,7725,Asia/Kolkata,barkot uttarakhand
Fateh Nangal,Punjab,31.94534,75.31905,7721,Asia/Kolkata,fateh nangal punjab
Bhavanisagar,Tamil Nadu,11.48059,77.12912,7710,Asia/Kolkata,bhavanisagar tamil nadu
Uppiliyapuram,Tamil Nadu,11.26356,78.5139,7705,Asia/Kolkata,uppiliyapuram tamil nadu
Tangapur,Telangana,16.39559,78.62658,7704,Asia/Kolkata,tangapur telangana
Agatti,Lakshadweep,10.83522,72.18217,7700,Asia/Kolkata,agatti lakshadweep
Virinchīpuram,Tamil Nadu,12.92343,79.02186,7699,Asia/Kolkata,virinchīpuram tamil nadu
Palod,Goa,21.38465,72.95837,7698,Asia/Kolkata,palod goa
Kandanūr,Tamil Nadu,10.10371,78.82537,7696,Asia/Kolkata,kandanūr tamil nadu
Nizāmpur,Maharashtra,21.11277,74.33067,7696,Asia/Kolkata,nizāmpur maharashtra
Chandrapur,Unknown,21.70756,83.23487,7688,Asia/Kolkata,chandrapur unknown
Māngvādi,Maharashtra,18.43135,73.86002,7685,Asia/Kolkata,māngvādi maharashtra
Irongmara,Arunachal Pradesh,24.689,92.74221,7685,Asia/Kolkata,irongmara arunachal pradesh
Harduli,Madhya Pradesh,22.92783,79.90299,7682,Asia/Kolkata,harduli madhya pradesh
Jhagrakhand,Unknown,23.1942,82.19756,7680,Asia/Kolkata,jhagrakhand unknown
Akālgarh,Punjab,30.75951,75.64565,7678,Asia/Kolkata,akālgarh punjab
Kulappuram,Tamil Nadu,8.32195,77.14892,7677,Asia/Kolkata,kulappuram tamil nadu
Beltangadi,Karnataka,13.98333,75.3,7676,Asia/Kolkata,beltangadi karnataka
Vaithīsvarankoil,Tamil Nadu,11.19583,79.70736,7676,Asia/Kolkata,vaithīsvarankoil tamil nadu
Nattalam,Tamil Nadu,8.27961,77.23455,7674,Asia/Kolkata,nattalam tamil nadu
Tarīchar Kalān,Madhya Pradesh,25.41182,78.88997,7674,Asia/Kolkata,tarīchar kalān madhya pradesh
Bājna,Uttar Pradesh,27.89793,77.67836,7673,Asia/Kolkata,bājna uttar pradesh
Mundathikōd,Kerala,10.64457,76.19528,7672,Asia/Kolkata,mundathikōd kerala
Bhūgor,Rajasthan,27.51689,76.60998,7666,Asia/Kolkata,bhūgor rajasthan
Jamwa Rāmgarh,Rajasthan,27.02021,76.01089,7665,Asia/Kolkata,jamwa rāmgarh rajasthan
Virudampattu,Tamil Nadu,12.95945,79.14436,7662,Asia/Kolkata,virudampattu tamil nadu
Barpathār,Arunachal Pradesh,26.28709,93.88844,7657,Asia/Kolkata,barpathār arunachal pradesh
Kodannur,Kerala,10.46647,76.1842,7655,Asia/Kolkata,kodannur kerala
Doha,Gujarat,27.67826,76.93611,7642,Asia/Kolkata,doha gujarat
Outabgarh,Delhi,28.80103,76.96163,7639,Asia/Kolkata,outabgarh delhi
Belthangady,Karnataka,12.98799,75.28241,7635,Asia/Kolkata,belthangady karnataka
Bamun Sualkuchi,Arunachal Pradesh,26.16826,91.58172,7628,Asia/Kolkata,bamun sualkuchi arunachal pradesh
Wāghoda,Maharashtra,21.37315,78.93489,7628,Asia/Kolkata,wāghoda maharashtra
Mathurāpur,Bihar,25.87099,85.78816,7627,Asia/Kolkata,mathurāpur bihar
Rekurti,Telangana,18.46886,79.11188,7626,Asia/Kolkata,rekurti telangana
Alīgarh,Rajasthan,25.96517,76.08302,7626,Asia/Kolkata,alīgarh rajasthan
Bellūru,Karnataka,12.9814,76.73308,7626,Asia/Kolkata,bellūru karnataka
Pavali,Tamil Nadu,9.60226,77.92128,7622,Asia/Kolkata,pavali tamil nadu
Vellavādanparappu,Tamil Nadu,11.18537,77.84245,7621,Asia/Kolkata,vellavādanparappu tamil nadu
Mānpur,Madhya Pradesh,22.43151,75.62107,7621,Asia/Kolkata,mānpur madhya pradesh
Daulatpur,West Bengal,25.32605,88.32989,7620,Asia/Kolkata,daulatpur west bengal
Ateli Mandi,Gujarat,28.1008,76.2598,7619,Asia/Kolkata,ateli mandi gujarat
Terūr,Tamil Nadu,8.17331,77.46505,7615,Asia/Kolkata,terūr tamil nadu
Sorbhog,Arunachal Pradesh,26.48612,90.8859,7614,Asia/Kolkata,sorbhog arunachal pradesh
Longleng,Nagaland,26.48989,94.81772,7613,Asia/Kolkata,longleng nagaland
Nāvalūr,Tamil Nadu,12.84482,80.22646,7610,Asia/Kolkata,nāvalūr tamil nadu
Gogāpur,Madhya Pradesh,23.55746,75.51665,7608,Asia/Kolkata,gogāpur madhya pradesh
Mānda,Maharashtra,19.56843,72.79722,7605,Asia/Kolkata,mānda maharashtra
Jangalpur,Unknown,23.82737,86.57928,7603,Asia/Kolkata,jangalpur unknown
Nakkāpalle,Andhra Pradesh,17.40792,82.71663,7603,Asia/Kolkata,nakkāpalle andhra pradesh
Dalhousie,Haryana,32.55219,75.94663,7601,Asia/Kolkata,dalhousie haryana
Periyākkurichchi,Tamil Nadu,11.54004,79.48943,7599,Asia/Kolkata,periyākkurichchi tamil nadu
Nadīgaon,Uttar Pradesh,26.10784,79.02283,7597,Asia/Kolkata,nadīgaon uttar pradesh
Garhdiwāla,Punjab,31.74147,75.75567,7593,Asia/Kolkata,garhdiwāla punjab
Rail,Punjab,30.99899,76.46759,7589,Asia/Kolkata,rail punjab
Rakh Gadi Garh,Jammu and Kashmir,32.66923,74.83887,7588,Asia/Kolkata,rakh gadi garh jammu and kashmir
Ahmadabad Cantonment,Goa,23.04768,72.60987,7588,Asia/Kolkata,ahmadabad cantonment goa
Sembianallur,Tamil Nadu,11.17731,77.24131,7586,Asia/Kolkata,sembianallur tamil nadu
Kherwāra,Rajasthan,23.98588,73.59493,7581,Asia/Kolkata,kherwāra rajasthan
Kattrivedu,Tamil Nadu,13.13778,80.20444,7580,Asia/Kolkata,kattrivedu tamil nadu
Murmāri,Maharashtra,21.07292,79.82804,7576,Asia/Kolkata,murmāri maharashtra
Malaudh,Punjab,30.63332,75.93565,7567,Asia/Kolkata,malaudh punjab
Padri,Bihar,26.16448,85.91243,7566,Asia/Kolkata,padri bihar
Mutge,Karnataka,15.86561,74.59183,7561,Asia/Kolkata,mutge karnataka
Paiyūr,Tamil Nadu,12.6707,79.30241,7555,Asia/Kolkata,paiyūr tamil nadu
Kumaranellūr,Kerala,10.66964,76.24752,7553,Asia/Kolkata,kumaranellūr kerala
Bhakhāra,Unknown,20.89953,81.60284,7547,Asia/Kolkata,bhakhāra unknown
Gogipeth,Karnataka,16.73521,76.74434,7544,Asia/Kolkata,gogipeth karnataka
Kochpara,Arunachal Pradesh,26.08902,91.5318,7540,Asia/Kolkata,kochpara arunachal pradesh
Chantongia,Nagaland,26.54588,94.6856,7532,Asia/Kolkata,chantongia nagaland
Koonimedu,Tamil Nadu,12.08519,79.88925,7528,Asia/Kolkata,koonimedu tamil nadu
Kotār,Madhya Pradesh,24.69802,80.98073,7520,Asia/Kolkata,kotār madhya pradesh
Murda,Goa,15.48022,73.85441,7517,Asia/Kolkata,murda goa
Sunāri Kalān,Gujarat,28.86103,76.56898,7506,Asia/Kolkata,sunāri kalān gujarat
Nachiyar Koil,Tamil Nadu,10.91953,79.44592,7505,Asia/Kolkata,nachiyar koil tamil nadu
Gamhāria,Unknown,22.80943,86.10337,7505,Asia/Kolkata,gamhāria unknown
Nimbhora Budrukh,Maharashtra,21.04863,75.8419,7501,Asia/Kolkata,nimbhora budrukh maharashtra
Bishunpur Urf Mahārājganj,Uttar Pradesh,26.25914,83.11643,7499,Asia/Kolkata,bishunpur urf mahārājganj uttar pradesh
Vālāntaravai,Tamil Nadu,9.33905,78.88712,7498,Asia/Kolkata,vālāntaravai tamil nadu
Borgaon,Madhya Pradesh,21.56113,78.81314,7497,Asia/Kolkata,borgaon madhya pradesh
Tārāpur,Maharashtra,19.86499,72.68426,7493,Asia/Kolkata,tārāpur maharashtra
Ghorāwal,Uttar Pradesh,24.75459,82.77965,7492,Asia/Kolkata,ghorāwal uttar pradesh
Mālanpur,Madhya Pradesh,26.35718,78.28697,7492,Asia/Kolkata,mālanpur madhya pradesh
Derā Nānak,Punjab,32.03733,75.02787,7491,Asia/Kolkata,derā nānak punjab
Kegaon,Maharashtra,18.89568,72.91313,7485,Asia/Kolkata,kegaon maharashtra
Kuruppanāyakkanpālaiyam,Tamil Nadu,11.46446,77.69412,7484,Asia/Kolkata,kuruppanāyakkanpālaiyam tamil nadu
P. J. Cholapuram,Tamil Nadu,10.90568,78.27924,7484,Asia/Kolkata,p. j. cholapuram tamil nadu
Sargaon,Unknown,21.90086,81.97724,7484,Asia/Kolkata,sargaon unknown
Jājang,Odisha,21.93835,85.44248,7482,Asia/Kolkata,jājang odisha
Chikhli,Goa,20.75751,73.06268,7480,Asia/Kolkata,chikhli goa
Kāngpokpi,Manipur,25.15273,93.97167,7476,Asia/Kolkata,kāngpokpi manipur
Kādīpur,Uttar Pradesh,26.16779,82.37028,7472,Asia/Kolkata,kādīpur uttar pradesh
Yechagām,Jammu and Kashmir,33.98734,74.75166,7461,Asia/Kolkata,yechagām jammu and kashmir
Tholur,Kerala,10.57177,76.12909,7454,Asia/Kolkata,tholur kerala
Ukal,Goa,21.23743,73.57788,7453,Asia/Kolkata,ukal goa
Tārāpur,Bihar,25.09067,86.66197,7450,Asia/Kolkata,tārāpur bihar
Sanjeli,Goa,23.0584,73.97024,7448,Asia/Kolkata,sanjeli goa
Kusmi,Unknown,23.28391,83.9083,7448,Asia/Kolkata,kusmi unknown
Indargarh,Rajasthan,25.72816,76.19036,7444,Asia/Kolkata,indargarh rajasthan
Vengambūr,Tamil Nadu,11.10531,77.87831,7443,Asia/Kolkata,vengambūr tamil nadu
Marwad,52,20.43764,72.83224,7443,Asia/Kolkata,marwad 52
Gīdam,Unknown,18.97431,81.39894,7440,Asia/Kolkata,gīdam unknown
Xeldem,Goa,15.25,74.08333,7434,Asia/Kolkata,xeldem goa
Kurkhera,Maharashtra,20.61811,80.20851,7430,Asia/Kolkata,kurkhera maharashtra
Venkatāpuram,Tamil Nadu,12.53441,78.20198,7430,Asia/Kolkata,venkatāpuram tamil nadu
Sirgora,Madhya Pradesh,22.20634,78.88318,7430,Asia/Kolkata,sirgora madhya pradesh
Sironchā,Maharashtra,18.84831,79.9638,7427,Asia/Kolkata,sironchā maharashtra
Alamādi,Tamil Nadu,13.2092,80.1097,7424,Asia/Kolkata,alamādi tamil nadu
Airāvadanallūr,Tamil Nadu,9.90575,78.15521,7423,Asia/Kolkata,airāvadanallūr tamil nadu
Gotamara,Odisha,20.85828,85.20269,7420,Asia/Kolkata,gotamara odisha
Kot Fatah,Punjab,30.11316,75.0867,7412,Asia/Kolkata,kot fatah punjab
Jākhal,Gujarat,29.79627,75.82392,7411,Asia/Kolkata,jākhal gujarat
Lathikata,Odisha,22.13073,84.89008,7405,Asia/Kolkata,lathikata odisha
Narsingarh,Tripura,23.90967,91.25084,7404,Asia/Kolkata,narsingarh tripura
Kandanvilai,Tamil Nadu,8.20677,77.32813,7401,Asia/Kolkata,kandanvilai tamil nadu
Pārīchha,Uttar Pradesh,25.50789,78.75954,7399,Asia/Kolkata,pārīchha uttar pradesh
Kannamangalam,Tamil Nadu,12.75211,79.14783,7399,Asia/Kolkata,kannamangalam tamil nadu
Tumgaon,Unknown,21.19124,82.12296,7394,Asia/Kolkata,tumgaon unknown
Saidpura,Bihar,25.5768,85.04536,7392,Asia/Kolkata,saidpura bihar
Sikhong Sekmai,Manipur,24.63795,94.09344,7390,Asia/Kolkata,sikhong sekmai manipur
Maheshlundi,Unknown,24.17601,86.26621,7389,Asia/Kolkata,maheshlundi unknown
Numāligarh,Arunachal Pradesh,26.62249,93.72225,7386,Asia/Kolkata,numāligarh arunachal pradesh
Nongumlong,Meghalaya,25.56436,91.8312,7381,Asia/Kolkata,nongumlong meghalaya
Palakurthy,Telangana,18.71653,79.38146,7380,Asia/Kolkata,palakurthy telangana
Jamunāmukh,Arunachal Pradesh,26.10147,92.74264,7377,Asia/Kolkata,jamunāmukh arunachal pradesh
Kotla Mahigiran,Delhi,28.53671,77.28066,7376,Asia/Kolkata,kotla mahigiran delhi
Ukwā,Madhya Pradesh,21.97102,80.46625,7369,Asia/Kolkata,ukwā madhya pradesh
Nagam,Jammu and Kashmir,33.92637,74.79189,7365,Asia/Kolkata,nagam jammu and kashmir
Manavalassery,Kerala,10.36128,76.17242,7364,Asia/Kolkata,manavalassery kerala
Kukkudākhandi,Odisha,19.39361,84.755,7361,Asia/Kolkata,kukkudākhandi odisha
Kanisail Pt I,Arunachal Pradesh,24.85509,92.37002,7358,Asia/Kolkata,kanisail pt i arunachal pradesh
Asudubi,Arunachal Pradesh,26.02316,90.66583,7356,Asia/Kolkata,asudubi arunachal pradesh
Perumānallūr,Tamil Nadu,11.20503,77.35889,7356,Asia/Kolkata,perumānallūr tamil nadu
Chinchinim,Goa,15.21447,73.97555,7355,Asia/Kolkata,chinchinim goa
Hāt,Gujarat,29.33185,76.61501,7354,Asia/Kolkata,hāt gujarat
Rehambal,Jammu and Kashmir,32.89755,75.06831,7351,Asia/Kolkata,rehambal jammu and kashmir
Kainoor,Kerala,10.49909,76.27945,7344,Asia/Kolkata,kainoor kerala
Jiribam,Manipur,24.80427,93.12148,7343,Asia/Kolkata,jiribam manipur
Vadghar,Maharashtra,18.98339,73.10396,7341,Asia/Kolkata,vadghar maharashtra
Amargarh,Punjab,30.46207,76.01438,7339,Asia/Kolkata,amargarh punjab
Vembadithalam,Tamil Nadu,11.56741,78.01095,7331,Asia/Kolkata,vembadithalam tamil nadu
Dhārchula,Uttarakhand,29.84707,80.51951,7331,Asia/Kolkata,dhārchula uttarakhand
Haripur,West Bengal,22.93611,88.23194,7327,Asia/Kolkata,haripur west bengal
Krishnapur,West Bengal,22.67028,88.26944,7325,Asia/Kolkata,krishnapur west bengal
Rāmban,Jammu and Kashmir,33.24278,75.23513,7317,Asia/Kolkata,rāmban jammu and kashmir
Jagannāthpur,Unknown,22.22115,85.63917,7310,Asia/Kolkata,jagannāthpur unknown
Desūla,Rajasthan,27.53197,76.67934,7306,Asia/Kolkata,desūla rajasthan
Chuhal,Punjab,31.59496,75.96837,7304,Asia/Kolkata,chuhal punjab
Panchet,Unknown,23.68805,86.75736,7296,Asia/Kolkata,panchet unknown
Sardārpur,Madhya Pradesh,22.66553,74.97736,7293,Asia/Kolkata,sardārpur madhya pradesh
Silewāra,Maharashtra,21.2912,79.12404,7290,Asia/Kolkata,silewāra maharashtra
Swāmimalai,Tamil Nadu,10.95747,79.32931,7289,Asia/Kolkata,swāmimalai tamil nadu
Karadipatti,Tamil Nadu,9.91811,78.02386,7289,Asia/Kolkata,karadipatti tamil nadu
Kismatpur,Telangana,17.33411,78.39248,7288,Asia/Kolkata,kismatpur telangana
Gohānd,Uttar Pradesh,25.69871,79.54567,7286,Asia/Kolkata,gohānd uttar pradesh
Uppalavādi,Tamil Nadu,11.76515,79.77645,7281,Asia/Kolkata,uppalavādi tamil nadu
Adbhār,Unknown,21.95345,83.02475,7272,Asia/Kolkata,adbhār unknown
Dih,Uttar Pradesh,26.14264,81.40856,7267,Asia/Kolkata,dih uttar pradesh
Bhādson,Punjab,30.50666,76.24707,7260,Asia/Kolkata,bhādson punjab
Chittarkonda,Odisha,18.12533,82.1089,7260,Asia/Kolkata,chittarkonda odisha
Thenzawl,Mizoram,23.31667,92.75,7259,Asia/Kolkata,thenzawl mizoram
Pāndamangalam,Tamil Nadu,11.10331,77.96703,7259,Asia/Kolkata,pāndamangalam tamil nadu
Swroop Nagar,Madhya Pradesh,23.82734,77.94193,7258,Asia/Kolkata,swroop nagar madhya pradesh
Ariyur,Tamil Nadu,12.87558,79.10339,7251,Asia/Kolkata,ariyur tamil nadu
Kadmā,Unknown,23.98735,85.34535,7239,Asia/Kolkata,kadmā unknown
Dornapal,Unknown,18.15514,81.50858,7238,Asia/Kolkata,dornapal unknown
Tālipādi,Karnataka,13.06648,74.85429,7237,Asia/Kolkata,tālipādi karnataka
Khapar,Maharashtra,21.53296,73.93117,7235,Asia/Kolkata,khapar maharashtra
Jarhi,Unknown,23.35918,83.0447,7228,Asia/Kolkata,jarhi unknown
Somvārpet,Karnataka,12.59698,75.84957,7227,Asia/Kolkata,somvārpet karnataka
Vijayapuri,Tamil Nadu,11.2453,77.50066,7222,Asia/Kolkata,vijayapuri tamil nadu
Morewadi,Maharashtra,16.66241,74.25438,7222,Asia/Kolkata,morewadi maharashtra
Ālāndurai,Tamil Nadu,10.95322,76.79003,7221,Asia/Kolkata,ālāndurai tamil nadu
Gopālpur,Odisha,19.25861,84.90517,7221,Asia/Kolkata,gopālpur odisha
Khaira,Delhi,28.59417,76.97011,7220,Asia/Kolkata,khaira delhi
Kharsāwān,Unknown,22.79093,85.83102,7216,Asia/Kolkata,kharsāwān unknown
Sāragaon,Unknown,21.98651,82.75577,7216,Asia/Kolkata,sāragaon unknown
Sathamba,Goa,23.17051,73.32828,7213,Asia/Kolkata,sathamba goa
Kudus,Maharashtra,19.53362,73.10103,7204,Asia/Kolkata,kudus maharashtra
Perungulam,Tamil Nadu,8.64133,77.99847,7203,Asia/Kolkata,perungulam tamil nadu
Tālera,Rajasthan,25.31575,75.73276,7203,Asia/Kolkata,tālera rajasthan
Nurpur,Bihar,25.42405,86.04353,7202,Asia/Kolkata,nurpur bihar
Jarod,Goa,22.43928,73.33475,7200,Asia/Kolkata,jarod goa
Hnahthial,Mizoram,22.96611,92.92966,7187,Asia/Kolkata,hnahthial mizoram
Bekobār,Unknown,24.41917,85.5888,7184,Asia/Kolkata,bekobār unknown
Sirsia,Unknown,24.21204,86.31311,7181,Asia/Kolkata,sirsia unknown
Kaiparamba,Kerala,10.60829,76.13901,7179,Asia/Kolkata,kaiparamba kerala
Gandhīsāgar Colony,Madhya Pradesh,24.69048,75.56679,7178,Asia/Kolkata,gandhīsāgar colony madhya pradesh
Mairabari Town,Arunachal Pradesh,26.45357,92.42272,7177,Asia/Kolkata,mairabari town arunachal pradesh
Bīrpur,Jammu and Kashmir,32.66167,74.95177,7177,Asia/Kolkata,bīrpur jammu and kashmir
Mahur,Arunachal Pradesh,25.18305,93.11342,7176,Asia/Kolkata,mahur arunachal pradesh
Neykuppai,Tamil Nadu,10.2214,78.53602,7165,Asia/Kolkata,neykuppai tamil nadu
Oinām,Manipur,24.68896,93.81292,7161,Asia/Kolkata,oinām manipur
Hathwa,Bihar,26.35535,84.29759,7156,Asia/Kolkata,hathwa bihar
Babugarh,Uttar Pradesh,28.72353,77.84677,7156,Asia/Kolkata,babugarh uttar pradesh
Goregaon,Maharashtra,18.15483,73.29147,7155,Asia/Kolkata,goregaon maharashtra
Kumārpur,Unknown,24.68128,87.84107,7153,Asia/Kolkata,kumārpur unknown
Pettāmpālaiyam,Tamil Nadu,11.3499,77.57058,7152,Asia/Kolkata,pettāmpālaiyam tamil nadu
Taipi Duidam,Arunachal Pradesh,27.29117,96.04367,7151,Asia/Kolkata,taipi duidam arunachal pradesh
Manakkody,Kerala,10.48572,76.16968,7150,Asia/Kolkata,manakkody kerala
Mūlaguntapādu,Andhra Pradesh,15.26405,80.01956,7145,Asia/Kolkata,mūlaguntapādu andhra pradesh
Harnai,Maharashtra,17.8134,73.09668,7144,Asia/Kolkata,harnai maharashtra
Neemrana,Rajasthan,27.99193,76.38543,7143,Asia/Kolkata,neemrana rajasthan
Sabroom,Tripura,23.00153,91.72427,7142,Asia/Kolkata,sabroom tripura
Mohpa,Maharashtra,21.31012,78.82969,7140,Asia/Kolkata,mohpa maharashtra
Banbasa,Uttar Pradesh,28.99132,80.07608,7138,Asia/Kolkata,banbasa uttar pradesh
Morānha,Arunachal Pradesh,27.18735,94.91557,7136,Asia/Kolkata,morānha arunachal pradesh
Vanavasi,Tamil Nadu,11.74996,77.88011,7130,Asia/Kolkata,vanavasi tamil nadu
Viraganūr,Tamil Nadu,9.9036,78.15524,7121,Asia/Kolkata,viraganūr tamil nadu
Ghansor,Madhya Pradesh,22.65976,79.95013,7120,Asia/Kolkata,ghansor madhya pradesh
Bhakarsahi,Odisha,20.18552,86.01029,7110,Asia/Kolkata,bhakarsahi odisha
Akaira,Gujarat,28.23103,76.85081,7110,Asia/Kolkata,akaira gujarat
Mirjhapar,Goa,23.21896,69.63358,7109,Asia/Kolkata,mirjhapar goa
Karachiya,Goa,22.37855,73.13276,7103,Asia/Kolkata,karachiya goa
Kallettumkara,Kerala,10.34391,76.26814,7097,Asia/Kolkata,kallettumkara kerala
Sankarnagar,Tamil Nadu,8.79694,77.734,7095,Asia/Kolkata,sankarnagar tamil nadu
Upar Hali,Arunachal Pradesh,26.10311,91.50884,7095,Asia/Kolkata,upar hali arunachal pradesh
Chhuīkhadān,Unknown,21.52316,80.99788,7093,Asia/Kolkata,chhuīkhadān unknown
Bonaigarh,Odisha,21.82189,84.952,7080,Asia/Kolkata,bonaigarh odisha
Lalsingi,Odisha,19.94745,84.57111,7078,Asia/Kolkata,lalsingi odisha
Ambaliyasan,Goa,23.44986,72.42333,7072,Asia/Kolkata,ambaliyasan goa
Koni,Unknown,22.12171,82.13362,7065,Asia/Kolkata,koni unknown
Kurgahalli,Karnataka,12.35459,76.57668,7065,Asia/Kolkata,kurgahalli karnataka
Chennamukkapalle,Andhra Pradesh,14.05954,78.76981,7065,Asia/Kolkata,chennamukkapalle andhra pradesh
Badagal Ulipādi,Karnataka,12.95206,74.95815,7062,Asia/Kolkata,badagal ulipādi karnataka
Kodiyal,Karnataka,14.51665,75.78963,7061,Asia/Kolkata,kodiyal karnataka
Pālāchaurai,Madhya Pradesh,22.20028,78.65918,7061,Asia/Kolkata,pālāchaurai madhya pradesh
Guirim,Goa,15.57552,73.80722,7057,Asia/Kolkata,guirim goa
Mera,Unknown,23.7556,86.79438,7051,Asia/Kolkata,mera unknown
Kabri,Gujarat,29.42784,76.93965,7049,Asia/Kolkata,kabri gujarat
Sarai Khas,Punjab,31.40898,75.51124,7044,Asia/Kolkata,sarai khas punjab
Briddhanagar,Tripura,23.84452,91.35144,7041,Asia/Kolkata,briddhanagar tripura
Konta,Telangana,17.80492,81.38666,7038,Asia/Kolkata,konta telangana
Nagri,Madhya Pradesh,23.84771,75.14433,7034,Asia/Kolkata,nagri madhya pradesh
Kujjanūr,Tamil Nadu,9.87434,77.37467,7024,Asia/Kolkata,kujjanūr tamil nadu
Kherlīganj,Rajasthan,24.88078,76.66821,7022,Asia/Kolkata,kherlīganj rajasthan
Lohāra,Unknown,21.85,81.13333,7017,Asia/Kolkata,lohāra unknown
Watargām,Jammu and Kashmir,34.31944,74.37361,7015,Asia/Kolkata,watargām jammu and kashmir
Batarashi,Arunachal Pradesh,24.86936,92.33494,7001,Asia/Kolkata,batarashi arunachal pradesh
Inda Chhoi,Gujarat,29.64042,75.79041,7000,Asia/Kolkata,inda chhoi gujarat
Khamharia,Unknown,20.976,82.25116,6998,Asia/Kolkata,khamharia unknown
Dāringbārhi,Odisha,19.90703,84.12408,6995,Asia/Kolkata,dāringbārhi odisha
Khan Pur Dhani,Delhi,28.70997,77.28301,6994,Asia/Kolkata,khan pur dhani delhi
Chittilapilli,Kerala,10.5657,76.15268,6988,Asia/Kolkata,chittilapilli kerala
Ayyānūr Teppakkuttai,Tamil Nadu,11.596,77.98388,6986,Asia/Kolkata,ayyānūr teppakkuttai tamil nadu
Ghanaur,Punjab,30.33092,76.61203,6985,Asia/Kolkata,ghanaur punjab
Barhagarh,Odisha,19.64503,84.40791,6982,Asia/Kolkata,barhagarh odisha
Panaikulam,Tamil Nadu,9.37565,78.95402,6980,Asia/Kolkata,panaikulam tamil nadu
Rāy,Unknown,23.6843,85.05457,6977,Asia/Kolkata,rāy unknown
Tarapur VII,Arunachal Pradesh,24.81308,92.78224,6977,Asia/Kolkata,tarapur vii arunachal pradesh
Umbergaon INA,Goa,20.16915,72.77502,6976,Asia/Kolkata,umbergaon ina goa
Mālpur,Goa,23.36035,73.46595,6971,Asia/Kolkata,mālpur goa
Tilodih,Unknown,24.21181,86.24736,6970,Asia/Kolkata,tilodih unknown
Nanguneri,Tamil Nadu,8.49326,77.65806,6969,Asia/Kolkata,nanguneri tamil nadu
Borio,Unknown,25.03443,87.59252,6964,Asia/Kolkata,borio unknown
Uttar Krishnapur Part-I,Arunachal Pradesh,24.79064,92.7934,6960,Asia/Kolkata,uttar krishnapur part-i arunachal pradesh
Borlai Panchaitan,Maharashtra,18.17005,73.00439,6952,Asia/Kolkata,borlai panchaitan maharashtra
Ādri,Goa,20.96591,70.28857,6952,Asia/Kolkata,ādri goa
Chatrapatti,Tamil Nadu,9.34483,77.9206,6948,Asia/Kolkata,chatrapatti tamil nadu
Badh Malak,Gujarat,28.91981,77.09577,6938,Asia/Kolkata,badh malak gujarat
Hariharpur,Unknown,23.88884,86.13065,6938,Asia/Kolkata,hariharpur unknown
Antaliya,Goa,20.76532,72.99066,6936,Asia/Kolkata,antaliya goa
Khore,Jammu and Kashmir,32.8226,74.51129,6931,Asia/Kolkata,khore jammu and kashmir
Gudāri,Odisha,19.34762,83.78128,6931,Asia/Kolkata,gudāri odisha
Sunderbani,Jammu and Kashmir,33.04841,74.48846,6930,Asia/Kolkata,sunderbani jammu and kashmir
Venkatapura,Karnataka,14.03213,74.53329,6928,Asia/Kolkata,venkatapura karnataka
Saria,Unknown,21.64009,83.36311,6927,Asia/Kolkata,saria unknown
Risāmā,Maharashtra,21.36453,80.37108,6925,Asia/Kolkata,risāmā maharashtra
Bijepur,Odisha,21.18926,83.46061,6922,Asia/Kolkata,bijepur odisha
Sohela,Odisha,21.30153,83.39797,6917,Asia/Kolkata,sohela odisha
Sarthebari,Arunachal Pradesh,26.36293,91.22309,6913,Asia/Kolkata,sarthebari arunachal pradesh
Kīlpuduppākkam,Tamil Nadu,12.67981,79.5452,6912,Asia/Kolkata,kīlpuduppākkam tamil nadu
Galiākot,Rajasthan,23.51995,74.02028,6906,Asia/Kolkata,galiākot rajasthan
Daspalla,Odisha,20.33962,84.84723,6906,Asia/Kolkata,daspalla odisha
Ladrāwan,Gujarat,28.78662,76.93652,6905,Asia/Kolkata,ladrāwan gujarat
Mansar,Maharashtra,21.39602,79.2635,6901,Asia/Kolkata,mansar maharashtra
Balipatapur,Odisha,19.93563,85.49677,6898,Asia/Kolkata,balipatapur odisha
Kondamanāyakkanpatti,Tamil Nadu,11.71028,78.17705,6892,Asia/Kolkata,kondamanāyakkanpatti tamil nadu
Anantapuram,Tamil Nadu,12.11861,79.3822,6892,Asia/Kolkata,anantapuram tamil nadu
Semarwāra,Rajasthan,23.5668,73.7427,6891,Asia/Kolkata,semarwāra rajasthan
Gopālpur,West Bengal,22.61845,88.75119,6890,Asia/Kolkata,gopālpur west bengal
Mel Pattāmbākkam,Tamil Nadu,11.78816,79.6284,6887,Asia/Kolkata,mel pattāmbākkam tamil nadu
Bambolim,Goa,15.46361,73.8531,6885,Asia/Kolkata,bambolim goa
Ghoh,Punjab,32.32989,75.67484,6883,Asia/Kolkata,ghoh punjab
Sānūru,Karnataka,13.17474,74.99173,6881,Asia/Kolkata,sānūru karnataka
Chinnamanali,Tamil Nadu,11.39428,78.08411,6878,Asia/Kolkata,chinnamanali tamil nadu
Gheora,Delhi,28.69408,77.00156,6876,Asia/Kolkata,gheora delhi
Padmabīl,Arunachal Pradesh,26.43633,89.96344,6874,Asia/Kolkata,padmabīl arunachal pradesh
Āsan Khurd,Gujarat,29.40445,76.87323,6873,Asia/Kolkata,āsan khurd gujarat
Khaliapāli,Odisha,21.36397,83.61641,6865,Asia/Kolkata,khaliapāli odisha
Hāt Saraiyā,Bihar,26.7946,84.48534,6863,Asia/Kolkata,hāt saraiyā bihar
Katra,Uttar Pradesh,27.50871,82.02636,6853,Asia/Kolkata,katra uttar pradesh
Queula,Goa,15.39011,73.98557,6852,Asia/Kolkata,queula goa
Gunghasa,Unknown,23.8618,86.17772,6845,Asia/Kolkata,gunghasa unknown
Charhi,Unknown,23.85384,85.44529,6842,Asia/Kolkata,charhi unknown
Anwaram,Telangana,17.63297,78.37953,6840,Asia/Kolkata,anwaram telangana
Manjalumoodu,Tamil Nadu,8.37451,77.22221,6840,Asia/Kolkata,manjalumoodu tamil nadu
Khuda Alisher,Bihar,30.77474,76.81176,6831,Asia/Kolkata,khuda alisher bihar
Baddowāl,Punjab,30.86113,75.7469,6825,Asia/Kolkata,baddowāl punjab
Bhat,Goa,23.10291,72.63603,6823,Asia/Kolkata,bhat goa
Bahbari Gaon,Arunachal Pradesh,27.48055,95.32627,6821,Asia/Kolkata,bahbari gaon arunachal pradesh
Pipri,Madhya Pradesh,22.06326,75.40086,6821,Asia/Kolkata,pipri madhya pradesh
Majhauli Khetal,Bihar,26.11016,85.36642,6820,Asia/Kolkata,majhauli khetal bihar
Soanpeta,Telangana,18.96995,78.35627,6820,Asia/Kolkata,soanpeta telangana
Paloor,Tamil Nadu,8.24268,77.23645,6818,Asia/Kolkata,paloor tamil nadu
Todi,Rajasthan,25.11226,74.26051,6816,Asia/Kolkata,todi rajasthan
Elāyirampannai,Tamil Nadu,9.27033,77.82494,6814,Asia/Kolkata,elāyirampannai tamil nadu
Moragudi,Andhra Pradesh,14.86259,78.37878,6812,Asia/Kolkata,moragudi andhra pradesh
Murakambattu,Andhra Pradesh,13.24631,79.11874,6812,Asia/Kolkata,murakambattu andhra pradesh
Varamballi,Karnataka,13.36401,74.76262,6809,Asia/Kolkata,varamballi karnataka
Choozhal,Tamil Nadu,8.31008,77.12803,6807,Asia/Kolkata,choozhal tamil nadu
Rudrāvati,Tamil Nadu,10.87434,77.4103,6807,Asia/Kolkata,rudrāvati tamil nadu
Jabera,Madhya Pradesh,23.55819,79.67802,6806,Asia/Kolkata,jabera madhya pradesh
Kotba,Unknown,22.43943,83.73999,6805,Asia/Kolkata,kotba unknown
Cholapuram,Tamil Nadu,11.0542,79.41257,6803,Asia/Kolkata,cholapuram tamil nadu
Vilholi,Maharashtra,19.92328,73.71726,6798,Asia/Kolkata,vilholi maharashtra
Khamārī,Maharashtra,21.42684,80.2345,6794,Asia/Kolkata,khamārī maharashtra
Nerinjippettai,Tamil Nadu,11.65433,77.75862,6791,Asia/Kolkata,nerinjippettai tamil nadu
Kevadiya,Goa,21.8856,73.70225,6788,Asia/Kolkata,kevadiya goa
Badhni Kalān,Punjab,30.6813,75.29087,6786,Asia/Kolkata,badhni kalān punjab
Chandan Hola,Delhi,28.46852,77.18314,6780,Asia/Kolkata,chandan hola delhi
Antāgarh,Unknown,20.09256,81.1586,6777,Asia/Kolkata,antāgarh unknown
Sahnidih,Unknown,23.7819,86.25065,6777,Asia/Kolkata,sahnidih unknown
Dumra,Unknown,23.796,86.21363,6772,Asia/Kolkata,dumra unknown
Rosera,Madhya Pradesh,22.94206,79.21482,6770,Asia/Kolkata,rosera madhya pradesh
Kālādhūngi,Uttarakhand,29.28351,79.351,6763,Asia/Kolkata,kālādhūngi uttarakhand
Koīra,Odisha,21.90494,85.24208,6763,Asia/Kolkata,koīra odisha
Osmania University,Telangana,17.41286,78.52633,6762,Asia/Kolkata,osmania university telangana
Morjim,Goa,15.63097,73.73903,6760,Asia/Kolkata,morjim goa
Lohaghāt,Uttarakhand,29.40356,80.08965,6758,Asia/Kolkata,lohaghāt uttarakhand
Surankōt,Jammu and Kashmir,33.62708,74.27468,6743,Asia/Kolkata,surankōt jammu and kashmir
Mandai,Madhya Pradesh,23.21912,79.98546,6743,Asia/Kolkata,mandai madhya pradesh
Kottapuram,Kerala,10.68015,76.19389,6727,Asia/Kolkata,kottapuram kerala
Eyyāl,Kerala,10.65545,76.11736,6727,Asia/Kolkata,eyyāl kerala
Itaunja,Uttar Pradesh,27.08347,80.89672,6726,Asia/Kolkata,itaunja uttar pradesh
Selamba,Goa,21.51786,73.82152,6717,Asia/Kolkata,selamba goa
Sapotra,Rajasthan,26.2928,76.7522,6716,Asia/Kolkata,sapotra rajasthan
Waghāi,Goa,20.77048,73.50074,6715,Asia/Kolkata,waghāi goa
Kantabamsuguda,Andhra Pradesh,18.32264,82.88259,6714,Asia/Kolkata,kantabamsuguda andhra pradesh
Veparāla,Andhra Pradesh,14.85718,78.34806,6712,Asia/Kolkata,veparāla andhra pradesh
Kiādgira,Telangana,17.25255,77.43337,6711,Asia/Kolkata,kiādgira telangana
Shivrājpur,Goa,22.42319,73.60865,6705,Asia/Kolkata,shivrājpur goa
Anwāri,Bihar,25.15324,83.62295,6702,Asia/Kolkata,anwāri bihar
Dabolim,Goa,15.39911,73.8559,6700,Asia/Kolkata,dabolim goa
Sabāthu,Haryana,30.97494,76.99137,6691,Asia/Kolkata,sabāthu haryana
Khaur,Jammu and Kashmir,32.6027,74.80918,6690,Asia/Kolkata,khaur jammu and kashmir
Rangapahār,Arunachal Pradesh,25.85571,93.70516,6673,Asia/Kolkata,rangapahār arunachal pradesh
Donimalai Township,Karnataka,15.06041,76.59217,6672,Asia/Kolkata,donimalai township karnataka
Ekangar Sarai,Bihar,25.2234,85.22978,6672,Asia/Kolkata,ekangar sarai bihar
Kandasar,Odisha,20.84161,85.14254,6668,Asia/Kolkata,kandasar odisha
Selattānpatti,Tamil Nadu,11.66275,78.0946,6659,Asia/Kolkata,selattānpatti tamil nadu
Bherāghāt,Madhya Pradesh,23.13168,79.80107,6657,Asia/Kolkata,bherāghāt madhya pradesh
Sheragada,Odisha,19.51301,84.60408,6653,Asia/Kolkata,sheragada odisha
Ammāpattinam,Tamil Nadu,10.01534,79.23137,6652,Asia/Kolkata,ammāpattinam tamil nadu
Deomali,Arunachal Pradesh,27.1931,95.46719,6648,Asia/Kolkata,deomali arunachal pradesh
Narsāpuram,Telangana,18.10044,78.88021,6647,Asia/Kolkata,narsāpuram telangana
Kambe,Maharashtra,19.31241,73.03638,6642,Asia/Kolkata,kambe maharashtra
Barsur,Unknown,19.13556,81.38394,6636,Asia/Kolkata,barsur unknown
Padghe,Maharashtra,19.36695,73.17581,6633,Asia/Kolkata,padghe maharashtra
Verna,Goa,15.35479,73.92454,6632,Asia/Kolkata,verna goa
Bhīm Tāl,Uttarakhand,29.34447,79.56336,6625,Asia/Kolkata,bhīm tāl uttarakhand
Bhuindhara,Bihar,25.85248,85.76055,6614,Asia/Kolkata,bhuindhara bihar
Takhlibilar Pathar,Arunachal Pradesh,26.50036,90.93524,6611,Asia/Kolkata,takhlibilar pathar arunachal pradesh
Pondarkanali,Unknown,23.77018,86.35164,6611,Asia/Kolkata,pondarkanali unknown
Banda,Maharashtra,15.81181,73.86118,6611,Asia/Kolkata,banda maharashtra
Bontapalli,Telangana,17.66237,78.36396,6608,Asia/Kolkata,bontapalli telangana
Aldona,Goa,15.59337,73.87482,6606,Asia/Kolkata,aldona goa
Alūr,Karnataka,12.97805,75.99094,6604,Asia/Kolkata,alūr karnataka
Naoghar,Maharashtra,18.89167,72.98567,6603,Asia/Kolkata,naoghar maharashtra
Hiramandalam,Andhra Pradesh,18.67085,83.95054,6603,Asia/Kolkata,hiramandalam andhra pradesh
Kumbhkot,Rajasthan,24.61833,76.00077,6602,Asia/Kolkata,kumbhkot rajasthan
Aamadi,Unknown,20.77097,81.48991,6600,Asia/Kolkata,aamadi unknown
Lāwa Sardārgarh,Rajasthan,25.23922,73.98915,6600,Asia/Kolkata,lāwa sardārgarh rajasthan
Bhagwantnagar,Uttar Pradesh,26.22383,80.7575,6596,Asia/Kolkata,bhagwantnagar uttar pradesh
Māro,Unknown,21.86665,81.85888,6596,Asia/Kolkata,māro unknown
Tayikkād,Kerala,10.59163,76.06112,6594,Asia/Kolkata,tayikkād kerala
Aurās,Uttar Pradesh,26.91414,80.50792,6591,Asia/Kolkata,aurās uttar pradesh
Purne,Maharashtra,19.25865,73.0269,6588,Asia/Kolkata,purne maharashtra
Chengappalli,Tamil Nadu,11.19893,77.42306,6587,Asia/Kolkata,chengappalli tamil nadu
Kādiganahalli,Karnataka,13.16875,77.62825,6587,Asia/Kolkata,kādiganahalli karnataka
Vanganūr,Tamil Nadu,13.18285,79.45531,6584,Asia/Kolkata,vanganūr tamil nadu
Jāfarpur Kalān,Delhi,28.59002,76.92047,6573,Asia/Kolkata,jāfarpur kalān delhi
Chanāri,Bihar,24.9156,83.79684,6569,Asia/Kolkata,chanāri bihar
Corlim,Goa,15.49611,73.93387,6568,Asia/Kolkata,corlim goa
Shivnandanpur,Unknown,23.19025,82.95318,6567,Asia/Kolkata,shivnandanpur unknown
Surgāna,Maharashtra,20.55956,73.63747,6566,Asia/Kolkata,surgāna maharashtra
Anjira,Odisha,20.82644,86.03353,6561,Asia/Kolkata,anjira odisha
Seota,Unknown,23.66798,85.52051,6554,Asia/Kolkata,seota unknown
Kokernag,Jammu and Kashmir,33.57847,75.3181,6553,Asia/Kolkata,kokernag jammu and kashmir
Yingkiong,Arunachal Pradesh,28.61037,95.04753,6540,Asia/Kolkata,yingkiong arunachal pradesh
Sāter,Madhya Pradesh,22.57049,75.77914,6540,Asia/Kolkata,sāter madhya pradesh
Matarbari,Tripura,23.50675,91.49679,6530,Asia/Kolkata,matarbari tripura
Sarpara,Arunachal Pradesh,26.09549,91.51844,6529,Asia/Kolkata,sarpara arunachal pradesh
Naurhiya,Madhya Pradesh,24.20688,82.56547,6529,Asia/Kolkata,naurhiya madhya pradesh
Aish Maqām,Jammu and Kashmir,33.86503,75.28369,6519,Asia/Kolkata,aish maqām jammu and kashmir
Ugu,Uttar Pradesh,26.79681,80.32093,6518,Asia/Kolkata,ugu uttar pradesh
Dhorīmanna,Rajasthan,25.20374,71.43687,6513,Asia/Kolkata,dhorīmanna rajasthan
Mitrāon,Delhi,28.60623,76.94598,6512,Asia/Kolkata,mitrāon delhi
Aquem,Goa,15.25836,73.98567,6511,Asia/Kolkata,aquem goa
Khāndbāra,Maharashtra,21.30608,74.0441,6511,Asia/Kolkata,khāndbāra maharashtra
Porkolam,Kerala,10.67679,76.06936,6503,Asia/Kolkata,porkolam kerala
Narharpur,Unknown,20.44892,81.62004,6500,Asia/Kolkata,narharpur unknown
Sangramnagar,Maharashtra,17.89195,75.00621,6499,Asia/Kolkata,sangramnagar maharashtra
Kuwarbav,Maharashtra,16.99448,73.3559,6497,Asia/Kolkata,kuwarbav maharashtra
Ambivali T. Tungartan,Maharashtra,18.89775,73.17291,6497,Asia/Kolkata,ambivali t. tungartan maharashtra
Manwāl,Punjab,32.30261,75.6757,6496,Asia/Kolkata,manwāl punjab
Oran,Uttar Pradesh,25.36882,80.7423,6495,Asia/Kolkata,oran uttar pradesh
Dhali,Tamil Nadu,10.51049,77.18806,6494,Asia/Kolkata,dhali tamil nadu
Srāvana Belgola,Karnataka,12.85737,76.48886,6485,Asia/Kolkata,srāvana belgola karnataka
Chadoora,Jammu and Kashmir,33.94539,74.79714,6482,Asia/Kolkata,chadoora jammu and kashmir
Jalah,Arunachal Pradesh,26.23794,91.71982,6468,Asia/Kolkata,jalah arunachal pradesh
Kumsi,Karnataka,14.05455,75.39992,6468,Asia/Kolkata,kumsi karnataka
Perumbākkam,Tamil Nadu,13.03949,79.81327,6462,Asia/Kolkata,perumbākkam tamil nadu
Tola Mansārāut,Bihar,26.80129,84.53909,6451,Asia/Kolkata,tola mansārāut bihar
Koradacheri,Tamil Nadu,10.77019,79.49158,6450,Asia/Kolkata,koradacheri tamil nadu
Māyakonda,Karnataka,14.28894,76.08305,6445,Asia/Kolkata,māyakonda karnataka
Sanguem,Goa,15.22901,74.15149,6444,Asia/Kolkata,sanguem goa
Mahārājganj,Uttar Pradesh,26.38126,81.27436,6442,Asia/Kolkata,mahārājganj uttar pradesh
Katangī,Maharashtra,21.48482,80.20348,6440,Asia/Kolkata,katangī maharashtra
Bhapur,Odisha,20.17419,86.00613,6438,Asia/Kolkata,bhapur odisha
Khairī,Madhya Pradesh,22.5983,80.39243,6438,Asia/Kolkata,khairī madhya pradesh
Kadakola,Karnataka,12.19181,76.66571,6436,Asia/Kolkata,kadakola karnataka
Silaimān,Tamil Nadu,9.87311,78.19059,6436,Asia/Kolkata,silaimān tamil nadu
Saranga,Odisha,20.92552,85.26403,6426,Asia/Kolkata,saranga odisha
Kilampadi,Tamil Nadu,11.20403,77.84269,6422,Asia/Kolkata,kilampadi tamil nadu
Rādhākund,Uttar Pradesh,27.52432,77.49101,6420,Asia/Kolkata,rādhākund uttar pradesh
Agastinuagan,Odisha,19.37003,85.03428,6411,Asia/Kolkata,agastinuagan odisha
Bīghāpur Khurd,Uttar Pradesh,26.34734,80.65698,6409,Asia/Kolkata,bīghāpur khurd uttar pradesh
Dari,Unknown,23.7219,85.38427,6405,Asia/Kolkata,dari unknown
Rām Dās,Punjab,31.96739,74.9087,6398,Asia/Kolkata,rām dās punjab
Satrampādu,Andhra Pradesh,16.70591,81.07382,6393,Asia/Kolkata,satrampādu andhra pradesh
Karmatanr,Unknown,23.82258,86.52411,6392,Asia/Kolkata,karmatanr unknown
Sini,Unknown,22.79325,85.94543,6382,Asia/Kolkata,sini unknown
Mahlidih,Unknown,23.80814,86.35415,6381,Asia/Kolkata,mahlidih unknown
Pharihā,Uttar Pradesh,27.32166,78.47267,6380,Asia/Kolkata,pharihā uttar pradesh
Salvador do Mundo,Goa,15.53036,73.83629,6373,Asia/Kolkata,salvador do mundo goa
Pallippadai,Tamil Nadu,11.4096,79.70744,6369,Asia/Kolkata,pallippadai tamil nadu
Chidiga,Andhra Pradesh,16.96295,82.21243,6365,Asia/Kolkata,chidiga andhra pradesh
Rathian,Jammu and Kashmir,32.8953,75.13082,6365,Asia/Kolkata,rathian jammu and kashmir
Kariyannūr,Kerala,10.68085,76.16275,6363,Asia/Kolkata,kariyannūr kerala
Khatiguda,Odisha,19.23752,82.78812,6361,Asia/Kolkata,khatiguda odisha
Puliyoorsalai,Tamil Nadu,8.41966,77.19716,6361,Asia/Kolkata,puliyoorsalai tamil nadu
Muraidih,Unknown,23.80984,86.23871,6360,Asia/Kolkata,muraidih unknown
Bhore,Jammu and Kashmir,32.66678,74.82916,6360,Asia/Kolkata,bhore jammu and kashmir
Bali Koria,Arunachal Pradesh,26.4393,91.42247,6359,Asia/Kolkata,bali koria arunachal pradesh
Deokar,Unknown,21.56667,81.31667,6358,Asia/Kolkata,deokar unknown
Raghunāthpur,Bihar,25.64492,87.91762,6355,Asia/Kolkata,raghunāthpur bihar
Patharia,Unknown,22.01847,81.83512,6349,Asia/Kolkata,patharia unknown
Buna Hir,Jammu and Kashmir,34.52428,74.20296,6348,Asia/Kolkata,buna hir jammu and kashmir
Baral,Rajasthan,25.91847,74.62939,6344,Asia/Kolkata,baral rajasthan
Guhāla,Rajasthan,27.69079,75.63612,6343,Asia/Kolkata,guhāla rajasthan
Karugampattur,Tamil Nadu,12.92622,79.10546,6343,Asia/Kolkata,karugampattur tamil nadu
Dhānal,Maharashtra,21.15141,79.5424,6339,Asia/Kolkata,dhānal maharashtra
Asarganj,Bihar,25.15046,86.68639,6327,Asia/Kolkata,asarganj bihar
Akdoni Khurd,Unknown,24.15789,86.27967,6321,Asia/Kolkata,akdoni khurd unknown
Korādi,Maharashtra,21.24758,79.10575,6321,Asia/Kolkata,korādi maharashtra
Mamnūr,Telangana,17.90919,79.59262,6319,Asia/Kolkata,mamnūr telangana
Chota Haibor,Arunachal Pradesh,26.33136,92.69432,6315,Asia/Kolkata,chota haibor arunachal pradesh
Tseminyu,Nagaland,25.92474,94.21615,6315,Asia/Kolkata,tseminyu nagaland
Hirāpur,Madhya Pradesh,21.84192,80.23997,6315,Asia/Kolkata,hirāpur madhya pradesh
Silchar Part-X,Arunachal Pradesh,24.81725,92.81355,6313,Asia/Kolkata,silchar part-x arunachal pradesh
Daryāpur Kalān,Delhi,28.81396,77.01112,6310,Asia/Kolkata,daryāpur kalān delhi
Parasgaon,Unknown,19.86224,81.64041,6306,Asia/Kolkata,parasgaon unknown
Dumari urf Damodarpur Shahjahan,Bihar,26.10482,85.35775,6301,Asia/Kolkata,dumari urf damodarpur shahjahan bihar
Sunākhala,Odisha,20.16677,85.33227,6299,Asia/Kolkata,sunākhala odisha
Garimellapadu,Telangana,17.53895,80.62246,6296,Asia/Kolkata,garimellapadu telangana
Hesla,Unknown,24.06313,85.87905,6286,Asia/Kolkata,hesla unknown
Badamba,Odisha,20.41912,85.34463,6284,Asia/Kolkata,badamba odisha
Ambara,Madhya Pradesh,22.19022,78.67079,6282,Asia/Kolkata,ambara madhya pradesh
Pub - Dhaniram Pather,Arunachal Pradesh,26.01377,92.87166,6280,Asia/Kolkata,pub - dhaniram pather arunachal pradesh
Saligao,Goa,15.55359,73.79036,6280,Asia/Kolkata,saligao goa
Magarlor,Unknown,20.74945,81.85151,6280,Asia/Kolkata,magarlor unknown
Vaddeswaram,Andhra Pradesh,16.44734,80.61273,6275,Asia/Kolkata,vaddeswaram andhra pradesh
Jagadāpatnam,Tamil Nadu,9.96795,79.19014,6274,Asia/Kolkata,jagadāpatnam tamil nadu
Dungamal,Odisha,19.68029,85.18205,6271,Asia/Kolkata,dungamal odisha
Lakhanpur,Unknown,22.98791,83.03563,6270,Asia/Kolkata,lakhanpur unknown
Kawlet,Karnataka,14.5223,75.77458,6265,Asia/Kolkata,kawlet karnataka
Apra,Punjab,31.08628,75.87907,6258,Asia/Kolkata,apra punjab
Parabada,Goa,23.59774,72.94901,6255,Asia/Kolkata,parabada goa
Bhāgal Jagāna,Goa,24.12607,72.38617,6250,Asia/Kolkata,bhāgal jagāna goa
Sivunipalli,Telangana,17.84415,79.38224,6242,Asia/Kolkata,sivunipalli telangana
Tadikārakonam,Tamil Nadu,8.33016,77.41491,6241,Asia/Kolkata,tadikārakonam tamil nadu
Changlang,Arunachal Pradesh,27.13177,95.73486,6236,Asia/Kolkata,changlang arunachal pradesh
Chikjājūr,Karnataka,14.1267,76.14081,6236,Asia/Kolkata,chikjājūr karnataka
Kila Ambur,Tamil Nadu,8.76105,77.40095,6233,Asia/Kolkata,kila ambur tamil nadu
Shankrampet,Telangana,18.04931,77.91418,6227,Asia/Kolkata,shankrampet telangana
Chakkārappalli,Tamil Nadu,10.89963,79.19868,6227,Asia/Kolkata,chakkārappalli tamil nadu
Loisinga,Odisha,20.86667,83.51667,6220,Asia/Kolkata,loisinga odisha
Kanakpur I,Arunachal Pradesh,24.79504,92.80613,6219,Asia/Kolkata,kanakpur i arunachal pradesh
Madkai,Goa,15.41416,73.93982,6215,Asia/Kolkata,madkai goa
Mānikkāpuram,Tamil Nadu,11.02468,77.27536,6215,Asia/Kolkata,mānikkāpuram tamil nadu
Rāmpur,Haryana,31.44943,77.63087,6206,Asia/Kolkata,rāmpur haryana
Gorūr,Karnataka,12.82297,76.06463,6192,Asia/Kolkata,gorūr karnataka
Sānri,Unknown,23.68292,85.50577,6186,Asia/Kolkata,sānri unknown
Sangrāmpur,Unknown,24.6739,87.84676,6184,Asia/Kolkata,sangrāmpur unknown
Mawpat,Meghalaya,25.59902,91.92501,6184,Asia/Kolkata,mawpat meghalaya
Mīnākshināyakkanpatti,Tamil Nadu,10.37593,77.95703,6182,Asia/Kolkata,mīnākshināyakkanpatti tamil nadu
Katirail T.E.,Arunachal Pradesh,24.9087,92.58028,6182,Asia/Kolkata,katirail t.e. arunachal pradesh
Vellanikkara,Kerala,10.54746,76.25828,6167,Asia/Kolkata,vellanikkara kerala
Anantpur,Maharashtra,19.93289,75.01235,6166,Asia/Kolkata,anantpur maharashtra
Mulānpur,Punjab,30.79997,76.74358,6165,Asia/Kolkata,mulānpur punjab
Digvijaygram,Goa,22.43185,69.83269,6161,Asia/Kolkata,digvijaygram goa
Rāhud,Unknown,21.81261,82.50629,6160,Asia/Kolkata,rāhud unknown
Chikhlākasa,Unknown,20.59998,81.07781,6160,Asia/Kolkata,chikhlākasa unknown
Mukhiguda,Odisha,19.44019,82.85051,6155,Asia/Kolkata,mukhiguda odisha
Peralam,Tamil Nadu,10.96285,79.66082,6149,Asia/Kolkata,peralam tamil nadu
Arumbanūr,Tamil Nadu,9.99437,78.19245,6148,Asia/Kolkata,arumbanūr tamil nadu
Wardhāmna,Maharashtra,21.12695,78.95026,6148,Asia/Kolkata,wardhāmna maharashtra
Cherlopalle,Andhra Pradesh,13.61366,79.36523,6143,Asia/Kolkata,cherlopalle andhra pradesh
Amboli,Goa,21.28851,72.95062,6137,Asia/Kolkata,amboli goa
Kirnāpur,Madhya Pradesh,21.62592,80.33142,6137,Asia/Kolkata,kirnāpur madhya pradesh
Mārkkayankottai,Tamil Nadu,9.85262,77.3603,6135,Asia/Kolkata,mārkkayankottai tamil nadu
Singtam,Sikkim,27.23467,88.50168,6133,Asia/Kolkata,singtam sikkim
Dehu,Maharashtra,18.71851,73.76635,6133,Asia/Kolkata,dehu maharashtra
Londa,Karnataka,15.46907,74.51906,6131,Asia/Kolkata,londa karnataka
Budhapanka,Odisha,20.85826,85.24196,6129,Asia/Kolkata,budhapanka odisha
Forest Village Lakhipathar,Arunachal Pradesh,27.45334,95.58126,6129,Asia/Kolkata,forest village lakhipathar arunachal pradesh
Nagrota,Haryana,32.0571,76.09139,6125,Asia/Kolkata,nagrota haryana
Tār,Bihar,25.3959,84.34328,6123,Asia/Kolkata,tār bihar
Tada Khandrika,Andhra Pradesh,13.58855,80.03368,6123,Asia/Kolkata,tada khandrika andhra pradesh
Minalur,Kerala,10.62495,76.22147,6120,Asia/Kolkata,minalur kerala
Ponnampet,Karnataka,12.14473,75.94514,6117,Asia/Kolkata,ponnampet karnataka
Sirukalathur,Tamil Nadu,12.9823,80.05492,6117,Asia/Kolkata,sirukalathur tamil nadu
Heingang,Manipur,24.85677,93.94679,6115,Asia/Kolkata,heingang manipur
Gandipuram,Tamil Nadu,8.17963,77.44491,6106,Asia/Kolkata,gandipuram tamil nadu
Dungarpur,Goa,21.28777,71.7556,6105,Asia/Kolkata,dungarpur goa
Kishanpur,Uttar Pradesh,25.64232,81.0227,6104,Asia/Kolkata,kishanpur uttar pradesh
Chhura,Unknown,20.81123,82.20905,6095,Asia/Kolkata,chhura unknown
Varphalia,Maharashtra,21.82769,74.21914,6093,Asia/Kolkata,varphalia maharashtra
Uttar Athiabari,Arunachal Pradesh,26.52327,90.96194,6091,Asia/Kolkata,uttar athiabari arunachal pradesh
Hājipur,Punjab,31.97714,75.75438,6091,Asia/Kolkata,hājipur punjab
Peruvila,Tamil Nadu,8.18549,77.39612,6090,Asia/Kolkata,peruvila tamil nadu
Topchānchi,Unknown,23.90381,86.19792,6082,Asia/Kolkata,topchānchi unknown
Vijayanagar,Goa,23.9975,73.28553,6078,Asia/Kolkata,vijayanagar goa
Vellānūr,Tamil Nadu,13.15804,80.10634,6078,Asia/Kolkata,vellānūr tamil nadu
Tola Chain,Bihar,24.74082,86.40653,6072,Asia/Kolkata,tola chain bihar
Pathar,Odisha,19.64213,85.16736,6072,Asia/Kolkata,pathar odisha
Hīrāpur Hamesha,Maharashtra,21.55546,79.78581,6069,Asia/Kolkata,hīrāpur hamesha maharashtra
Jhompra,Odisha,21.82547,85.56839,6064,Asia/Kolkata,jhompra odisha
Pātrapur,Andhra Pradesh,19.13198,84.57036,6059,Asia/Kolkata,pātrapur andhra pradesh
Nūa,Rajasthan,28.04388,75.27189,6049,Asia/Kolkata,nūa rajasthan
Wādrupnagar,Unknown,23.76644,83.20644,6048,Asia/Kolkata,wādrupnagar unknown
Sivar,Maharashtra,20.69169,77.05102,6047,Asia/Kolkata,sivar maharashtra
Daundi Lohara,Unknown,20.79115,81.05561,6045,Asia/Kolkata,daundi lohara unknown
Palle,Goa,15.46667,74.08333,6043,Asia/Kolkata,palle goa
Māyar,Gujarat,29.10465,75.86388,6039,Asia/Kolkata,māyar gujarat
Nanhera,Gujarat,30.3192,76.84798,6035,Asia/Kolkata,nanhera gujarat
Vīrapāndiyanpattanam,Tamil Nadu,8.51899,78.11832,6015,Asia/Kolkata,vīrapāndiyanpattanam tamil nadu
Beliātor,West Bengal,23.32052,87.22081,6014,Asia/Kolkata,beliātor west bengal
Khori Kalān,Gujarat,28.21515,76.88147,6007,Asia/Kolkata,khori kalān gujarat
Ghatal Mahaniawas,Gujarat,28.22119,76.84055,6005,Asia/Kolkata,ghatal mahaniawas gujarat
Naryanpur,Arunachal Pradesh,26.9501,93.85766,6001,Asia/Kolkata,naryanpur arunachal pradesh
Kovalam,Kerala,8.36667,76.99667,6000,Asia/Kolkata,kovalam kerala
Artist Village,Maharashtra,19.03227,73.04276,6000,Asia/Kolkata,artist village maharashtra
Masrātu,Unknown,23.98251,85.32384,5996,Asia/Kolkata,masrātu unknown
Nelluvāyi,Kerala,10.68069,76.18203,5994,Asia/Kolkata,nelluvāyi kerala
Meghahatuburu,Unknown,22.07238,85.26918,5992,Asia/Kolkata,meghahatuburu unknown
Vikramgad,Maharashtra,19.79716,73.09485,5991,Asia/Kolkata,vikramgad maharashtra
Sarkār Periyapālaiyam,Tamil Nadu,11.13149,77.40449,5986,Asia/Kolkata,sarkār periyapālaiyam tamil nadu
Terku Kallikulam,Tamil Nadu,8.35282,77.6637,5980,Asia/Kolkata,terku kallikulam tamil nadu
Narasingam,Tamil Nadu,9.9658,78.18331,5971,Asia/Kolkata,narasingam tamil nadu
Shirgaon,Maharashtra,19.69589,72.71527,5971,Asia/Kolkata,shirgaon maharashtra
Mīrpur,Punjab,30.6119,76.85331,5967,Asia/Kolkata,mīrpur punjab
Godiputamatiapara,Odisha,20.1392,85.70286,5967,Asia/Kolkata,godiputamatiapara odisha
Dhin,Punjab,31.2659,75.60921,5961,Asia/Kolkata,dhin punjab
Kanapaka,Andhra Pradesh,18.11457,83.37431,5960,Asia/Kolkata,kanapaka andhra pradesh
Dhodra Mohār,Madhya Pradesh,22.27372,77.88552,5956,Asia/Kolkata,dhodra mohār madhya pradesh
Rāmpura,Gujarat,28.19026,76.6015,5954,Asia/Kolkata,rāmpura gujarat
Dighāwāni,Madhya Pradesh,22.20606,78.81348,5953,Asia/Kolkata,dighāwāni madhya pradesh
Sairang,Mizoram,23.81034,92.65226,5950,Asia/Kolkata,sairang mizoram
Poladpur,Maharashtra,17.98424,73.46443,5944,Asia/Kolkata,poladpur maharashtra
Raighar,Unknown,19.88779,82.07177,5936,Asia/Kolkata,raighar unknown
Bay,Rajasthan,27.31394,75.29594,5936,Asia/Kolkata,bay rajasthan
Dappar,Punjab,30.52066,76.81607,5936,Asia/Kolkata,dappar punjab
Chittanda,Kerala,10.67709,76.21052,5936,Asia/Kolkata,chittanda kerala
Fatehpur Chaurāsi,Uttar Pradesh,26.78925,80.26547,5931,Asia/Kolkata,fatehpur chaurāsi uttar pradesh
Niz - Mankata,Arunachal Pradesh,27.46417,94.9213,5924,Asia/Kolkata,niz - mankata arunachal pradesh
Chintalavalasa,Andhra Pradesh,18.06701,83.40907,5921,Asia/Kolkata,chintalavalasa andhra pradesh
Nūāhatā,Odisha,20.83586,85.23411,5920,Asia/Kolkata,nūāhatā odisha
Nāttarasankottai,Tamil Nadu,9.86905,78.55305,5920,Asia/Kolkata,nāttarasankottai tamil nadu
Bela,Maharashtra,21.15572,79.61774,5914,Asia/Kolkata,bela maharashtra
Chelūr,Karnataka,13.70762,78.09921,5911,Asia/Kolkata,chelūr karnataka
Nagrota Bagwān,Haryana,32.10721,76.37657,5900,Asia/Kolkata,nagrota bagwān haryana
Beswān,Uttar Pradesh,27.63792,77.88019,5897,Asia/Kolkata,beswān uttar pradesh
Sattiyavijayanagaram,Tamil Nadu,12.67588,79.31808,5894,Asia/Kolkata,sattiyavijayanagaram tamil nadu
Durena,Unknown,22.38171,82.5863,5892,Asia/Kolkata,durena unknown
Phulwartanr,Unknown,23.77303,86.23207,5884,Asia/Kolkata,phulwartanr unknown
Mathadahatti,Karnataka,14.23932,76.37932,5884,Asia/Kolkata,mathadahatti karnataka
Rhenok,Sikkim,27.17821,88.64675,5883,Asia/Kolkata,rhenok sikkim
Ghanteshvar,Goa,22.33637,70.75301,5874,Asia/Kolkata,ghanteshvar goa
Bangaon,Arunachal Pradesh,26.41667,91.33333,5873,Asia/Kolkata,bangaon arunachal pradesh
Amardad,Goa,21.69713,69.72057,5872,Asia/Kolkata,amardad goa
Karma Tanr,Unknown,23.9186,86.71828,5868,Asia/Kolkata,karma tanr unknown
Bikkatti,Tamil Nadu,11.27721,76.62568,5864,Asia/Kolkata,bikkatti tamil nadu
Onda,Goa,15.55635,74.05848,5863,Asia/Kolkata,onda goa
Arsodiya,Goa,23.24898,72.52122,5859,Asia/Kolkata,arsodiya goa
Tola Pairamatihana,Bihar,24.67593,86.34738,5858,Asia/Kolkata,tola pairamatihana bihar
Dāsināyakkanpatti,Tamil Nadu,11.60891,78.1438,5857,Asia/Kolkata,dāsināyakkanpatti tamil nadu
Sajipanadu,Karnataka,12.85398,74.99572,5847,Asia/Kolkata,sajipanadu karnataka
Sarna,Punjab,32.26306,75.58308,5847,Asia/Kolkata,sarna punjab
Akathiyūr,Kerala,10.68088,76.09419,5847,Asia/Kolkata,akathiyūr kerala
Miāo,Arunachal Pradesh,27.49335,96.18118,5841,Asia/Kolkata,miāo arunachal pradesh
Hosanagara,Karnataka,13.91387,75.06503,5839,Asia/Kolkata,hosanagara karnataka
Pilerne,Goa,15.53353,73.79533,5827,Asia/Kolkata,pilerne goa
Mohanpur,Bihar,26.6053,85.51795,5815,Asia/Kolkata,mohanpur bihar
Orla,Unknown,23.72261,85.48862,5809,Asia/Kolkata,orla unknown
Peranamallūr,Tamil Nadu,12.57052,79.43332,5801,Asia/Kolkata,peranamallūr tamil nadu
Morattuppālaiyam,Tamil Nadu,11.16063,77.40913,5798,Asia/Kolkata,morattuppālaiyam tamil nadu
Bangramanjēshvara,Kerala,12.70894,74.8947,5791,Asia/Kolkata,bangramanjēshvara kerala
Parlli Part,Arunachal Pradesh,26.09949,91.54026,5788,Asia/Kolkata,parlli part arunachal pradesh
Saktasanala,Goa,22.78736,70.8033,5786,Asia/Kolkata,saktasanala goa
Nāgamangalam,Tamil Nadu,10.70613,78.61903,5785,Asia/Kolkata,nāgamangalam tamil nadu
Borivali Tarf Rahur,Maharashtra,19.37548,73.17921,5780,Asia/Kolkata,borivali tarf rahur maharashtra
Sansari,Maharashtra,19.90576,73.8401,5780,Asia/Kolkata,sansari maharashtra
Digaru Gaon,Arunachal Pradesh,26.15567,91.98704,5771,Asia/Kolkata,digaru gaon arunachal pradesh
Kaurānwāli,Punjab,30.38445,74.06397,5770,Asia/Kolkata,kaurānwāli punjab
Bedla,Rajasthan,24.63447,73.69461,5766,Asia/Kolkata,bedla rajasthan
Samattūr,Tamil Nadu,10.6027,77.01409,5762,Asia/Kolkata,samattūr tamil nadu
Jarjapupeta,Andhra Pradesh,18.18071,83.44025,5761,Asia/Kolkata,jarjapupeta andhra pradesh
Bangomunda,Odisha,20.34302,82.91136,5759,Asia/Kolkata,bangomunda odisha
Karma,Unknown,24.45365,85.55083,5753,Asia/Kolkata,karma unknown
Pāl Laharā,Odisha,21.43354,85.19184,5749,Asia/Kolkata,pāl laharā odisha
Sherpura,Goa,21.71426,72.97172,5748,Asia/Kolkata,sherpura goa
Chegunta,Telangana,17.9713,78.45921,5747,Asia/Kolkata,chegunta telangana
Karvad,Goa,20.35629,72.95491,5746,Asia/Kolkata,karvad goa
Chalantapara Pt IV,Arunachal Pradesh,26.26176,90.5849,5744,Asia/Kolkata,chalantapara pt iv arunachal pradesh
Melpedu,Tamil Nadu,13.15639,80.04139,5743,Asia/Kolkata,melpedu tamil nadu
Talni,Maharashtra,19.88176,76.47322,5743,Asia/Kolkata,talni maharashtra
Bijrauni,Madhya Pradesh,24.93296,77.64352,5743,Asia/Kolkata,bijrauni madhya pradesh
Bhuma,Rajasthan,27.78333,74.93333,5743,Asia/Kolkata,bhuma rajasthan
Tālakkudi,Tamil Nadu,10.87366,78.71815,5740,Asia/Kolkata,tālakkudi tamil nadu
Campbell Bay,Andaman and Nicobar Islands,7.00832,93.89419,5736,Asia/Kolkata,campbell bay andaman and nicobar islands
Bhurivel,Goa,21.22585,73.58467,5730,Asia/Kolkata,bhurivel goa
Goyali,Rajasthan,24.89947,72.83042,5728,Asia/Kolkata,goyali rajasthan
Jhagarwas,Rajasthan,26.91483,74.31406,5728,Asia/Kolkata,jhagarwas rajasthan
Salamba,Gujarat,28.11468,77.04637,5727,Asia/Kolkata,salamba gujarat
Kodigenahalli,Karnataka,13.72136,77.38629,5727,Asia/Kolkata,kodigenahalli karnataka
Colovale,Goa,15.63522,73.82426,5723,Asia/Kolkata,colovale goa
Behjoga,Punjab,31.93849,75.81493,5722,Asia/Kolkata,behjoga punjab
Adātt,Kerala,10.54404,76.1423,5721,Asia/Kolkata,adātt kerala
Arakandanallūr,Tamil Nadu,11.97202,79.22276,5713,Asia/Kolkata,arakandanallūr tamil nadu
Tolūr,Tamil Nadu,13.1308,79.95797,5698,Asia/Kolkata,tolūr tamil nadu
Ovari Paravarnattam,Tamil Nadu,8.27741,77.89146,5694,Asia/Kolkata,ovari paravarnattam tamil nadu
Borla,Unknown,22.16399,81.21855,5689,Asia/Kolkata,borla unknown
Gajapatinagaram,Andhra Pradesh,18.27936,83.33647,5687,Asia/Kolkata,gajapatinagaram andhra pradesh
Niz Katigorah Pt III,Arunachal Pradesh,24.87733,92.57003,5687,Asia/Kolkata,niz katigorah pt iii arunachal pradesh
Muduperar,Karnataka,12.97332,74.93779,5686,Asia/Kolkata,muduperar karnataka
Matigara,Unknown,23.78106,86.17759,5685,Asia/Kolkata,matigara unknown
Bhowali,Uttarakhand,29.38985,79.50481,5685,Asia/Kolkata,bhowali uttarakhand
Khor,Madhya Pradesh,24.59236,74.81471,5683,Asia/Kolkata,khor madhya pradesh
Bharthana Kosad,Goa,21.26657,72.87091,5679,Asia/Kolkata,bharthana kosad goa
Mahapoli,Maharashtra,19.40562,73.08635,5666,Asia/Kolkata,mahapoli maharashtra
Tūndla,Gujarat,30.38042,76.85661,5658,Asia/Kolkata,tūndla gujarat
Tukhmir Pur,Delhi,28.71934,77.26006,5658,Asia/Kolkata,tukhmir pur delhi
Kharkhari,Unknown,23.77764,86.23925,5656,Asia/Kolkata,kharkhari unknown
Goa Velha,Goa,15.44384,73.88572,5656,Asia/Kolkata,goa velha goa
Gūdūr,Telangana,17.49174,78.82302,5647,Asia/Kolkata,gūdūr telangana
Kullāda,Odisha,19.96939,84.6329,5645,Asia/Kolkata,kullāda odisha
Mohmaiki,Arunachal Pradesh,26.63574,93.62938,5639,Asia/Kolkata,mohmaiki arunachal pradesh
Chinnachintakunta,Telangana,16.44664,77.80634,5637,Asia/Kolkata,chinnachintakunta telangana
Partābpur,Unknown,23.48514,83.21006,5635,Asia/Kolkata,partābpur unknown
Nowangabra,Jammu and Kashmir,34.36209,73.8453,5634,Asia/Kolkata,nowangabra jammu and kashmir
Navkawada,Maharashtra,19.91992,79.10765,5634,Asia/Kolkata,navkawada maharashtra
Nānpur,Madhya Pradesh,22.27023,74.52712,5632,Asia/Kolkata,nānpur madhya pradesh
No.2 Goreswar,Arunachal Pradesh,26.53062,91.7251,5631,Asia/Kolkata,no.2 goreswar arunachal pradesh
Karaivalimādappūr,Tamil Nadu,11.06753,77.15934,5626,Asia/Kolkata,karaivalimādappūr tamil nadu
Thekashu Pt.-II,Arunachal Pradesh,25.98174,90.78758,5625,Asia/Kolkata,thekashu pt.-ii arunachal pradesh
Mahrāgaon,Madhya Pradesh,22.60612,77.75628,5625,Asia/Kolkata,mahrāgaon madhya pradesh
Rāmgarh,Jammu and Kashmir,32.5084,74.96449,5612,Asia/Kolkata,rāmgarh jammu and kashmir
Chandigarh,Tripura,23.50211,91.33715,5607,Asia/Kolkata,chandigarh tripura
Māttūr,Tamil Nadu,11.32147,79.20245,5605,Asia/Kolkata,māttūr tamil nadu
Perumagalur,Tamil Nadu,10.19778,79.19174,5604,Asia/Kolkata,perumagalur tamil nadu
Bhuran,Gujarat,29.35308,76.50805,5603,Asia/Kolkata,bhuran gujarat
Baramkela,Unknown,21.56494,83.26114,5600,Asia/Kolkata,baramkela unknown
Majhihara,Odisha,20.17535,86.00005,5598,Asia/Kolkata,majhihara odisha
Mohanpur,Uttar Pradesh,28.25261,80.24498,5596,Asia/Kolkata,mohanpur uttar pradesh
Chitkul,Telangana,17.55867,78.22257,5596,Asia/Kolkata,chitkul telangana
Kolambe,Karnataka,12.96467,74.90865,5592,Asia/Kolkata,kolambe karnataka
Khardi,Maharashtra,19.58763,73.38195,5579,Asia/Kolkata,khardi maharashtra
Chenar Village,Rajasthan,27.20198,73.75992,5579,Asia/Kolkata,chenar village rajasthan
Dūsi,Tamil Nadu,12.77574,79.67892,5577,Asia/Kolkata,dūsi tamil nadu
Peringandūr,Kerala,10.62457,76.19879,5577,Asia/Kolkata,peringandūr kerala
Puderiyūr,Tamil Nadu,8.21522,77.43359,5576,Asia/Kolkata,puderiyūr tamil nadu
Carapur,Goa,15.56588,73.98713,5575,Asia/Kolkata,carapur goa
Sātraud Khurd,Gujarat,29.13088,75.78775,5568,Asia/Kolkata,sātraud khurd gujarat
Tasti Tea Garden,West Bengal,26.64818,89.1465,5568,Asia/Kolkata,tasti tea garden west bengal
Tegheria,Arunachal Pradesh,26.12863,92.21943,5567,Asia/Kolkata,tegheria arunachal pradesh
Ashmuji Khalsa,Jammu and Kashmir,33.67129,75.07266,5567,Asia/Kolkata,ashmuji khalsa jammu and kashmir
Chāndpur,Odisha,19.94307,85.40722,5565,Asia/Kolkata,chāndpur odisha
Hajira INA,Goa,21.11295,72.6502,5562,Asia/Kolkata,hajira ina goa
Pugalūr Agrahāram,Tamil Nadu,11.08832,78.00647,5556,Asia/Kolkata,pugalūr agrahāram tamil nadu
Fārward Kahūta,Jammu and Kashmir,33.88238,74.10714,5555,Asia/Karachi,fārward kahūta jammu and kashmir
Pernem,Goa,15.723,73.79511,5555,Asia/Kolkata,pernem goa
Kakaya,Arunachal Pradesh,26.36443,91.34331,5550,Asia/Kolkata,kakaya arunachal pradesh
Kharijapikon,Arunachal Pradesh,26.03285,90.66708,5550,Asia/Kolkata,kharijapikon arunachal pradesh
Bilaigarh,Unknown,21.63809,82.72354,5544,Asia/Kolkata,bilaigarh unknown
Dwāraka Tirumala,Andhra Pradesh,16.95427,81.25585,5543,Asia/Kolkata,dwāraka tirumala andhra pradesh
Anjani Budruk,Maharashtra,20.17216,76.64777,5543,Asia/Kolkata,anjani budruk maharashtra
Garrā,Madhya Pradesh,21.80921,80.14108,5533,Asia/Kolkata,garrā madhya pradesh
Venginissery,Kerala,10.46809,76.20063,5533,Asia/Kolkata,venginissery kerala
Valathoor,Tamil Nadu,12.88675,78.84647,5529,Asia/Kolkata,valathoor tamil nadu
Lādpur,Delhi,28.73809,76.99526,5529,Asia/Kolkata,lādpur delhi
Belagachhia,Odisha,20.4233,85.85228,5516,Asia/Kolkata,belagachhia odisha
Pāli,Unknown,22.3775,82.32588,5514,Asia/Kolkata,pāli unknown
Kandragādia,Odisha,21.00724,85.73745,5505,Asia/Kolkata,kandragādia odisha
Thanna Mandi,Jammu and Kashmir,33.54204,74.381,5490,Asia/Kolkata,thanna mandi jammu and kashmir
Salvav,Goa,20.40861,72.92179,5486,Asia/Kolkata,salvav goa
Khambra on Nakodar Road,Punjab,31.27368,75.55749,5483,Asia/Kolkata,khambra on nakodar road punjab
Fulchur,Maharashtra,21.43705,80.2045,5480,Asia/Kolkata,fulchur maharashtra
Dokmoka,Arunachal Pradesh,26.21026,93.05174,5478,Asia/Kolkata,dokmoka arunachal pradesh
Vellakkalpatty,Tamil Nadu,11.7032,78.10335,5475,Asia/Kolkata,vellakkalpatty tamil nadu
Dalavaypuram,Tamil Nadu,9.39182,77.4977,5474,Asia/Kolkata,dalavaypuram tamil nadu
Jua,Goa,15.5307,73.95047,5470,Asia/Kolkata,jua goa
Māgām,Jammu and Kashmir,34.09256,74.59016,5470,Asia/Kolkata,māgām jammu and kashmir
Torban,Manipur,24.76765,93.94691,5459,Asia/Kolkata,torban manipur
Bānsātārkheda,Madhya Pradesh,23.79192,79.33896,5458,Asia/Kolkata,bānsātārkheda madhya pradesh
Pardi Parnera,Goa,20.57089,72.9506,5454,Asia/Kolkata,pardi parnera goa
Patsoi,Manipur,24.78599,93.88022,5451,Asia/Kolkata,patsoi manipur
Sialgudri,Unknown,23.76055,86.35161,5450,Asia/Kolkata,sialgudri unknown
Mulur,Karnataka,12.93984,74.92761,5445,Asia/Kolkata,mulur karnataka
Barua Bari Gaon,Arunachal Pradesh,26.11799,91.96564,5444,Asia/Kolkata,barua bari gaon arunachal pradesh
Howraghat,Arunachal Pradesh,26.10908,93.03332,5443,Asia/Kolkata,howraghat arunachal pradesh
Bardol,Odisha,21.38189,83.59388,5441,Asia/Kolkata,bardol odisha
Chulisshēri,Kerala,10.59082,76.1899,5441,Asia/Kolkata,chulisshēri kerala
Varca,Goa,15.23237,73.94311,5439,Asia/Kolkata,varca goa
Kharach,Goa,21.45436,72.91579,5436,Asia/Kolkata,kharach goa
Bashohli,Jammu and Kashmir,32.49972,75.8156,5433,Asia/Kolkata,bashohli jammu and kashmir
Saidāpur,Karnataka,16.56444,77.26494,5432,Asia/Kolkata,saidāpur karnataka
Bahrāmpur,Punjab,32.13146,75.39559,5432,Asia/Kolkata,bahrāmpur punjab
Badmal,Odisha,20.38049,83.2864,5431,Asia/Kolkata,badmal odisha
Kadaiyam,Tamil Nadu,8.82044,77.37291,5430,Asia/Kolkata,kadaiyam tamil nadu
Addūru,Karnataka,12.92049,74.95656,5426,Asia/Kolkata,addūru karnataka
Orvad,Goa,20.45269,72.92024,5420,Asia/Kolkata,orvad goa
Chugānwān,Punjab,31.70567,74.66335,5416,Asia/Kolkata,chugānwān punjab
Baghaula,Gujarat,28.20879,77.30791,5413,Asia/Kolkata,baghaula gujarat
Golkhera,Madhya Pradesh,22.43816,75.66001,5409,Asia/Kolkata,golkhera madhya pradesh
Bobruwada,Karnataka,14.65303,74.29357,5409,Asia/Kolkata,bobruwada karnataka
Kot,Punjab,32.40039,75.72166,5406,Asia/Kolkata,kot punjab
Bayānpur,Gujarat,28.9633,77.00811,5406,Asia/Kolkata,bayānpur gujarat
Kadmat,Lakshadweep,11.22467,72.77482,5404,Asia/Kolkata,kadmat lakshadweep
Odagaon,Odisha,20.01625,84.98719,5401,Asia/Kolkata,odagaon odisha
Tola Baliadih,Bihar,24.73716,86.43344,5400,Asia/Kolkata,tola baliadih bihar
Kachrauli,Gujarat,29.45844,76.94864,5400,Asia/Kolkata,kachrauli gujarat
Narra,Unknown,23.7817,86.10072,5390,Asia/Kolkata,narra unknown
Dāvrapāda,Maharashtra,18.7961,73.07783,5389,Asia/Kolkata,dāvrapāda maharashtra
Puttantura,Tamil Nadu,8.10265,77.41878,5386,Asia/Kolkata,puttantura tamil nadu
Kullursandai,Tamil Nadu,9.54307,77.98062,5383,Asia/Kolkata,kullursandai tamil nadu
Sangvi,Madhya Pradesh,21.80787,75.61292,5383,Asia/Kolkata,sangvi madhya pradesh
Fatikrāi,Tripura,24.18318,92.018,5371,Asia/Kolkata,fatikrāi tripura
Naroda,Goa,23.07041,72.65702,5366,Asia/Kolkata,naroda goa
Navoor,Karnataka,12.89096,75.08482,5365,Asia/Kolkata,navoor karnataka
Chaupāran,Unknown,24.38699,85.2532,5361,Asia/Kolkata,chaupāran unknown
Jawāla Mukhi,Haryana,31.87456,76.32013,5361,Asia/Kolkata,jawāla mukhi haryana
Chathirareddipatti,Tamil Nadu,9.62537,77.96666,5360,Asia/Kolkata,chathirareddipatti tamil nadu
Mansur Chak,Bihar,25.62314,85.92076,5359,Asia/Kolkata,mansur chak bihar
Candola,Goa,15.52053,73.96422,5354,Asia/Kolkata,candola goa
Chāngsāri,Arunachal Pradesh,26.26433,91.6839,5354,Asia/Kolkata,chāngsāri arunachal pradesh
Umarkhāngūda,Telangana,17.2655,78.67281,5349,Asia/Kolkata,umarkhāngūda telangana
Lakhi Nepali,Arunachal Pradesh,27.83299,95.22391,5348,Asia/Kolkata,lakhi nepali arunachal pradesh
Jainagar,Unknown,23.65694,85.31988,5347,Asia/Kolkata,jainagar unknown
Sanjali,Goa,21.54827,72.99034,5344,Asia/Kolkata,sanjali goa
Gargeswari,Karnataka,12.23921,76.89453,5343,Asia/Kolkata,gargeswari karnataka
Bānkoli,Delhi,28.81204,77.14123,5339,Asia/Kolkata,bānkoli delhi
Chennagiri,Tamil Nadu,11.53601,78.06805,5338,Asia/Kolkata,chennagiri tamil nadu
Kiyamgei,Manipur,24.74468,93.93819,5336,Asia/Kolkata,kiyamgei manipur
Tinpahār,Unknown,24.98333,87.73333,5336,Asia/Kolkata,tinpahār unknown
Jogindarnagar,Haryana,31.98727,76.78906,5335,Asia/Kolkata,jogindarnagar haryana
Vānāpādi,Tamil Nadu,12.96217,79.3284,5334,Asia/Kolkata,vānāpādi tamil nadu
Nai-Ledri,Unknown,23.17711,82.19921,5334,Asia/Kolkata,nai-ledri unknown
Bhāgīrathpur,Bihar,25.89369,85.77625,5323,Asia/Kolkata,bhāgīrathpur bihar
Toramangalam,Tamil Nadu,11.69301,77.90311,5322,Asia/Kolkata,toramangalam tamil nadu
Kīlvayattanānkuppam,Tamil Nadu,12.95549,78.98686,5321,Asia/Kolkata,kīlvayattanānkuppam tamil nadu
Bhardua,Bihar,24.92002,83.79478,5317,Asia/Kolkata,bhardua bihar
Desūr,Tamil Nadu,12.43727,79.48145,5312,Asia/Kolkata,desūr tamil nadu
Singhesar Asthan,Bihar,25.98245,86.7945,5298,Asia/Kolkata,singhesar asthan bihar
Marār,Unknown,23.67119,85.50839,5298,Asia/Kolkata,marār unknown
Patrodih,Unknown,24.15842,86.31713,5293,Asia/Kolkata,patrodih unknown
Dharampur,Bihar,25.87547,85.76857,5291,Asia/Kolkata,dharampur bihar
Mātherān,Maharashtra,18.98281,73.2652,5287,Asia/Kolkata,mātherān maharashtra
Digheli,Arunachal Pradesh,26.44009,91.45627,5285,Asia/Kolkata,digheli arunachal pradesh
Cherra,Unknown,24.0124,85.75,5279,Asia/Kolkata,cherra unknown
Kizhuppillikkara,Kerala,10.39668,76.14069,5275,Asia/Kolkata,kizhuppillikkara kerala
Padoli,Maharashtra,19.99973,79.26233,5275,Asia/Kolkata,padoli maharashtra
Kanadukattan,Tamil Nadu,10.17209,78.77935,5275,Asia/Kolkata,kanadukattan tamil nadu
Lebachhara,Tripura,23.39568,91.73381,5273,Asia/Kolkata,lebachhara tripura
Sinduria,Unknown,24.38999,83.60368,5262,Asia/Kolkata,sinduria unknown
Sāja,Unknown,21.66667,81.31667,5257,Asia/Kolkata,sāja unknown
Bungal,Punjab,32.31388,75.74908,5257,Asia/Kolkata,bungal punjab
Gopināthpur,Unknown,22.66301,86.075,5255,Asia/Kolkata,gopināthpur unknown
Kharbav,Maharashtra,19.29698,72.99631,5250,Asia/Kolkata,kharbav maharashtra
Dāmalerimuttūr,Tamil Nadu,12.53613,78.56657,5250,Asia/Kolkata,dāmalerimuttūr tamil nadu
Madhogarh,Madhya Pradesh,24.56401,80.91126,5249,Asia/Kolkata,madhogarh madhya pradesh
Borgolai Grant No.11,Arunachal Pradesh,27.28698,95.71546,5241,Asia/Kolkata,borgolai grant no.11 arunachal pradesh
Toto,Unknown,23.13336,84.52796,5237,Asia/Kolkata,toto unknown
Bongabār,Unknown,23.70092,85.52388,5236,Asia/Kolkata,bongabār unknown
Malicherla,Andhra Pradesh,18.07098,83.40023,5229,Asia/Kolkata,malicherla andhra pradesh
Ratnu Chak,Jammu and Kashmir,32.66668,74.92668,5228,Asia/Kolkata,ratnu chak jammu and kashmir
Tamgaon,Maharashtra,16.64837,74.29912,5223,Asia/Kolkata,tamgaon maharashtra
Mubārikpur,Punjab,30.61464,76.85586,5217,Asia/Kolkata,mubārikpur punjab
Kasauli,Haryana,30.89856,76.96587,5215,Asia/Kolkata,kasauli haryana
Irbā,Unknown,23.45528,85.44045,5210,Asia/Kolkata,irbā unknown
Rāīwāla Bara,Uttarakhand,30.01864,78.2293,5198,Asia/Kolkata,rāīwāla bara uttarakhand
Mohana,Odisha,19.44273,84.26128,5197,Asia/Kolkata,mohana odisha
Mahuda,Unknown,23.72535,86.27694,5196,Asia/Kolkata,mahuda unknown
Rāmnagar,West Bengal,22.77778,88.24639,5195,Asia/Kolkata,rāmnagar west bengal
Uttar Krishnapur Pt III,Arunachal Pradesh,24.77592,92.79242,5187,Asia/Kolkata,uttar krishnapur pt iii arunachal pradesh
Bāra,Bihar,24.80579,84.78991,5185,Asia/Kolkata,bāra bihar
Niz-Bahjani,Arunachal Pradesh,26.38059,91.41588,5183,Asia/Kolkata,niz-bahjani arunachal pradesh
Gunpuram,Telangana,18.61089,78.19409,5182,Asia/Kolkata,gunpuram telangana
Garhi,Rajasthan,23.59014,74.14818,5180,Asia/Kolkata,garhi rajasthan
Mettamalai,Tamil Nadu,9.39554,77.89459,5175,Asia/Kolkata,mettamalai tamil nadu
Aruvankad,Tamil Nadu,11.36315,76.7579,5175,Asia/Kolkata,aruvankad tamil nadu
Mangampeta,Andhra Pradesh,14.01578,79.3137,5175,Asia/Kolkata,mangampeta andhra pradesh
Bhim Kanari,Unknown,23.79779,86.19494,5170,Asia/Kolkata,bhim kanari unknown
Diguvametta,Andhra Pradesh,15.39507,78.8293,5166,Asia/Kolkata,diguvametta andhra pradesh
Berla,Unknown,21.52585,81.4784,5165,Asia/Kolkata,berla unknown
Chinna Kalaiyamputtūr,Tamil Nadu,10.47144,77.46575,5162,Asia/Kolkata,chinna kalaiyamputtūr tamil nadu
Chikhaldara,Maharashtra,21.40038,77.31865,5158,Asia/Kolkata,chikhaldara maharashtra
Samangaon,Maharashtra,19.9683,73.87556,5156,Asia/Kolkata,samangaon maharashtra
Bhainsa,Madhya Pradesh,23.86475,78.72999,5144,Asia/Kolkata,bhainsa madhya pradesh
Hirmi,Unknown,21.53864,81.94025,5139,Asia/Kolkata,hirmi unknown
Badakodanda,Odisha,19.93739,84.55062,5137,Asia/Kolkata,badakodanda odisha
Kasipet,Telangana,19.02701,79.43806,5133,Asia/Kolkata,kasipet telangana
Shuganu,Manipur,24.29546,93.87372,5132,Asia/Kolkata,shuganu manipur
Prisal,Jammu and Kashmir,33.75581,75.04211,5132,Asia/Kolkata,prisal jammu and kashmir
Talwara,Jammu and Kashmir,33.1048,74.79283,5125,Asia/Kolkata,talwara jammu and kashmir
Koppa,Karnataka,13.53044,75.36329,5124,Asia/Kolkata,koppa karnataka
Kūttankuli,Tamil Nadu,8.21743,77.78109,5118,Asia/Kolkata,kūttankuli tamil nadu
Kālāigaon,Arunachal Pradesh,26.5741,91.97605,5112,Asia/Kolkata,kālāigaon arunachal pradesh
Termi,Unknown,23.76998,86.06233,5111,Asia/Kolkata,termi unknown
Barla,Rajasthan,26.42989,74.72707,5111,Asia/Kolkata,barla rajasthan
Chandrapur Baghicha,Arunachal Pradesh,26.23772,91.92913,5106,Asia/Kolkata,chandrapur baghicha arunachal pradesh
Sanvordem,Goa,15.26269,74.11965,5103,Asia/Kolkata,sanvordem goa
Joshipur,Odisha,21.96265,86.07509,5101,Asia/Kolkata,joshipur odisha
Rawān,Unknown,21.68405,82.08741,5100,Asia/Kolkata,rawān unknown
Charingia Gaon,Arunachal Pradesh,26.73342,94.14595,5094,Asia/Kolkata,charingia gaon arunachal pradesh
Lido Tikok,Arunachal Pradesh,27.288,95.73579,5091,Asia/Kolkata,lido tikok arunachal pradesh
Mosli Pt I,Arunachal Pradesh,24.85954,92.47748,5087,Asia/Kolkata,mosli pt i arunachal pradesh
Lakema,Nagaland,25.56743,93.76056,5084,Asia/Kolkata,lakema nagaland
Dudpatil I,Arunachal Pradesh,24.91088,92.79043,5083,Asia/Kolkata,dudpatil i arunachal pradesh
Thariāl,Punjab,32.3544,75.60668,5081,Asia/Kolkata,thariāl punjab
Taping,Unknown,23.83685,85.49454,5080,Asia/Kolkata,taping unknown
Bhandārdaha,West Bengal,22.61476,88.1919,5079,Asia/Kolkata,bhandārdaha west bengal
Nallippālaiyam,Tamil Nadu,11.23884,78.14948,5078,Asia/Kolkata,nallippālaiyam tamil nadu
Arempudi,Andhra Pradesh,17.26963,82.37514,5073,Asia/Kolkata,arempudi andhra pradesh
Subulia,Odisha,20.89586,84.16934,5072,Asia/Kolkata,subulia odisha
Manethi,Gujarat,28.15824,76.38904,5070,Asia/Kolkata,manethi gujarat
Vellarivalli,Tamil Nadu,11.26719,77.45525,5070,Asia/Kolkata,vellarivalli tamil nadu
Budhpura,Rajasthan,25.11275,75.45836,5070,Asia/Kolkata,budhpura rajasthan
Dhatau,Maharashtra,18.42798,73.15141,5066,Asia/Kolkata,dhatau maharashtra
Sengmai,Manipur,24.94563,93.8814,5065,Asia/Kolkata,sengmai manipur
Sihāsa,Madhya Pradesh,22.70253,75.77875,5050,Asia/Kolkata,sihāsa madhya pradesh
Khotran,Punjab,31.20128,75.80148,5046,Asia/Kolkata,khotran punjab
Kalparapatti,Tamil Nadu,11.58458,78.02721,5046,Asia/Kolkata,kalparapatti tamil nadu
Rangāpuram,Tamil Nadu,13.14483,79.39768,5044,Asia/Kolkata,rangāpuram tamil nadu
Nerul,Goa,15.51031,73.78087,5042,Asia/Kolkata,nerul goa
Manjakollai,Tamil Nadu,10.75551,79.82042,5040,Asia/Kolkata,manjakollai tamil nadu
Kurukkuppatti,Tamil Nadu,11.6937,77.98087,5037,Asia/Kolkata,kurukkuppatti tamil nadu
Vithal Udyognagar INA,Goa,22.53396,72.92538,5035,Asia/Kolkata,vithal udyognagar ina goa
Ambepur,Maharashtra,18.68826,72.98553,5035,Asia/Kolkata,ambepur maharashtra
Majhiāri,Jammu and Kashmir,33.59694,74.22526,5033,Asia/Kolkata,majhiāri jammu and kashmir
Kāliapāni,Odisha,21.05172,85.77722,5028,Asia/Kolkata,kāliapāni odisha
Topa,Unknown,23.73622,85.47291,5028,Asia/Kolkata,topa unknown
Chembagarāmanpudūr,Tamil Nadu,8.24612,77.49071,5028,Asia/Kolkata,chembagarāmanpudūr tamil nadu
Kovilpālaiyam,Tamil Nadu,10.73838,77.03456,5025,Asia/Kolkata,kovilpālaiyam tamil nadu
Kānwāla,Gujarat,30.34781,76.79448,5024,Asia/Kolkata,kānwāla gujarat
Pālūru,Odisha,19.46667,85.13333,5019,Asia/Kolkata,pālūru odisha
Mūdabettu,Karnataka,13.26776,74.74805,5018,Asia/Kolkata,mūdabettu karnataka
Naubaisa Goan,Arunachal Pradesh,26.79552,94.21591,5015,Asia/Kolkata,naubaisa goan arunachal pradesh
Dadhapatna,Odisha,20.41129,85.82704,5005,Asia/Kolkata,dadhapatna odisha
Bowluvada,Andhra Pradesh,17.74546,82.98858,5001,Asia/Kolkata,bowluvada andhra pradesh
Kotla,Haryana,32.25,76.03333,5000,Asia/Kolkata,kotla haryana
